customerid,salespersonid,average,sum
30118,277.0,35369.828450000000,70739.6569
30118,275.0,34638.152183333333,207828.9131
30117,275.0,77171.792833333333,463030.7570
30117,277.0,58954.136550000000,353724.8193
30116,276.0,46778.550275000000,187114.2011
30115,289.0,1114.6949250000000000,8917.5594
30114,290.0,1456.6238875000000000,11652.9911
30113,282.0,34148.236350000000,273185.8908
30112,284.0,54909.378542857143,384365.6498
30112,280.0,93591.621700000000,93591.6217
30111,277.0,69131.600775000000,276526.4031
30110,276.0,406.3188750000000000,1625.2755
30109,275.0,59857.260500000000,119714.5210
30109,277.0,36114.523283333333,216687.1397
30108,289.0,36150.645400000000,144602.5816
30107,276.0,48090.797691666667,577089.5723
30106,277.0,14809.779466666667,88858.6768
30106,275.0,6172.4534000000000000,12344.9068
30105,284.0,20957.898814285714,146705.2917
30105,280.0,26523.002700000000,26523.0027
30104,282.0,1549.0503333333333333,4647.1510
30104,287.0,968.4284000000000000,968.4284
30103,290.0,80468.236975000000,643745.8958
30102,282.0,1569.6052750000000000,6278.4211
30101,290.0,36990.948350000000,147963.7934
30100,276.0,22077.704475000000,88310.8179
30099,279.0,1295.9880000000000000,1295.9880
30098,278.0,29.0345000000000000,58.0690
30097,286.0,26690.271950000000,106761.0878
30096,274.0,26305.464300000000,26305.4643
30096,275.0,16649.775200000000,33299.5504
30096,277.0,12019.884000000000,72119.3040
30095,275.0,22399.202250000000,134395.2135
30095,277.0,15670.788733333333,94024.7324
30094,276.0,42367.400012500000,338939.2001
30093,278.0,24591.853900000000,98367.4156
30092,286.0,28771.408800000000,115085.6352
30091,275.0,21237.187500000000,84948.7500
30091,277.0,824.2806750000000000,3297.1227
30090,277.0,20864.277225000000,83457.1089
30089,276.0,1306.8735000000000000,5227.4940
30088,279.0,18174.540275000000,72698.1611
30087,278.0,25557.602975000000,102230.4119
30086,288.0,1172.2815000000000000,4689.1260
30085,277.0,678.6424666666666667,4071.8548
30085,275.0,153.4330500000000000,306.8661
30084,279.0,1036.0954750000000000,8288.7638
30083,289.0,50003.341500000000,200013.3660
30082,288.0,29332.114025000000,117328.4561
30081,277.0,149.8740000000000000,149.8740
30080,283.0,430.5960000000000000,1291.7880
30079,288.0,508.4640000000000000,1525.3920
30078,277.0,1.37400000000000000000,1.3740
30077,279.0,165.2310000000000000,165.2310
30076,281.0,22347.171216666667,268166.0546
30075,279.0,31407.804814285714,219854.6337
30075,274.0,29524.050100000000,29524.0501
30074,289.0,92896.779650000000,371587.1186
30074,282.0,21696.517525000000,86786.0701
30073,290.0,27931.245966666667,83793.7379
30073,287.0,21595.368000000000,21595.3680
30072,282.0,113.3840000000000000,340.1520
30071,284.0,40277.342050000000,161109.3682
30070,280.0,53437.999175000000,213751.9967
30069,281.0,1159.1055000000000000,4636.4220
30068,279.0,340.9520000000000000,1022.8560
30068,274.0,37.2540000000000000,37.2540
30067,289.0,33039.261625000000,264314.0930
30067,282.0,32045.446475000000,128181.7859
30066,287.0,283.9489000000000000,283.9489
30066,288.0,521.0380000000000000,1563.1140
30065,277.0,35148.299550000000,210889.7973
30065,275.0,38968.656250000000,77937.3125
30064,283.0,700.6715666666666667,4204.0294
30063,281.0,26778.832825000000,107115.3313
30062,279.0,355.4820000000000000,1066.4460
30061,275.0,3017.8281000000000000,12071.3124
30060,275.0,45212.146900000000,90424.2938
30060,277.0,9305.3800500000000000,55832.2803
30059,286.0,36351.934850000000,145407.7394
30058,278.0,1392.3413125000000000,11138.7305
30057,279.0,1018.0940800000000000,5090.4704
30056,276.0,35218.628500000000,140874.5140
30055,275.0,32481.278900000000,194887.6734
30055,277.0,39753.940150000000,79507.8803
30054,277.0,4405.8243000000000000,17623.2972
30053,278.0,1880.4036000000000000,5641.2108
30052,276.0,4853.4972250000000000,19413.9889
30051,284.0,40962.971625000000,163851.8865
30050,287.0,71884.607800000000,71884.6078
30050,282.0,69676.619742857143,487736.3382
30049,290.0,51160.975200000000,409287.8016
30048,289.0,75319.986562500000,602559.8925
30047,276.0,4133.4223000000000000,28933.9561
30046,275.0,56436.713533333333,338620.2812
30046,277.0,39908.124350000000,79816.2487
30045,280.0,48541.831300000000,48541.8313
30045,284.0,33080.794400000000,99242.3832
30044,287.0,53170.047900000000,53170.0479
30044,282.0,29554.740766666667,88664.2223
30043,290.0,40027.693687500000,320221.5495
30042,282.0,1957.0440000000000000,7828.1760
30042,289.0,604.0097714285714286,4228.0684
30041,279.0,1209.4108000000000000,2418.8216
30040,276.0,469.7940000000000000,939.5880
30039,275.0,6439.3077333333333333,38635.8464
30039,277.0,5490.9719500000000000,10981.9439
30038,286.0,745.7547250000000000,2983.0189
30037,278.0,5687.8714000000000000,45502.9712
30036,276.0,406.8188000000000000,1220.4564
30035,275.0,4693.1706000000000000,18772.6824
30034,284.0,6171.0375000000000000,24684.1500
30033,276.0,1120.3692250000000000,4481.4769
30032,275.0,1236.1553500000000000,2472.3107
30031,284.0,2588.7837250000000000,10355.1349
30030,287.0,7735.2962500000000000,15470.5925
30030,282.0,7576.2129000000000000,45457.2774
30029,289.0,7595.1940250000000000,60761.5522
30028,276.0,2934.9698500000000000,11739.8794
30027,276.0,5630.7954750000000000,22523.1819
30026,290.0,11698.921800000000,81892.4526
30026,287.0,6556.4700000000000000,6556.4700
30025,282.0,29.6670000000000000,59.3340
30024,274.0,4424.9400000000000000,4424.9400
30024,284.0,1974.7285000000000000,5924.1855
30023,275.0,822.3605400000000000,4111.8027
30023,277.0,2952.2699500000000000,5904.5399
30022,276.0,2900.0089363636363636,31900.0983
30021,289.0,2819.2995000000000000,11277.1980
30020,287.0,13938.8700000000000000,13938.8700
30020,290.0,17395.815300000000,52187.4459
30019,287.0,1502.9869000000000000,1502.9869
30019,282.0,2950.2804000000000000,20651.9628
30018,284.0,290.2991000000000000,1741.7946
30018,280.0,630.7041000000000000,1261.4082
30017,279.0,3650.7798500000000000,14603.1194
30016,278.0,1229.4589000000000000,1229.4589
30015,285.0,16317.5880000000000000,16317.5880
30015,286.0,14248.765700000000,42746.2971
30014,277.0,17107.770425000000,68431.0817
30013,279.0,5002.4281666666666667,15007.2845
30012,276.0,1620.9830571428571429,11346.8814
30011,279.0,7578.1768636363636364,83359.9455
30010,278.0,647.1264500000000000,1294.2529
30009,277.0,15433.574583333333,92601.4475
30009,275.0,16179.890400000000,32359.7808
30008,275.0,2228.5200000000000000,11142.6000
30007,289.0,3347.2517750000000000,26778.0142
30006,290.0,721.9296333333333333,2165.7889
30005,282.0,23902.086000000000,47804.1720
30005,287.0,24684.625600000000,49369.2512
30004,284.0,437.8156333333333333,1313.4469
30004,280.0,26940.327225000000,107761.3089
30003,277.0,4072.4880000000000000,8144.9760
30003,275.0,1286.4439000000000000,2572.8878
30002,277.0,473.3760000000000000,1893.5040
30001,288.0,769.0860000000000000,1538.1720
30000,289.0,59102.381712500000,472819.0537
29999,279.0,323.0434800000000000,1615.2174
29998,281.0,88701.311925000000,354805.2477
29997,283.0,67068.264937500000,536546.1195
29996,277.0,33607.770900000000,201646.6254
29996,274.0,48693.975100000000,48693.9751
29996,275.0,36304.538000000000,36304.5380
29995,288.0,84439.182900000000,337756.7316
29994,282.0,36561.930350000000,146247.7214
29994,289.0,73068.874062500000,584550.9925
29993,279.0,443.1079000000000000,1772.4316
29992,274.0,42653.941100000000,42653.9411
29992,281.0,35126.993800000000,386396.9318
29991,284.0,796.4639571428571429,5575.2477
29990,282.0,801.7265400000000000,4008.6327
29990,287.0,672.2940000000000000,672.2940
29989,290.0,433.1835000000000000,1732.7340
29988,289.0,4210.4155750000000000,16841.6623
29988,282.0,1246.4396000000000000,4985.7584
29987,276.0,94803.536466666667,284410.6094
29987,274.0,70731.371300000000,70731.3713
29986,287.0,8724.1741000000000000,8724.1741
29986,290.0,3854.3678285714285714,26980.5748
29985,287.0,11230.8644000000000000,22461.7288
29985,282.0,6653.0653833333333333,39918.3923
29984,290.0,5104.3149500000000000,20417.2598
29983,289.0,2347.4781375000000000,18779.8251
29982,276.0,2886.5251181818181818,31751.7763
29981,280.0,12180.5697500000000000,24361.1395
29981,284.0,10214.3828833333333333,61286.2973
29980,282.0,404.5982500000000000,1618.3930
29979,287.0,10284.1936000000000000,10284.1936
29979,290.0,7963.5760000000000000,23890.7280
29978,282.0,221.9850000000000000,443.9700
29977,290.0,3727.7840000000000000,11183.3520
29977,287.0,1544.9700000000000000,1544.9700
29976,279.0,4290.7379250000000000,17162.9517
29975,276.0,5660.9603250000000000,45287.6826
29974,275.0,41.9940000000000000,41.9940
29974,277.0,19356.649700000000,77426.5988
29973,277.0,3557.2245000000000000,7114.4490
29973,275.0,4647.7529800000000000,23238.7649
29972,286.0,14624.670000000000,43874.0100
29972,285.0,17746.2521000000000000,17746.2521
29971,278.0,1412.7805000000000000,8476.6830
29970,286.0,6665.4075250000000000,26661.6301
29969,278.0,4161.7566833333333333,24970.5401
29968,279.0,13556.474727272727,149121.2220
29967,277.0,36558.389950000000,146233.5598
29966,275.0,51133.477916666667,306800.8675
29966,277.0,38454.538050000000,230727.2283
29965,286.0,2226.0360000000000000,6678.1080
29964,278.0,35485.411925000000,141941.6477
29963,279.0,18607.116241666667,223285.3949
29962,277.0,2587.6738000000000000,5175.3476
29962,275.0,903.8658166666666667,5423.1949
29961,275.0,11051.6784000000000000,66310.0704
29961,277.0,1145.9439250000000000,4583.7757
29960,286.0,1064.4042000000000000,4257.6168
29959,278.0,785.9729875000000000,6287.7839
29958,279.0,17149.887622222222,154348.9886
29957,276.0,79528.308725000000,636226.4698
29956,277.0,44844.993250000000,89689.9865
29956,275.0,34023.200050000000,204139.2003
29955,277.0,26622.773033333333,159736.6382
29955,275.0,35653.637916666667,213921.8275
29954,275.0,33145.685500000000,66291.3710
29954,277.0,56769.989900000000,113539.9798
29953,280.0,40399.577900000000,40399.5779
29953,284.0,30183.172200000000,90549.5166
29952,282.0,1539.1409400000000000,7695.7047
29951,290.0,14281.244342857143,99968.7104
29950,282.0,28221.071025000000,112884.2841
29950,289.0,35583.623325000000,284668.9866
29949,274.0,2458.9178000000000000,2458.9178
29949,276.0,368.7580428571428571,2581.3063
29948,275.0,3323.0156000000000000,9969.0468
29947,277.0,22533.268166666667,135199.6090
29947,275.0,42844.619850000000,85689.2397
29946,278.0,19175.295787500000,153402.3663
29945,279.0,15074.121309090909,165815.3344
29944,276.0,2573.2292000000000000,7719.6876
29943,275.0,976.8496000000000000,2930.5488
29942,284.0,37147.013175000000,148588.0527
29941,282.0,39239.291500000000,156957.1660
29940,290.0,97760.147325000000,391040.5893
29939,289.0,2511.0228750000000000,10044.0915
29938,276.0,31012.227216666667,372146.7266
29937,275.0,23045.564600000000,46091.1292
29937,277.0,46162.509300000000,92325.0186
29936,284.0,1177.1232250000000000,4708.4929
29935,276.0,33582.599562500000,268660.7965
29934,289.0,202.3320000000000000,202.3320
29933,290.0,186.7840000000000000,560.3520
29932,282.0,50472.165825000000,201888.6633
29931,284.0,28883.318975000000,115533.2759
29930,277.0,473.4800500000000000,1893.9202
29930,275.0,45.0000000000000000,45.0000
29929,276.0,43667.763475000000,349342.1078
29928,289.0,22969.781000000000,91879.1240
29927,290.0,336.3168000000000000,1681.5840
29927,287.0,1387.4737500000000000,2774.9475
29926,282.0,1466.0100000000000000,2932.0200
29926,287.0,356.8980000000000000,356.8980
29925,280.0,32368.157120000000,161840.7856
29925,284.0,236.2530000000000000,472.5060
29924,276.0,71504.389012500000,572035.1121
29923,290.0,109230.413700000000,436921.6548
29922,282.0,27953.175533333333,83859.5266
29922,287.0,33631.898200000000,33631.8982
29921,280.0,48314.667700000000,193258.6708
29920,277.0,787.7956000000000000,1575.5912
29920,275.0,325.9854666666666667,1955.9128
29919,276.0,57092.434325000000,456739.4746
29918,289.0,31448.449800000000,125793.7992
29917,288.0,51876.024400000000,103752.0488
29917,287.0,58372.320000000000,116744.6400
29916,277.0,59963.279750000000,239853.1190
29915,280.0,23821.190671428571,166748.3347
29915,283.0,2739.6983000000000000,5479.3966
29914,281.0,1975.2620666666666667,5925.7862
29913,276.0,83952.253687500000,671618.0295
29912,279.0,20459.650925000000,81838.6037
29911,278.0,32094.027400000000,128376.1096
29910,289.0,36529.356850000000,292234.8548
29909,290.0,31746.607225000000,253972.8578
29908,282.0,155.3000000000000000,465.9000
29907,284.0,28225.061975000000,112900.2479
29906,277.0,21872.838750000000,87491.3550
29905,282.0,629.1883500000000000,1258.3767
29904,282.0,37755.471600000000,302043.7728
29903,280.0,3147.5673000000000000,3147.5673
29903,284.0,1871.8882500000000000,11231.3295
29902,275.0,306.8160000000000000,920.4480
29902,277.0,397.1233500000000000,794.2467
29901,276.0,35657.569725000000,427890.8367
29900,289.0,379.4697500000000000,758.9395
29899,290.0,33209.592000000000,132838.3680
29898,280.0,37209.423725000000,148837.6949
29897,281.0,3231.8747083333333333,38782.4965
29896,279.0,36701.339450000000,293610.7156
29895,289.0,39772.199062500000,318177.5925
29894,288.0,29138.310000000000,116553.2400
29893,281.0,1020.5940000000000000,1020.5940
29892,289.0,550.6735000000000000,2753.3675
29892,282.0,24779.464775000000,99117.8591
29891,277.0,30320.689450000000,181924.1367
29891,275.0,33222.340050000000,66444.6801
29890,283.0,1642.1711375000000000,13137.3691
29889,281.0,35871.510812500000,286972.0865
29888,279.0,32951.094241666667,395413.1309
29887,288.0,2145.7365000000000000,8582.9460
29886,275.0,57.6808000000000000,57.6808
29885,283.0,48389.793850000000,387118.3508
29884,275.0,67.5390000000000000,67.5390
29883,276.0,17440.262860000000,87201.3143
29882,279.0,563.6938250000000000,2254.7753
29881,278.0,556.3320000000000000,2225.3280
29880,279.0,16142.382916666667,193708.5950
29879,289.0,3706.3888625000000000,29651.1109
29878,288.0,7304.5893500000000000,29218.3574
29877,276.0,14693.767250000000,58775.0690
29876,289.0,4787.8925000000000000,19151.5700
29875,290.0,1345.9055166666666667,8075.4331
29874,282.0,5651.5261750000000000,22606.1047
29873,280.0,6066.4671000000000000,6066.4671
29873,284.0,4868.7946857142857143,34081.5628
29872,275.0,253.5240000000000000,507.0480
29872,277.0,2137.0605750000000000,8548.2423
29871,276.0,5321.7645250000000000,21287.0581
29870,289.0,672.2940000000000000,672.2940
29869,290.0,4187.7005000000000000,20938.5025
29869,287.0,2515.7205333333333333,7547.1616
29868,282.0,3304.9860000000000000,13219.9440
29867,280.0,86.5212000000000000,86.5212
29867,274.0,40.3730000000000000,40.3730
29867,284.0,3438.6876600000000000,17193.4383
29866,275.0,323.9940000000000000,323.9940
29866,277.0,8051.4366600000000000,40257.1833
29865,274.0,5255.3088000000000000,5255.3088
29865,276.0,5748.7990363636363636,63236.7894
29864,289.0,1199.9991142857142857,8399.9938
29863,289.0,3056.2197500000000000,12224.8790
29862,276.0,183.9382000000000000,183.9382
29861,277.0,102120.861625000000,408483.4465
29860,282.0,200.0520000000000000,200.0520
29859,277.0,2573.1609500000000000,5146.3219
29858,284.0,107.9880000000000000,107.9880
29858,280.0,1395.3769500000000000,2790.7539
29857,282.0,489.2755200000000000,2446.3776
29856,290.0,6829.2072125000000000,54633.6577
29855,289.0,719.5904000000000000,1439.1808
29855,282.0,2024.9940000000000000,2024.9940
29854,275.0,1601.9730000000000000,6407.8920
29853,276.0,38930.803875000000,311446.4310
29852,289.0,357.2536000000000000,714.5072
29851,282.0,1409.5192800000000000,7047.5964
29850,275.0,1859.0670000000000000,7436.2680
29849,279.0,781.8635166666666667,4691.1811
29849,274.0,600.2625000000000000,600.2625
29848,275.0,1186.9840000000000000,3560.9520
29847,276.0,467.3302666666666667,2803.9816
29846,279.0,8416.7020666666666667,101000.4248
29845,287.0,1701.4860000000000000,1701.4860
29845,288.0,936.5028000000000000,4682.5140
29844,277.0,38401.715400000000,230410.2924
29844,275.0,28616.363233333333,171698.1794
29843,280.0,53994.490575000000,215977.9623
29842,281.0,13886.829620000000,138868.2962
29841,279.0,28112.107750000000,112448.4310
29840,289.0,563.9600000000000000,1691.8800
29839,288.0,798.0927250000000000,3192.3709
29838,277.0,529.2500166666666667,3175.5001
29838,275.0,379.4670000000000000,379.4670
29837,287.0,3088.5979000000000000,6177.1958
29837,288.0,1534.0788666666666667,9204.4732
29836,277.0,67466.195300000000,134932.3906
29836,275.0,62022.145150000000,124044.2903
29835,283.0,747.0304000000000000,5229.2128
29834,281.0,35376.057908333333,424512.6949
29833,279.0,1437.9037750000000000,5751.6151
29832,289.0,198.0360000000000000,198.0360
29832,274.0,469.7940000000000000,469.7940
29831,278.0,352.3860000000000000,352.3860
29830,278.0,3402.2173500000000000,34022.1735
29829,286.0,741.2336333333333333,2223.7009
29829,285.0,445.4100000000000000,445.4100
29828,277.0,13183.755666666667,79102.5340
29828,275.0,39534.473200000000,79068.9464
29827,275.0,72886.630666666667,437319.7840
29827,277.0,45757.496400000000,274544.9784
29826,274.0,383.0520000000000000,383.0520
29826,276.0,1094.0805000000000000,6564.4830
29825,279.0,35225.550191666667,422706.6023
29824,278.0,9858.2920777777777778,88724.6287
29823,285.0,31604.671000000000,31604.6710
29823,286.0,24661.820000000000,73985.4600
29822,278.0,31277.409812500000,250219.2785
29821,285.0,27568.494000000000,27568.4940
29821,286.0,25984.129200000000,77952.3876
29820,277.0,26742.858575000000,106971.4343
29819,275.0,472.3283333333333333,1416.9850
29819,277.0,1051.5921000000000000,2103.1842
29818,276.0,77869.317345454545,856562.4908
29818,274.0,20544.701500000000,20544.7015
29817,279.0,30159.885825000000,120639.5433
29816,283.0,3149.9374250000000000,25199.4994
29815,281.0,10772.2308750000000000,86177.8470
29814,279.0,5545.4322500000000000,22181.7290
29813,282.0,12190.4640000000000000,48761.8560
29812,288.0,944.7266500000000000,7557.8132
29811,277.0,3345.6822333333333333,20074.0934
29811,275.0,21876.160366666667,131256.9622
29810,283.0,9147.0058833333333333,109764.0706
29809,281.0,11816.855225000000,94534.8418
29808,279.0,3750.0868000000000000,11250.2604
29807,282.0,17287.577350000000,69150.3094
29806,274.0,2321.2620000000000000,2321.2620
29806,283.0,2402.9205000000000000,7208.7615
29805,281.0,7514.9143625000000000,60119.3149
29804,279.0,4513.8480000000000000,18055.3920
29803,274.0,4070.6880000000000000,8141.3760
29803,282.0,9941.7377500000000000,19883.4755
29803,289.0,8293.4189250000000000,66347.3514
29802,288.0,144.0000000000000000,144.0000
29801,277.0,6085.6182250000000000,24342.4729
29800,283.0,3233.9779800000000000,16169.8899
29799,281.0,10924.7738000000000000,43699.0952
29798,279.0,8283.1888375000000000,66265.5107
29797,289.0,6537.6920625000000000,52301.5365
29796,282.0,70675.330525000000,282701.3221
29795,290.0,18444.354012500000,147554.8321
29794,282.0,17813.205025000000,71252.8201
29793,276.0,67052.321500000000,268209.2860
29792,275.0,38139.895720000000,190699.4786
29792,274.0,23097.018200000000,23097.0182
29792,277.0,40296.655400000000,80593.3108
29791,275.0,13927.676050000000,55710.7042
29790,286.0,200.0520000000000000,200.0520
29789,278.0,23183.185266666667,278198.2232
29788,274.0,1466.0100000000000000,1466.0100
29788,276.0,649.4266333333333333,3896.5598
29787,283.0,24776.545366666667,148659.2722
29786,290.0,26439.700071428571,185077.9005
29786,287.0,24617.245300000000,24617.2453
29785,282.0,887.7872500000000000,1775.5745
29785,289.0,132.7500000000000000,265.5000
29784,276.0,10411.5261125000000000,83292.2089
29783,276.0,38634.676300000000,309077.4104
29782,277.0,150.1219000000000000,300.2438
29782,275.0,339.7375000000000000,339.7375
29781,276.0,3690.9997000000000000,29527.9976
29780,289.0,6179.8522125000000000,49438.8177
29779,290.0,9871.0789250000000000,39484.3157
29778,282.0,5623.7506875000000000,44990.0055
29777,290.0,1037.3490000000000000,2074.6980
29776,282.0,25820.703800000000,103282.8152
29775,284.0,1113.5747142857142857,7795.0230
29775,280.0,65.6018000000000000,65.6018
29774,277.0,43875.539350000000,175502.1574
29773,280.0,21294.270300000000,85177.0812
29772,275.0,64868.110650000000,389208.6639
29772,277.0,98658.141750000000,197316.2835
29771,276.0,1617.5375333333333333,4852.6126
29771,274.0,2927.7262000000000000,2927.7262
29770,289.0,55482.728050000000,443861.8244
29769,277.0,20343.056475000000,81372.2259
29768,276.0,419.4589000000000000,419.4589
29767,279.0,24.2940000000000000,24.2940
29766,278.0,699.8940000000000000,1399.7880
29765,277.0,1530.7980000000000000,1530.7980
29765,275.0,1195.7407500000000000,2391.4815
29764,277.0,870.7363000000000000,3482.9452
29764,274.0,4194.5890000000000000,4194.5890
29764,275.0,440.0940000000000000,1320.2820
29763,276.0,91.1760000000000000,91.1760
29762,279.0,7379.7418000000000000,29518.9672
29761,278.0,5035.8565750000000000,60430.2789
29760,286.0,1543.6916333333333333,4631.0749
29759,275.0,8161.5806500000000000,32646.3226
29758,275.0,2472.3107000000000000,2472.3107
29758,274.0,1376.9940000000000000,1376.9940
29758,277.0,79.7790000000000000,159.5580
29757,276.0,4853.0055416666666667,58236.0665
29756,279.0,1422.9074666666666667,8537.4448
29755,278.0,4009.9840333333333333,12029.9521
29755,274.0,12206.3640000000000000,12206.3640
29754,285.0,2860.8840000000000000,2860.8840
29753,283.0,1059.7021375000000000,8477.6171
29752,277.0,972.6468000000000000,2917.9404
29751,288.0,1344.5880000000000000,1344.5880
29750,289.0,3606.1456400000000000,18030.7282
29749,279.0,34428.963450000000,137715.8538
29748,281.0,32900.233850000000,131600.9354
29747,283.0,2057.9201666666666667,18521.2815
29746,277.0,14994.5270000000000000,29989.0540
29746,275.0,25456.865533333333,152741.1932
29745,288.0,2565.3235000000000000,15391.9410
29745,287.0,323.9940000000000000,647.9880
29744,276.0,49876.493287500000,399011.9463
29743,277.0,1239.7189000000000000,2479.4378
29743,275.0,19.5330000000000000,39.0660
29742,280.0,34710.210900000000,138840.8436
29741,282.0,474.8288000000000000,1424.4864
29740,282.0,15607.150975000000,62428.6039
29740,289.0,567.9660000000000000,2271.8640
29739,276.0,28573.607225000000,114294.4289
29738,275.0,46464.898900000000,185859.5956
29737,284.0,37024.573075000000,148098.2923
29736,282.0,83326.217833333333,249978.6535
29736,287.0,71774.181200000000,71774.1812
29735,290.0,429.5220000000000000,1718.0880
29734,289.0,35658.616150000000,285268.9292
29734,282.0,32846.138225000000,131384.5529
29733,276.0,720.4043000000000000,1440.8086
29732,275.0,34653.853350000000,207923.1201
29732,277.0,35244.840450000000,70489.6809
29731,275.0,4654.7823500000000000,27928.6941
29731,277.0,3979.0745666666666667,23874.4474
29730,289.0,1839.6717166666666667,11038.0303
29729,279.0,323.9940000000000000,323.9940
29728,281.0,889.2142000000000000,1778.4284
29727,283.0,44516.662525000000,178066.6501
29726,275.0,1409.3820000000000000,1409.3820
29726,277.0,396.0720000000000000,396.0720
29725,288.0,38441.088350000000,153764.3534
29724,275.0,32064.352016666667,192386.1121
29724,277.0,33645.762650000000,201874.5759
29723,288.0,382.0694000000000000,1528.2776
29722,274.0,62711.103900000000,125422.2078
29722,282.0,86605.740166666667,259817.2205
29722,289.0,65238.477485714286,456669.3424
29721,279.0,3351.7584500000000000,40221.1014
29720,281.0,36971.920475000000,147887.6819
29719,283.0,1112.0023666666666667,6672.0142
29719,274.0,971.9820000000000000,971.9820
29718,275.0,14691.055516666667,88146.3331
29718,277.0,1308.9375000000000000,2617.8750
29717,283.0,11219.8131285714285714,78538.6919
29716,274.0,61206.478200000000,61206.4782
29716,281.0,57481.455181818182,632296.0070
29715,279.0,71154.098291666667,853849.1795
29714,289.0,36316.290475000000,290530.3238
29714,282.0,23465.922950000000,93863.6918
29713,282.0,1294.9527250000000000,5179.8109
29712,290.0,72527.791050000000,580222.3284
29711,282.0,4064.9880000000000000,8129.9760
29711,289.0,1324.4295000000000000,5297.7180
29710,276.0,60753.637450000000,243014.5498
29709,280.0,6700.1106000000000000,6700.1106
29709,284.0,4638.7575000000000000,32471.3025
29708,277.0,15404.129200000000,61616.5168
29707,275.0,103299.684900000000,103299.6849
29707,274.0,79994.174300000000,79994.1743
29707,277.0,38901.478283333333,233408.8697
29706,286.0,37249.126600000000,148996.5064
29705,278.0,40228.225408333333,482738.7049
29704,279.0,41832.873237500000,334662.9859
29703,276.0,51631.852087500000,413054.8167
29702,275.0,33087.801516666667,198526.8091
29702,277.0,32890.077250000000,197340.4635
29701,275.0,123303.576500000000,246607.1530
29701,277.0,83285.062716666667,499710.3763
29700,286.0,931.8520000000000000,2795.5560
29700,285.0,54.9420000000000000,54.9420
29699,278.0,28065.931700000000,112263.7268
29698,282.0,18608.944625000000,74435.7785
29698,289.0,26965.393637500000,215723.1491
29697,279.0,722.5949000000000000,722.5949
29696,281.0,10774.6368250000000000,86197.0946
29695,283.0,52200.718300000000,208802.8732
29694,277.0,1116.7077000000000000,4466.8308
29693,288.0,68013.056425000000,272052.2257
29692,289.0,40627.864087500000,325022.9127
29691,274.0,209.2560000000000000,209.2560
29691,279.0,3383.5798333333333333,20301.4790
29690,281.0,34609.212533333333,415310.5504
29689,283.0,66528.094650000000,532224.7572
29688,277.0,122.6952000000000000,245.3904
29688,275.0,3070.8058000000000000,9212.4174
29687,288.0,6606.8430000000000000,26427.3720
29686,281.0,7195.8862000000000000,28783.5448
29685,279.0,10028.9436333333333333,120347.3236
29684,275.0,15174.789500000000,30349.5790
29684,277.0,8630.9996166666666667,51785.9977
29683,283.0,5033.6122250000000000,40268.8978
29682,281.0,1491.8337250000000000,11934.6698
29681,279.0,2558.0161000000000000,12790.0805
29680,282.0,11696.8905000000000000,46787.5620
29680,289.0,4103.9729000000000000,12311.9187
29680,274.0,2709.6518000000000000,2709.6518
29679,288.0,1234.9531142857142857,8644.6718
29678,279.0,3155.3164625000000000,25242.5317
29677,289.0,4406.0956250000000000,35248.7650
29676,288.0,1807.0871428571428571,12649.6100
29675,277.0,1318.8585000000000000,7913.1510
29675,275.0,5879.6697200000000000,29398.3486
29675,274.0,4254.4500000000000000,4254.4500
29674,277.0,603.7116750000000000,2414.8467
29673,276.0,5585.1898250000000000,22340.7593
29672,279.0,474.2968166666666667,2845.7809
29671,278.0,11604.7013333333333333,34814.1040
29671,274.0,11802.5640000000000000,11802.5640
29670,286.0,7711.4023000000000000,30845.6092
29669,277.0,2669.9920000000000000,16019.9520
29669,275.0,4326.7447500000000000,17306.9790
29669,274.0,3962.2441000000000000,3962.2441
29668,277.0,419.4589000000000000,419.4589
29667,279.0,11829.5169750000000000,47318.0679
29666,278.0,15284.650000000000,45853.9500
29666,274.0,15842.6141000000000000,15842.6141
29665,285.0,752.6340000000000000,752.6340
29665,286.0,2949.7780000000000000,8849.3340
29664,275.0,10669.2435000000000000,42676.9740
29663,275.0,8905.0305000000000000,17810.0610
29663,277.0,12003.3283500000000000,24006.6567
29662,276.0,2139.0369333333333333,6417.1108
29661,279.0,12743.978900000000,76463.8734
29660,276.0,45506.265550000000,182025.0622
29659,277.0,8674.0632400000000000,43370.3162
29659,275.0,270.4181000000000000,540.8362
29658,277.0,36238.963933333333,217433.7836
29658,275.0,37397.878450000000,74795.7569
29657,286.0,376.8840000000000000,753.7680
29657,285.0,1376.9940000000000000,1376.9940
29656,286.0,9767.8689750000000000,39071.4759
29655,275.0,12912.120175000000,51648.4807
29654,277.0,9838.2868500000000000,19676.5737
29654,275.0,4148.7062666666666667,24892.2376
29653,276.0,13582.958800000000,54331.8352
29652,285.0,3671.9580000000000000,3671.9580
29652,286.0,2359.1300000000000000,7077.3900
29651,275.0,36836.779850000000,221020.6791
29651,277.0,28627.320583333333,171763.9235
29650,276.0,480.2540000000000000,1440.7620
29650,274.0,83.9880000000000000,83.9880
29649,278.0,32678.721650000000,261429.7732
29648,286.0,851.2683250000000000,3405.0733
29647,275.0,58459.833400000000,116919.6668
29647,277.0,40022.211583333333,240133.2695
29646,277.0,58695.390150000000,352172.3409
29646,275.0,62516.718066666667,375100.3084
29645,284.0,36855.437825000000,147421.7513
29644,282.0,1026.2255285714285714,7183.5787
29643,280.0,51050.842375000000,204203.3695
29642,279.0,13595.629388888889,122360.6645
29641,281.0,133739.069625000000,534956.2785
29640,279.0,601.8732500000000000,3611.2395
29639,289.0,77082.986850000000,616663.8948
29639,282.0,42777.287250000000,171109.1490
29638,276.0,669.1635000000000000,2676.6540
29637,275.0,34157.877083333333,204947.2625
29637,277.0,26175.299266666667,157051.7956
29636,276.0,4989.3636750000000000,19957.4547
29635,275.0,2235.4836833333333333,13412.9021
29635,277.0,5199.1768000000000000,10398.3536
29634,288.0,7662.0234750000000000,30648.0939
29633,277.0,3582.2199400000000000,17911.0997
29633,275.0,7024.6182500000000000,14049.2365
29632,283.0,11236.3668750000000000,44945.4675
29631,281.0,6711.0627500000000000,26844.2510
29630,287.0,65.6018000000000000,65.6018
29630,290.0,736.7064000000000000,3683.5320
29629,289.0,85837.445825000000,343349.7833
29628,286.0,36345.032100000000,145380.1284
29627,278.0,31161.943500000000,249295.5480
29626,279.0,1804.9970428571428571,12634.9793
29625,289.0,42303.055175000000,169212.2207
29624,279.0,107997.887500000000,431991.5500
29623,274.0,1946.0220000000000000,1946.0220
29623,281.0,4354.7040000000000000,8709.4080
29622,283.0,23159.363940000000,231593.6394
29621,279.0,6214.2590000000000000,6214.2590
29620,282.0,11185.0920000000000000,44740.3680
29620,289.0,2681.6061000000000000,21452.8488
29619,275.0,885.1176000000000000,1770.2352
29619,277.0,849.2144600000000000,4246.0723
29618,282.0,39953.230783333333,239719.3847
29618,287.0,34978.225700000000,69956.4514
29617,274.0,99496.675350000000,198993.3507
29617,280.0,42929.234520000000,214646.1726
29617,284.0,65469.262100000000,327346.3105
29616,274.0,69023.160600000000,138046.3212
29616,277.0,100008.016450000000,200016.0329
29616,275.0,69819.525950000000,279278.1038
29615,282.0,74996.299475000000,299985.1979
29614,289.0,76387.833225000000,611102.6658
29614,282.0,47043.807300000000,188175.2292
29613,290.0,7049.5866750000000000,28198.3467
29612,282.0,719.2960000000000000,2157.8880
29611,280.0,3042.6080333333333333,9127.8241
29610,277.0,456.1306500000000000,912.2613
29610,275.0,3081.6319600000000000,15408.1598
29609,287.0,68473.287300000000,68473.2873
29609,288.0,39247.926933333333,117743.7808
29608,289.0,49112.359375000000,196449.4375
29607,288.0,228.5820000000000000,228.5820
29606,283.0,1423.7046400000000000,14237.0464
29605,274.0,29482.060300000000,29482.0603
29605,281.0,31202.672242857143,218418.7057
29604,279.0,342.9424285714285714,2400.5970
29604,274.0,647.9940000000000000,647.9940
29603,289.0,653.0640000000000000,2612.2560
29602,286.0,1638.6204000000000000,4915.8612
29602,285.0,3490.6080000000000000,3490.6080
29601,278.0,33625.912725000000,269007.3018
29600,275.0,7561.7388000000000000,15123.4776
29600,277.0,2458.9178000000000000,2458.9178
29599,283.0,1160.3963000000000000,6962.3778
29598,281.0,5149.4440625000000000,41195.5525
29597,279.0,2533.9587000000000000,10135.8348
29596,282.0,9162.4977000000000000,36649.9908
29595,286.0,29075.236825000000,116300.9473
29594,277.0,91262.875750000000,182525.7515
29594,275.0,87591.511600000000,175183.0232
29593,275.0,3330.7232666666666667,19984.3396
29593,277.0,1011.7380000000000000,2023.4760
29592,275.0,6936.0012166666666667,41616.0073
29592,277.0,10995.9436166666666667,65975.6617
29591,275.0,4630.0652000000000000,18520.2608
29590,277.0,1055.3989166666666667,6332.3935
29590,275.0,2554.0856000000000000,2554.0856
29589,288.0,49331.896275000000,197327.5851
29588,280.0,551.4819333333333333,1654.4458
29588,284.0,1952.1108142857142857,13664.7757
29587,282.0,44325.915625000000,354607.3250
29586,288.0,5622.0695875000000000,44976.5567
29585,283.0,419.4589000000000000,419.4589
29584,276.0,825.2789571428571429,5776.9527
29583,275.0,376.8060000000000000,1130.4180
29583,277.0,1127.4749000000000000,2254.9498
29582,280.0,38327.644675000000,153310.5787
29581,277.0,735.9230333333333333,2207.7691
29581,275.0,15361.038850000000,92166.2331
29580,283.0,60358.303041666667,724299.6365
29579,281.0,35567.710014285714,248973.9701
29579,274.0,35331.660000000000,35331.6600
29578,279.0,323.9940000000000000,323.9940
29577,278.0,5428.3655666666666667,65140.3868
29576,289.0,1103.4113000000000000,7723.8791
29576,274.0,53.9940000000000000,53.9940
29575,290.0,190.5960000000000000,381.1920
29574,275.0,1785.6197333333333333,10713.7184
29574,277.0,3843.4360500000000000,7686.8721
29573,276.0,2073.6842000000000000,6221.0526
29572,279.0,4358.2990000000000000,17433.1960
29571,280.0,12268.850840000000,61344.2542
29571,284.0,4853.9211142857142857,33977.4478
29570,277.0,3556.1092166666666667,21336.6553
29570,275.0,5592.3194333333333333,33553.9166
29569,277.0,1726.8259750000000000,6907.3039
29569,275.0,2405.3351333333333333,14432.0108
29568,276.0,1771.9648625000000000,14175.7189
29567,289.0,749.8665000000000000,2999.4660
29566,275.0,6639.7305000000000000,26558.9220
29565,276.0,614.8154375000000000,4918.5235
29564,290.0,70936.470700000000,283745.8828
29563,279.0,46209.332475000000,184837.3299
29562,281.0,73189.554100000000,585516.4328
29561,279.0,38706.677075000000,154826.7083
29560,281.0,39540.476475000000,316323.8118
29559,280.0,55414.514075000000,443316.1126
29558,282.0,8634.4245000000000000,34537.6980
29558,289.0,2246.3763400000000000,11231.8817
29557,278.0,49450.264000000000,197801.0560
29556,286.0,2938.4840000000000000,8815.4520
29556,285.0,2860.8840000000000000,2860.8840
29555,275.0,3333.3837000000000000,13333.5348
29555,277.0,323.9940000000000000,323.9940
29554,277.0,1310.5820000000000000,3931.7460
29554,275.0,2214.6577000000000000,11073.2885
29553,275.0,5311.1355000000000000,21244.5420
29552,288.0,33035.926575000000,132143.7063
29551,277.0,31673.310550000000,126693.2422
29550,283.0,54163.405775000000,216653.6231
29549,279.0,26526.104575000000,212208.8366
29548,278.0,1134.4093500000000000,4537.6374
29547,286.0,1096.3060000000000000,3288.9180
29546,282.0,60648.511842857143,424539.5829
29546,287.0,49862.269900000000,49862.2699
29545,284.0,249.5400000000000000,249.5400
29544,278.0,7415.5623500000000000,59324.4988
29543,275.0,25395.450650000000,50790.9013
29543,277.0,39014.194966666667,234085.1698
29542,288.0,1351.0512000000000000,5404.2048
29541,289.0,630.8657333333333333,1892.5972
29541,282.0,1041.3374000000000000,2082.6748
29540,279.0,6672.0488875000000000,53376.3911
29539,278.0,4996.5022750000000000,59958.0273
29538,286.0,16851.511400000000,67406.0456
29537,286.0,1003.1800000000000000,3009.5400
29536,277.0,295.3071000000000000,590.6142
29536,275.0,383.0520000000000000,383.0520
29535,277.0,2490.3077000000000000,4980.6154
29535,275.0,1510.2443000000000000,9061.4658
29534,279.0,28162.997075000000,112651.9883
29533,275.0,6263.6974500000000000,37582.1847
29533,277.0,7544.0092666666666667,45264.0556
29532,283.0,2485.7036000000000000,2485.7036
29531,276.0,9135.9499818181818182,100495.4498
29530,278.0,2758.9558250000000000,11035.8233
29529,286.0,2353.3380000000000000,9413.3520
29528,275.0,392.1003500000000000,784.2007
29528,277.0,23887.611000000000,143325.6660
29527,289.0,4500.4302000000000000,18001.7208
29526,288.0,14032.517275000000,56130.0691
29525,276.0,65380.581725000000,261522.3269
29524,275.0,45265.678200000000,181062.7128
29523,275.0,51277.712460000000,256388.5623
29523,277.0,54646.383400000000,327878.3004
29523,274.0,34349.265600000000,34349.2656
29522,276.0,41030.230283333333,492362.7634
29521,281.0,15403.853008333333,184846.2361
29520,279.0,5331.2994125000000000,42650.3953
29519,279.0,5465.0340000000000000,21860.1360
29518,279.0,2468.7641400000000000,12343.8207
29517,277.0,3993.3258750000000000,15973.3035
29516,286.0,825.9744500000000000,3303.8978
29515,278.0,36186.150462500000,289489.2037
29514,274.0,3405.1668000000000000,3405.1668
29514,279.0,1298.5540000000000000,3895.6620
29513,279.0,48605.784250000000,194423.1370
29512,286.0,1336.2300000000000000,1336.2300
29512,285.0,2000.4560000000000000,6001.3680
29511,276.0,13157.747518181818,144735.2227
29510,282.0,31339.259875000000,125357.0395
29509,275.0,32331.536933333333,193989.2216
29509,277.0,17590.210783333333,105541.2647
29508,275.0,999.1200000000000000,4995.6000
29508,277.0,816.5741000000000000,4082.8705
29507,279.0,55751.691887500000,446013.5351
29506,281.0,7004.1744750000000000,28016.6979
29505,276.0,149.0310000000000000,149.0310
29504,279.0,39724.787200000000,158899.1488
29503,278.0,1462.5406428571428571,10237.7845
29502,283.0,286.5615000000000000,1146.2460
29501,277.0,2199.7824500000000000,8799.1298
29500,279.0,18656.825171428571,130597.7762
29499,289.0,29369.665212500000,234957.3217
29498,275.0,825.5754500000000000,3302.3018
29498,277.0,469.0776750000000000,1876.3107
29497,283.0,37258.557675000000,149034.2307
29497,280.0,68971.194337500000,551769.5547
29496,281.0,23807.056050000000,95228.2242
29495,288.0,1124.1128000000000000,3372.3384
29494,289.0,1053.2063000000000000,7372.4441
29494,282.0,4426.2854500000000000,8852.5709
29493,274.0,2146.9620000000000000,2146.9620
29493,279.0,1174.4213666666666667,3523.2641
29492,275.0,28022.064180000000,140110.3209
29492,277.0,20.5200000000000000,20.5200
29491,274.0,33406.704300000000,33406.7043
29491,275.0,17954.481433333333,53863.4443
29490,283.0,2195.7921000000000000,6587.3763
29489,281.0,31704.502708333333,380454.0325
29488,285.0,57771.764100000000,57771.7641
29488,286.0,54466.006800000000,163398.0204
29487,275.0,9937.6112833333333333,59625.6677
29487,277.0,1663.1051200000000000,8315.5256
29486,277.0,52462.033133333333,314772.1988
29486,275.0,34106.526266666667,204639.1576
29485,276.0,28222.166600000000,112888.6664
29484,279.0,18728.997471428571,131102.9823
29483,,2049.0982000000000000,2049.0982
29482,,2049.0982000000000000,2049.0982
29481,,3374.9900000000000000,3374.9900
29480,,2442.0300000000000000,2442.0300
29479,,2049.0982000000000000,2049.0982
29478,,2398.0500000000000000,2398.0500
29477,,2428.0500000000000000,2428.0500
29476,,3399.9900000000000000,3399.9900
29475,,3399.9900000000000000,3399.9900
29474,,3374.9900000000000000,3374.9900
29473,,2419.0600000000000000,2419.0600
29472,,88.9800000000000000,88.9800
29471,,23.7800000000000000,23.7800
29470,,60.4700000000000000,60.4700
29469,,2393.0600000000000000,2393.0600
29468,,2428.0500000000000000,2428.0500
29467,,3374.9900000000000000,3374.9900
29466,,3374.9900000000000000,3374.9900
29465,,791.3200000000000000,791.3200
29464,,756.3300000000000000,756.3300
29463,,751.3400000000000000,751.3400
29462,,854.8200000000000000,854.8200
29461,,777.3400000000000000,777.3400
29460,,751.3400000000000000,751.3400
29459,,805.3300000000000000,805.3300
29458,,811.3200000000000000,811.3200
29457,,756.3300000000000000,756.3300
29456,,765.3200000000000000,765.3200
29455,,751.3400000000000000,751.3400
29454,,742.3500000000000000,742.3500
29453,,742.3500000000000000,742.3500
29452,,742.3500000000000000,742.3500
29451,,25.4800000000000000,25.4800
29450,,2049.0982000000000000,2049.0982
29449,,3399.9900000000000000,3399.9900
29448,,3399.9900000000000000,3399.9900
29447,,23.7800000000000000,23.7800
29446,,36.2700000000000000,36.2700
29445,,182.7800000000000000,182.7800
29444,,25.4800000000000000,25.4800
29443,,88.9800000000000000,88.9800
29442,,33.9800000000000000,33.9800
29441,,68.9700000000000000,68.9700
29440,,36.2700000000000000,36.2700
29439,,23.7800000000000000,23.7800
29438,,33.9800000000000000,33.9800
29437,,25.4800000000000000,25.4800
29436,,28.9900000000000000,28.9900
29435,,68.9700000000000000,68.9700
29434,,77.9600000000000000,77.9600
29433,,1289.3300000000000000,1289.3300
29432,,1307.3100000000000000,1307.3100
29431,,1249.8400000000000000,1249.8400
29430,,28.9900000000000000,28.9900
29429,,60.4700000000000000,60.4700
29428,,47.9600000000000000,47.9600
29427,,21.4900000000000000,21.4900
29426,,25.4800000000000000,25.4800
29425,,23.7800000000000000,23.7800
29424,,33.9800000000000000,33.9800
29423,,21.4900000000000000,21.4900
29422,,62.9800000000000000,62.9800
29421,,78.4800000000000000,78.4800
29420,,53.9900000000000000,53.9900
29419,,53.9900000000000000,53.9900
29418,,83.9700000000000000,83.9700
29417,,195.2700000000000000,195.2700
29416,,27.7700000000000000,27.7700
29415,,2049.0982000000000000,2049.0982
29414,,2071.4196000000000000,2071.4196
29413,,53.9900000000000000,53.9900
29412,,1335.9398000000000000,2671.8796
29411,,1223.8400000000000000,1223.8400
29410,,3399.9900000000000000,3399.9900
29409,,36.2700000000000000,36.2700
29408,,53.9900000000000000,53.9900
29407,,2452.0400000000000000,2452.0400
29406,,68.9700000000000000,68.9700
29405,,53.9900000000000000,53.9900
29404,,2049.0982000000000000,2049.0982
29403,,1995.9700000000000000,3991.9400
29402,,53.9900000000000000,53.9900
29401,,1223.8400000000000000,1223.8400
29400,,1996.2300000000000000,3992.4600
29399,,1968.2350000000000000,3936.4700
29398,,1982.2350000000000000,3964.4700
29397,,2049.0982000000000000,2049.0982
29396,,36.2700000000000000,36.2700
29395,,13.9800000000000000,13.9800
29394,,36.2700000000000000,36.2700
29393,,23.7800000000000000,23.7800
29392,,2393.0600000000000000,2393.0600
29391,,1974.9850000000000000,3949.9700
29390,,1294.5441000000000000,2589.0882
29389,,1294.5441000000000000,2589.0882
29388,,1319.5898000000000000,2639.1796
29387,,21.4900000000000000,21.4900
29386,,27.7700000000000000,27.7700
29385,,3399.9900000000000000,3399.9900
29384,,23.7800000000000000,23.7800
29383,,23.7800000000000000,23.7800
29382,,2384.0700000000000000,2384.0700
29381,,811.3200000000000000,811.3200
29380,,2071.4196000000000000,2071.4196
29379,,23.7800000000000000,23.7800
29378,,39.9900000000000000,39.9900
29377,,33.9800000000000000,33.9800
29376,,21.4900000000000000,21.4900
29375,,756.3300000000000000,756.3300
29374,,742.3500000000000000,742.3500
29373,,184.4800000000000000,184.4800
29372,,39.9900000000000000,39.9900
29371,,777.3400000000000000,777.3400
29370,,97.9600000000000000,97.9600
29369,,2422.5400000000000000,2422.5400
29368,,2422.5400000000000000,2422.5400
29367,,2419.0600000000000000,2419.0600
29366,,2419.0600000000000000,2419.0600
29365,,778.6200000000000000,778.6200
29364,,2049.0982000000000000,2049.0982
29363,,777.3400000000000000,777.3400
29362,,777.3400000000000000,777.3400
29361,,2071.4196000000000000,2071.4196
29360,,2418.0500000000000000,2418.0500
29359,,2453.0400000000000000,2453.0400
29358,,2384.0700000000000000,2384.0700
29357,,2398.0500000000000000,2398.0500
29356,,628.9700000000000000,628.9700
29355,,567.7600000000000000,567.7600
29354,,3578.2700000000000000,3578.2700
29353,,63.4700000000000000,63.4700
29352,,3578.2700000000000000,3578.2700
29351,,119.9800000000000000,119.9800
29350,,3578.2700000000000000,3578.2700
29349,,38.9800000000000000,38.9800
29348,,38.9800000000000000,38.9800
29347,,47.9700000000000000,47.9700
29346,,567.7600000000000000,567.7600
29345,,574.9800000000000000,574.9800
29344,,548.9800000000000000,548.9800
29343,,553.9700000000000000,553.9700
29342,,801.8300000000000000,801.8300
29341,,98.9700000000000000,98.9700
29340,,3578.2700000000000000,3578.2700
29339,,73.9600000000000000,73.9600
29338,,39.9800000000000000,39.9800
29337,,49.9900000000000000,49.9900
29336,,2181.5625000000000000,2181.5625
29335,,3578.2700000000000000,3578.2700
29334,,3578.2700000000000000,3578.2700
29333,,54.9800000000000000,54.9800
29332,,165.2800000000000000,165.2800
29331,,47.9700000000000000,47.9700
29330,,38.9800000000000000,38.9800
29329,,53.9900000000000000,53.9900
29328,,49.9900000000000000,49.9900
29327,,53.9900000000000000,53.9900
29326,,3578.2700000000000000,3578.2700
29325,,63.4700000000000000,63.4700
29324,,38.9800000000000000,38.9800
29323,,78.9800000000000000,78.9800
29322,,49.9900000000000000,49.9900
29321,,49.9700000000000000,49.9700
29320,,23.9700000000000000,23.9700
29319,,2447.0500000000000000,2447.0500
29318,,2384.0700000000000000,2384.0700
29317,,2438.0600000000000000,2438.0600
29316,,2433.0400000000000000,2433.0400
29315,,103.9600000000000000,103.9600
29314,,564.4800000000000000,564.4800
29313,,539.9900000000000000,539.9900
29312,,69.9700000000000000,69.9700
29311,,603.9600000000000000,603.9600
29310,,2419.0600000000000000,2419.0600
29309,,2419.0600000000000000,2419.0600
29308,,2438.0600000000000000,2438.0600
29307,,14.9800000000000000,14.9800
29306,,2384.0700000000000000,2384.0700
29305,,14.9800000000000000,14.9800
29304,,23.9700000000000000,23.9700
29303,,2419.0600000000000000,2419.0600
29302,,22.9300000000000000,22.9300
29301,,134.9800000000000000,134.9800
29300,,2419.0600000000000000,2419.0600
29299,,548.9800000000000000,548.9800
29298,,548.9800000000000000,548.9800
29297,,613.4500000000000000,613.4500
29296,,49.9700000000000000,49.9700
29295,,2384.0700000000000000,2384.0700
29294,,553.9700000000000000,553.9700
29293,,2384.0700000000000000,2384.0700
29292,,2393.0600000000000000,2393.0600
29291,,564.4800000000000000,564.4800
29290,,4.9900000000000000,4.9900
29289,,2433.0400000000000000,2433.0400
29288,,54.9800000000000000,54.9800
29287,,4.9900000000000000,4.9900
29286,,13.9800000000000000,13.9800
29285,,3578.2700000000000000,3578.2700
29284,,49.9900000000000000,49.9900
29283,,53.9900000000000000,53.9900
29282,,23.9700000000000000,23.9700
29281,,2443.3500000000000000,2443.3500
29280,,3578.2700000000000000,3578.2700
29279,,2198.7900000000000000,4397.5800
29278,,2177.8050000000000000,4355.6100
29277,,2419.0600000000000000,2419.0600
29276,,2164.8050000000000000,4329.6100
29275,,2164.8050000000000000,4329.6100
29274,,2239.8100000000000000,4479.6200
29273,,63.4700000000000000,63.4700
29272,,38.9800000000000000,38.9800
29271,,38.9800000000000000,38.9800
29270,,11.9400000000000000,11.9400
29269,,3.9900000000000000,3.9900
29268,,38.9800000000000000,38.9800
29267,,4.9900000000000000,4.9900
29266,,39.9800000000000000,39.9800
29265,,2160.3100000000000000,4320.6200
29264,,2192.2950000000000000,4384.5900
29263,,38.9800000000000000,38.9800
29262,,63.4700000000000000,63.4700
29261,,2160.3100000000000000,4320.6200
29260,,97.9600000000000000,97.9600
29259,,13.9800000000000000,13.9800
29258,,2164.8050000000000000,4329.6100
29257,,165.2800000000000000,165.2800
29256,,2393.0600000000000000,2393.0600
29255,,2194.7950000000000000,4389.5900
29254,,3578.2700000000000000,3578.2700
29253,,63.4700000000000000,63.4700
29252,,2194.7950000000000000,4389.5900
29251,,12.9800000000000000,12.9800
29250,,37.9700000000000000,37.9700
29249,,24.9900000000000000,24.9900
29248,,27.2800000000000000,27.2800
29247,,2447.0500000000000000,2447.0500
29246,,88.4600000000000000,88.4600
29245,,27.2800000000000000,27.2800
29244,,31.2700000000000000,31.2700
29243,,122.9500000000000000,122.9500
29242,,2177.8050000000000000,4355.6100
29241,,24.9900000000000000,24.9900
29240,,68.9700000000000000,68.9700
29239,,2171.7950000000000000,4343.5900
29238,,2199.0500000000000000,4398.1000
29237,,2177.8050000000000000,4355.6100
29236,,2164.8050000000000000,4329.6100
29235,,27.2800000000000000,27.2800
29234,,28.9800000000000000,28.9800
29233,,63.9700000000000000,63.9700
29232,,173.4700000000000000,173.4700
29231,,39.9800000000000000,39.9800
29230,,4.9900000000000000,4.9900
29229,,39.9800000000000000,39.9800
29228,,24.9900000000000000,24.9900
29227,,63.9700000000000000,63.9700
29226,,38.9800000000000000,38.9800
29225,,2160.3100000000000000,4320.6200
29224,,27.2800000000000000,27.2800
29223,,2177.8050000000000000,4355.6100
29222,,2187.3050000000000000,4374.6100
29221,,2160.3100000000000000,4320.6200
29220,,24.9900000000000000,24.9900
29219,,27.2800000000000000,27.2800
29218,,37.9700000000000000,37.9700
29217,,63.9700000000000000,63.9700
29216,,92.4800000000000000,92.4800
29215,,63.9700000000000000,63.9700
29214,,59.9800000000000000,59.9800
29213,,68.4900000000000000,68.4900
29212,,190.2700000000000000,190.2700
29211,,31.2700000000000000,31.2700
29210,,27.2800000000000000,27.2800
29209,,39.9800000000000000,39.9800
29208,,3578.2700000000000000,3578.2700
29207,,3578.2700000000000000,3578.2700
29206,,148.9800000000000000,148.9800
29205,,28.9800000000000000,28.9800
29204,,2160.3100000000000000,4320.6200
29203,,2167.3000000000000000,4334.6000
29202,,2160.3100000000000000,4320.6200
29201,,2167.3000000000000000,4334.6000
29200,,6.2800000000000000,6.2800
29199,,38.9800000000000000,38.9800
29198,,3578.2700000000000000,3578.2700
29197,,78.9800000000000000,78.9800
29196,,2438.0600000000000000,2438.0600
29195,,2419.0600000000000000,2419.0600
29194,,2419.0600000000000000,2419.0600
29193,,49.9700000000000000,49.9700
29192,,2419.0600000000000000,2419.0600
29191,,2393.0600000000000000,2393.0600
29190,,2447.0500000000000000,2447.0500
29189,,23.9700000000000000,23.9700
29188,,69.9700000000000000,69.9700
29187,,588.9600000000000000,588.9600
29186,,603.4900000000000000,603.4900
29185,,563.7700000000000000,563.7700
29184,,2420.3400000000000000,2420.3400
29183,,2393.0600000000000000,2393.0600
29182,,539.9900000000000000,539.9900
29181,,553.9700000000000000,553.9700
29180,,2452.0400000000000000,2452.0400
29179,,2393.0600000000000000,2393.0600
29178,,2452.0400000000000000,2452.0400
29177,,28.9800000000000000,28.9800
29176,,15.2300000000000000,15.2300
29175,,2167.3000000000000000,4334.6000
29174,,2167.3000000000000000,4334.6000
29173,,27.2800000000000000,27.2800
29172,,27.2800000000000000,27.2800
29171,,24.9900000000000000,24.9900
29170,,3578.2700000000000000,3578.2700
29169,,3578.2700000000000000,3578.2700
29168,,2171.7950000000000000,4343.5900
29167,,2182.4200000000000000,4364.8400
29166,,2167.3000000000000000,4334.6000
29165,,2407.0400000000000000,2407.0400
29164,,67.4900000000000000,67.4900
29163,,3578.2700000000000000,3578.2700
29162,,53.9800000000000000,53.9800
29161,,38.9800000000000000,38.9800
29160,,11.9400000000000000,11.9400
29159,,2443.3500000000000000,2443.3500
29158,,3578.2700000000000000,3578.2700
29157,,3578.2700000000000000,3578.2700
29156,,3578.2700000000000000,3578.2700
29155,,3578.2700000000000000,3578.2700
29154,,2181.5625000000000000,2181.5625
29153,,3.9900000000000000,3.9900
29152,,2181.5625000000000000,2181.5625
29151,,3578.2700000000000000,3578.2700
29150,,3578.2700000000000000,3578.2700
29149,,2443.3500000000000000,2443.3500
29148,,3578.2700000000000000,3578.2700
29147,,3578.2700000000000000,3578.2700
29146,,3578.2700000000000000,3578.2700
29145,,3578.2700000000000000,3578.2700
29144,,3578.2700000000000000,3578.2700
29143,,3578.2700000000000000,3578.2700
29142,,3578.2700000000000000,3578.2700
29141,,3578.2700000000000000,3578.2700
29140,,3578.2700000000000000,3578.2700
29139,,3578.2700000000000000,3578.2700
29138,,2187.3050000000000000,4374.6100
29137,,2419.0600000000000000,2419.0600
29136,,3578.2700000000000000,3578.2700
29135,,2181.5625000000000000,2181.5625
29134,,6.2800000000000000,6.2800
29133,,88.9700000000000000,88.9700
29132,,3578.2700000000000000,3578.2700
29131,,3.9900000000000000,3.9900
29130,,7.2800000000000000,7.2800
29129,,24.9900000000000000,24.9900
29128,,2174.8050000000000000,4349.6100
29127,,28.9800000000000000,28.9800
29126,,3578.2700000000000000,3578.2700
29125,,14.2300000000000000,14.2300
29124,,69.9900000000000000,69.9900
29123,,23.9700000000000000,23.9700
29122,,49.9700000000000000,49.9700
29121,,69.9700000000000000,69.9700
29120,,49.9700000000000000,49.9700
29119,,69.9700000000000000,69.9700
29118,,73.9600000000000000,73.9600
29117,,9.9900000000000000,9.9900
29116,,17.2700000000000000,17.2700
29115,,2407.0400000000000000,2407.0400
29114,,2384.0700000000000000,2384.0700
29113,,2453.0400000000000000,2453.0400
29112,,6.2800000000000000,6.2800
29111,,2194.7950000000000000,4389.5900
29110,,3578.2700000000000000,3578.2700
29109,,6.2800000000000000,6.2800
29108,,3578.2700000000000000,3578.2700
29107,,162.9900000000000000,162.9900
29106,,3578.2700000000000000,3578.2700
29105,,6.2800000000000000,6.2800
29104,,78.9800000000000000,78.9800
29103,,2419.0600000000000000,2419.0600
29102,,2384.0700000000000000,2384.0700
29101,,7.2800000000000000,7.2800
29100,,102.9600000000000000,102.9600
29099,,548.9800000000000000,548.9800
29098,,628.9700000000000000,628.9700
29097,,548.9800000000000000,548.9800
29096,,574.9800000000000000,574.9800
29095,,777.3400000000000000,777.3400
29094,,796.3400000000000000,796.3400
29093,,28.4800000000000000,28.4800
29092,,6.2800000000000000,6.2800
29091,,756.3300000000000000,756.3300
29090,,778.6200000000000000,778.6200
29089,,6.2800000000000000,6.2800
29088,,756.3300000000000000,756.3300
29087,,810.3200000000000000,810.3200
29086,,805.3300000000000000,805.3300
29085,,777.3400000000000000,777.3400
29084,,742.3500000000000000,742.3500
29083,,3.9900000000000000,3.9900
29082,,742.3500000000000000,742.3500
29081,,742.3500000000000000,742.3500
29080,,777.3400000000000000,777.3400
29079,,102.4800000000000000,102.4800
29078,,63.9700000000000000,63.9700
29077,,63.9700000000000000,63.9700
29076,,3.9900000000000000,3.9900
29075,,67.4900000000000000,67.4900
29074,,67.4900000000000000,67.4900
29073,,38.9800000000000000,38.9800
29072,,128.9700000000000000,128.9700
29071,,69.9900000000000000,69.9900
29070,,3578.2700000000000000,3578.2700
29069,,756.3300000000000000,756.3300
29068,,751.3400000000000000,751.3400
29067,,539.9900000000000000,539.9900
29066,,539.9900000000000000,539.9900
29065,,777.3400000000000000,777.3400
29064,,815.8100000000000000,815.8100
29063,,801.8300000000000000,801.8300
29062,,742.3500000000000000,742.3500
29061,,3.9900000000000000,3.9900
29060,,3578.2700000000000000,3578.2700
29059,,3578.2700000000000000,3578.2700
29058,,3578.2700000000000000,3578.2700
29057,,8.9900000000000000,8.9900
29056,,3578.2700000000000000,3578.2700
29055,,765.3200000000000000,765.3200
29054,,751.3400000000000000,751.3400
29053,,38.9800000000000000,38.9800
29052,,38.9800000000000000,38.9800
29051,,3.9900000000000000,3.9900
29050,,63.4700000000000000,63.4700
29049,,113.4600000000000000,113.4600
29048,,2177.8050000000000000,4355.6100
29047,,51.4600000000000000,51.4600
29046,,31.2700000000000000,31.2700
29045,,89.9700000000000000,89.9700
29044,,2160.3100000000000000,4320.6200
29043,,2447.0500000000000000,2447.0500
29042,,2420.3400000000000000,2420.3400
29041,,628.4500000000000000,628.4500
29040,,39.9800000000000000,39.9800
29039,,4.9900000000000000,4.9900
29038,,6.2800000000000000,6.2800
29037,,69.9900000000000000,69.9900
29036,,74.9800000000000000,74.9800
29035,,28.9800000000000000,28.9800
29034,,190.2700000000000000,190.2700
29033,,31.2700000000000000,31.2700
29032,,2194.7950000000000000,4389.5900
29031,,64.4700000000000000,64.4700
29030,,39.9800000000000000,39.9800
29029,,29.4800000000000000,29.4800
29028,,7.2800000000000000,7.2800
29027,,574.9800000000000000,574.9800
29026,,24.9900000000000000,24.9900
29025,,27.2800000000000000,27.2800
29024,,31.2700000000000000,31.2700
29023,,35.2300000000000000,35.2300
29022,,63.9700000000000000,63.9700
29021,,69.9900000000000000,69.9900
29020,,13.9800000000000000,13.9800
29019,,2177.8050000000000000,4355.6100
29018,,63.9700000000000000,63.9700
29017,,3578.2700000000000000,3578.2700
29016,,3578.2700000000000000,3578.2700
29015,,24.9900000000000000,24.9900
29014,,63.9700000000000000,63.9700
29013,,2181.5625000000000000,2181.5625
29012,,78.9800000000000000,78.9800
29011,,2167.3000000000000000,4334.6000
29010,,3578.2700000000000000,3578.2700
29009,,28.9800000000000000,28.9800
29008,,3578.2700000000000000,3578.2700
29007,,24.9900000000000000,24.9900
29006,,151.2700000000000000,151.2700
29005,,69.9900000000000000,69.9900
29004,,2160.3100000000000000,4320.6200
29003,,4.9900000000000000,4.9900
29002,,67.9300000000000000,67.9300
29001,,624.9700000000000000,624.9700
29000,,7.2800000000000000,7.2800
28999,,4.9900000000000000,4.9900
28998,,28.9800000000000000,28.9800
28997,,3578.2700000000000000,3578.2700
28996,,78.9800000000000000,78.9800
28995,,31.2700000000000000,31.2700
28994,,24.9900000000000000,24.9900
28993,,3578.2700000000000000,3578.2700
28992,,78.9800000000000000,78.9800
28991,,63.9700000000000000,63.9700
28990,,3578.2700000000000000,3578.2700
28989,,3578.2700000000000000,3578.2700
28988,,3578.2700000000000000,3578.2700
28987,,31.2700000000000000,31.2700
28986,,78.9800000000000000,78.9800
28985,,53.4700000000000000,53.4700
28984,,28.9800000000000000,28.9800
28983,,63.9700000000000000,63.9700
28982,,27.2800000000000000,27.2800
28981,,27.2800000000000000,27.2800
28980,,36.9300000000000000,36.9300
28979,,37.9700000000000000,37.9700
28978,,63.9700000000000000,63.9700
28977,,74.9800000000000000,74.9800
28976,,94.4800000000000000,94.4800
28975,,37.9700000000000000,37.9700
28974,,24.9900000000000000,24.9900
28973,,24.9900000000000000,24.9900
28972,,63.9700000000000000,63.9700
28971,,27.2800000000000000,27.2800
28970,,63.9700000000000000,63.9700
28969,,62.9800000000000000,62.9800
28968,,2.2900000000000000,2.2900
28967,,8.9900000000000000,8.9900
28966,,3578.2700000000000000,3578.2700
28965,,63.9700000000000000,63.9700
28964,,69.9900000000000000,69.9900
28963,,2398.0500000000000000,2398.0500
28962,,2477.5300000000000000,2477.5300
28961,,2478.0400000000000000,2478.0400
28960,,49.9700000000000000,49.9700
28959,,14.9800000000000000,14.9800
28958,,14.9800000000000000,14.9800
28957,,2419.0600000000000000,2419.0600
28956,,14.9800000000000000,14.9800
28955,,14.9800000000000000,14.9800
28954,,2393.0600000000000000,2393.0600
28953,,2462.5500000000000000,2462.5500
28952,,2473.0400000000000000,2473.0400
28951,,9.9900000000000000,9.9900
28950,,44.9800000000000000,44.9800
28949,,2473.0500000000000000,2473.0500
28948,,2419.0600000000000000,2419.0600
28947,,14.9800000000000000,14.9800
28946,,23.9700000000000000,23.9700
28945,,68.9700000000000000,68.9700
28944,,23.9700000000000000,23.9700
28943,,49.9700000000000000,49.9700
28942,,9.9900000000000000,9.9900
28941,,69.9700000000000000,69.9700
28940,,2393.0600000000000000,2393.0600
28939,,14.9800000000000000,14.9800
28938,,9.9900000000000000,9.9900
28937,,7.2800000000000000,7.2800
28936,,7.2800000000000000,7.2800
28935,,2419.0600000000000000,2419.0600
28934,,64.4700000000000000,64.4700
28933,,29.4800000000000000,29.4800
28932,,93.9700000000000000,93.9700
28931,,166.2800000000000000,166.2800
28930,,15.2300000000000000,15.2300
28929,,7.2800000000000000,7.2800
28928,,2473.0500000000000000,2473.0500
28927,,2419.0600000000000000,2419.0600
28926,,7.2800000000000000,7.2800
28925,,7.2800000000000000,7.2800
28924,,4.9900000000000000,4.9900
28923,,2393.0600000000000000,2393.0600
28922,,29.4800000000000000,29.4800
28921,,184.4800000000000000,184.4800
28920,,7.2800000000000000,7.2800
28919,,4.9900000000000000,4.9900
28918,,23.7800000000000000,23.7800
28917,,84.4700000000000000,84.4700
28916,,561.9200000000000000,561.9200
28915,,39.9800000000000000,39.9800
28914,,27.7700000000000000,27.7700
28913,,23.7800000000000000,23.7800
28912,,54.9800000000000000,54.9800
28911,,4.9900000000000000,4.9900
28910,,48.9700000000000000,48.9700
28909,,7.2800000000000000,7.2800
28908,,33.4300000000000000,33.4300
28907,,23.7800000000000000,23.7800
28906,,4.9900000000000000,4.9900
28905,,13.9800000000000000,13.9800
28904,,1424.2891000000000000,2848.5782
28903,,23.7800000000000000,23.7800
28902,,2529.9300000000000000,2529.9300
28901,,2443.3500000000000000,2443.3500
28900,,29.4800000000000000,29.4800
28899,,60.4700000000000000,60.4700
28898,,69.4600000000000000,69.4600
28897,,39.9800000000000000,39.9800
28896,,21.4900000000000000,21.4900
28895,,13.9800000000000000,13.9800
28894,,59.9800000000000000,59.9800
28893,,15.2300000000000000,15.2300
28892,,21.4900000000000000,21.4900
28891,,38.9800000000000000,38.9800
28890,,109.9700000000000000,109.9700
28889,,12.9400000000000000,12.9400
28888,,39.9800000000000000,39.9800
28887,,39.9800000000000000,39.9800
28886,,48.9700000000000000,48.9700
28885,,2235.4448000000000000,4470.8896
28884,,11.9400000000000000,11.9400
28883,,38.9800000000000000,38.9800
28882,,7.2800000000000000,7.2800
28881,,39.9800000000000000,39.9800
28880,,637.9600000000000000,637.9600
28879,,102.9600000000000000,102.9600
28878,,6.2800000000000000,6.2800
28877,,12.9800000000000000,12.9800
28876,,2475.9500000000000000,2475.9500
28875,,39.9800000000000000,39.9800
28874,,4.9900000000000000,4.9900
28873,,39.9800000000000000,39.9800
28872,,59.9800000000000000,59.9800
28871,,2207.2950000000000000,4414.5900
28870,,2167.3000000000000000,4334.6000
28869,,2177.8050000000000000,4355.6100
28868,,28.9800000000000000,28.9800
28867,,63.9700000000000000,63.9700
28866,,117.9600000000000000,117.9600
28865,,31.2700000000000000,31.2700
28864,,28.9800000000000000,28.9800
28863,,63.9700000000000000,63.9700
28862,,24.9900000000000000,24.9900
28861,,28.9800000000000000,28.9800
28860,,28.9800000000000000,28.9800
28859,,2177.8050000000000000,4355.6100
28858,,12.9400000000000000,12.9400
28857,,3578.2700000000000000,3578.2700
28856,,3578.2700000000000000,3578.2700
28855,,103.4600000000000000,103.4600
28854,,2177.8050000000000000,4355.6100
28853,,3578.2700000000000000,3578.2700
28852,,3578.2700000000000000,3578.2700
28851,,3578.2700000000000000,3578.2700
28850,,2443.3500000000000000,2443.3500
28849,,3578.2700000000000000,3578.2700
28848,,2181.5625000000000000,2181.5625
28847,,2177.8050000000000000,4355.6100
28846,,2160.3100000000000000,4320.6200
28845,,2160.3100000000000000,4320.6200
28844,,2168.7800000000000000,4337.5600
28843,,3578.2700000000000000,3578.2700
28842,,2196.7900000000000000,4393.5800
28841,,2167.3000000000000000,4334.6000
28840,,2199.5500000000000000,4399.1000
28839,,3578.2700000000000000,3578.2700
28838,,3578.2700000000000000,3578.2700
28837,,2181.5625000000000000,2181.5625
28836,,2443.3500000000000000,2443.3500
28835,,3578.2700000000000000,3578.2700
28834,,2443.3500000000000000,2443.3500
28833,,3578.2700000000000000,3578.2700
28832,,2181.5625000000000000,2181.5625
28831,,3578.2700000000000000,3578.2700
28830,,3578.2700000000000000,3578.2700
28829,,3578.2700000000000000,3578.2700
28828,,2164.8050000000000000,4329.6100
28827,,3578.2700000000000000,3578.2700
28826,,3578.2700000000000000,3578.2700
28825,,3578.2700000000000000,3578.2700
28824,,3578.2700000000000000,3578.2700
28823,,3578.2700000000000000,3578.2700
28822,,3578.2700000000000000,3578.2700
28821,,3578.2700000000000000,3578.2700
28820,,3578.2700000000000000,3578.2700
28819,,2181.5625000000000000,2181.5625
28818,,2181.5625000000000000,2181.5625
28817,,69.9900000000000000,69.9900
28816,,27.2800000000000000,27.2800
28815,,31.2700000000000000,31.2700
28814,,31.2700000000000000,31.2700
28813,,37.9700000000000000,37.9700
28812,,24.9900000000000000,24.9900
28811,,63.9700000000000000,63.9700
28810,,78.9800000000000000,78.9800
28809,,24.9900000000000000,24.9900
28808,,24.9900000000000000,24.9900
28807,,3578.2700000000000000,3578.2700
28806,,63.9700000000000000,63.9700
28805,,3578.2700000000000000,3578.2700
28804,,3578.2700000000000000,3578.2700
28803,,27.2800000000000000,27.2800
28802,,2443.3500000000000000,2443.3500
28801,,27.2800000000000000,27.2800
28800,,24.9900000000000000,24.9900
28799,,3578.2700000000000000,3578.2700
28798,,2443.3500000000000000,2443.3500
28797,,3578.2700000000000000,3578.2700
28796,,63.9700000000000000,63.9700
28795,,3578.2700000000000000,3578.2700
28794,,3578.2700000000000000,3578.2700
28793,,24.9900000000000000,24.9900
28792,,3578.2700000000000000,3578.2700
28791,,31.2700000000000000,31.2700
28790,,3578.2700000000000000,3578.2700
28789,,7.9500000000000000,7.9500
28788,,8.9900000000000000,8.9900
28787,,13.9800000000000000,13.9800
28786,,127.9500000000000000,127.9500
28785,,34.9900000000000000,34.9900
28784,,43.9800000000000000,43.9800
28783,,34.9900000000000000,34.9900
28782,,53.9900000000000000,53.9900
28781,,2.2900000000000000,2.2900
28780,,7.9500000000000000,7.9500
28779,,23.9700000000000000,23.9700
28778,,3578.2700000000000000,3578.2700
28777,,53.9900000000000000,53.9900
28776,,2.2900000000000000,2.2900
28775,,3578.2700000000000000,3578.2700
28774,,3578.2700000000000000,3578.2700
28773,,127.9500000000000000,127.9500
28772,,3578.2700000000000000,3578.2700
28771,,69.9900000000000000,69.9900
28770,,2177.8050000000000000,4355.6100
28769,,2164.8050000000000000,4329.6100
28768,,4.9900000000000000,4.9900
28767,,69.9900000000000000,69.9900
28766,,2443.3500000000000000,2443.3500
28765,,3578.2700000000000000,3578.2700
28764,,27.2800000000000000,27.2800
28763,,3578.2700000000000000,3578.2700
28762,,27.2800000000000000,27.2800
28761,,3578.2700000000000000,3578.2700
28760,,28.9800000000000000,28.9800
28759,,69.9700000000000000,69.9700
28758,,1301.5341000000000000,2603.0682
28757,,1305.7048000000000000,2611.4096
28756,,1609.2791000000000000,3218.5582
28755,,2407.0400000000000000,2407.0400
28754,,68.9700000000000000,68.9700
28753,,23.7800000000000000,23.7800
28752,,1155.4800000000000000,1155.4800
28751,,1620.4398000000000000,3240.8796
28750,,1606.7841000000000000,3213.5682
28749,,2049.0982000000000000,2049.0982
28748,,23.7800000000000000,23.7800
28747,,2398.0500000000000000,2398.0500
28746,,23.7800000000000000,23.7800
28745,,27.7700000000000000,27.7700
28744,,776.3300000000000000,776.3300
28743,,78.9800000000000000,78.9800
28742,,2428.0500000000000000,2428.0500
28741,,1169.4600000000000000,1169.4600
28740,,1595.9548000000000000,3191.9096
28739,,2049.0982000000000000,2049.0982
28738,,60.4700000000000000,60.4700
28737,,69.9900000000000000,69.9900
28736,,2071.4196000000000000,2071.4196
28735,,2420.3400000000000000,2420.3400
28734,,2419.0600000000000000,2419.0600
28733,,2407.0400000000000000,2407.0400
28732,,2419.0600000000000000,2419.0600
28731,,2452.0400000000000000,2452.0400
28730,,23.7800000000000000,23.7800
28729,,2452.0400000000000000,2452.0400
28728,,2049.0982000000000000,2049.0982
28727,,2071.4196000000000000,2071.4196
28726,,778.6200000000000000,778.6200
28725,,78.9800000000000000,78.9800
28724,,2049.0982000000000000,2049.0982
28723,,2419.0600000000000000,2419.0600
28722,,119.9800000000000000,119.9800
28721,,39.9800000000000000,39.9800
28720,,2419.0600000000000000,2419.0600
28719,,2384.0700000000000000,2384.0700
28718,,67.9700000000000000,67.9700
28717,,29.4800000000000000,29.4800
28716,,29.4800000000000000,29.4800
28715,,588.9600000000000000,588.9600
28714,,2433.0400000000000000,2433.0400
28713,,1602.2891000000000000,3204.5782
28712,,2393.0600000000000000,2393.0600
28711,,2071.4196000000000000,2071.4196
28710,,33.9800000000000000,33.9800
28709,,2419.0600000000000000,2419.0600
28708,,2071.4196000000000000,2071.4196
28707,,2071.4196000000000000,2071.4196
28706,,773.6300000000000000,773.6300
28705,,777.3400000000000000,777.3400
28704,,2419.0600000000000000,2419.0600
28703,,2419.0600000000000000,2419.0600
28702,,1193.4500000000000000,1193.4500
28701,,1155.4800000000000000,1155.4800
28700,,1170.4800000000000000,1170.4800
28699,,777.3400000000000000,777.3400
28698,,765.3200000000000000,765.3200
28697,,2452.0400000000000000,2452.0400
28696,,2428.0500000000000000,2428.0500
28695,,2419.0600000000000000,2419.0600
28694,,2393.0600000000000000,2393.0600
28693,,574.9800000000000000,574.9800
28692,,539.9900000000000000,539.9900
28691,,777.3400000000000000,777.3400
28690,,2049.0982000000000000,2049.0982
28689,,2049.0982000000000000,2049.0982
28688,,901.3500000000000000,901.3500
28687,,28.9900000000000000,28.9900
28686,,800.3100000000000000,800.3100
28685,,2049.0982000000000000,2049.0982
28684,,777.3400000000000000,777.3400
28683,,2049.0982000000000000,2049.0982
28682,,63.9700000000000000,63.9700
28681,,24.9900000000000000,24.9900
28680,,31.2700000000000000,31.2700
28679,,27.2800000000000000,27.2800
28678,,2168.7800000000000000,4337.5600
28677,,48.9700000000000000,48.9700
28676,,3578.2700000000000000,3578.2700
28675,,3578.2700000000000000,3578.2700
28674,,2215.0450000000000000,4430.0900
28673,,2190.0500000000000000,4380.1000
28672,,2177.8050000000000000,4355.6100
28671,,2160.3100000000000000,4320.6200
28670,,3578.2700000000000000,3578.2700
28669,,2181.5625000000000000,2181.5625
28668,,78.9800000000000000,78.9800
28667,,2185.3050000000000000,4370.6100
28666,,2411.0550000000000000,4822.1100
28665,,2426.3000000000000000,4852.6000
28664,,2396.5600000000000000,4793.1200
28663,,2443.3500000000000000,2443.3500
28662,,2413.5500000000000000,4827.1000
28661,,3578.2700000000000000,3578.2700
28660,,3578.2700000000000000,3578.2700
28659,,2443.3500000000000000,2443.3500
28658,,3578.2700000000000000,3578.2700
28657,,3578.2700000000000000,3578.2700
28656,,3578.2700000000000000,3578.2700
28655,,3578.2700000000000000,3578.2700
28654,,3578.2700000000000000,3578.2700
28653,,3578.2700000000000000,3578.2700
28652,,3578.2700000000000000,3578.2700
28651,,3578.2700000000000000,3578.2700
28650,,3578.2700000000000000,3578.2700
28649,,3578.2700000000000000,3578.2700
28648,,3578.2700000000000000,3578.2700
28647,,3578.2700000000000000,3578.2700
28646,,3578.2700000000000000,3578.2700
28645,,3578.2700000000000000,3578.2700
28644,,3578.2700000000000000,3578.2700
28643,,3578.2700000000000000,3578.2700
28642,,27.2800000000000000,27.2800
28641,,83.9700000000000000,83.9700
28640,,69.9900000000000000,69.9900
28639,,190.2700000000000000,190.2700
28638,,37.9700000000000000,37.9700
28637,,31.2700000000000000,31.2700
28636,,78.9700000000000000,78.9700
28635,,3578.2700000000000000,3578.2700
28634,,126.9500000000000000,126.9500
28633,,187.9800000000000000,187.9800
28632,,74.9800000000000000,74.9800
28631,,144.4700000000000000,144.4700
28630,,3578.2700000000000000,3578.2700
28629,,3578.2700000000000000,3578.2700
28628,,3578.2700000000000000,3578.2700
28627,,3578.2700000000000000,3578.2700
28626,,3578.2700000000000000,3578.2700
28625,,3578.2700000000000000,3578.2700
28624,,3578.2700000000000000,3578.2700
28623,,27.2800000000000000,27.2800
28622,,88.4600000000000000,88.4600
28621,,3578.2700000000000000,3578.2700
28620,,3578.2700000000000000,3578.2700
28619,,3578.2700000000000000,3578.2700
28618,,3578.2700000000000000,3578.2700
28617,,178.9800000000000000,178.9800
28616,,120.0000000000000000,120.0000
28615,,8.9900000000000000,8.9900
28614,,8.9900000000000000,8.9900
28613,,8.9900000000000000,8.9900
28612,,8.9900000000000000,8.9900
28611,,8.9900000000000000,8.9900
28610,,8.9900000000000000,8.9900
28609,,63.9700000000000000,63.9700
28608,,78.9800000000000000,78.9800
28607,,7.9500000000000000,7.9500
28606,,7.9500000000000000,7.9500
28605,,7.9500000000000000,7.9500
28604,,7.9500000000000000,7.9500
28603,,7.9500000000000000,7.9500
28602,,144.4700000000000000,144.4700
28601,,7.9500000000000000,7.9500
28600,,119.9800000000000000,119.9800
28599,,7.9500000000000000,7.9500
28598,,3578.2700000000000000,3578.2700
28597,,7.9500000000000000,7.9500
28596,,7.9500000000000000,7.9500
28595,,49.9900000000000000,49.9900
28594,,49.9900000000000000,49.9900
28593,,34.9900000000000000,34.9900
28592,,34.9900000000000000,34.9900
28591,,34.9900000000000000,34.9900
28590,,59.4800000000000000,59.4800
28589,,69.9900000000000000,69.9900
28588,,3578.2700000000000000,3578.2700
28587,,3578.2700000000000000,3578.2700
28586,,3578.2700000000000000,3578.2700
28585,,34.9900000000000000,34.9900
28584,,3578.2700000000000000,3578.2700
28583,,3578.2700000000000000,3578.2700
28582,,34.9900000000000000,34.9900
28581,,119.9800000000000000,119.9800
28580,,2396.5600000000000000,4793.1200
28579,,7.2800000000000000,7.2800
28578,,39.9800000000000000,39.9800
28577,,7.2800000000000000,7.2800
28576,,39.9800000000000000,39.9800
28575,,69.9900000000000000,69.9900
28574,,3578.2700000000000000,3578.2700
28573,,3578.2700000000000000,3578.2700
28572,,31.2700000000000000,31.2700
28571,,29.4800000000000000,29.4800
28570,,67.4900000000000000,67.4900
28569,,1602.2891000000000000,3204.5782
28568,,1145.4800000000000000,1145.4800
28567,,69.9900000000000000,69.9900
28566,,58.4700000000000000,58.4700
28565,,58.4700000000000000,58.4700
28564,,1174.4800000000000000,1174.4800
28563,,1197.9700000000000000,1197.9700
28562,,1609.5948000000000000,3219.1896
28561,,23.7800000000000000,23.7800
28560,,2071.4196000000000000,2071.4196
28559,,2049.0982000000000000,2049.0982
28558,,68.9700000000000000,68.9700
28557,,2419.0600000000000000,2419.0600
28556,,1155.4800000000000000,1155.4800
28555,,1134.4700000000000000,1134.4700
28554,,1155.4800000000000000,1155.4800
28553,,1608.4498000000000000,3216.8996
28552,,21.4900000000000000,21.4900
28551,,69.9900000000000000,69.9900
28550,,123.9800000000000000,123.9800
28549,,2418.0500000000000000,2418.0500
28548,,751.3400000000000000,751.3400
28547,,2049.0982000000000000,2049.0982
28546,,119.9800000000000000,119.9800
28545,,132.9700000000000000,132.9700
28544,,33.9800000000000000,33.9800
28543,,108.4600000000000000,108.4600
28542,,78.9800000000000000,78.9800
28541,,2049.0982000000000000,2049.0982
28540,,2049.0982000000000000,2049.0982
28539,,119.9800000000000000,119.9800
28538,,36.2700000000000000,36.2700
28537,,39.9800000000000000,39.9800
28536,,13.9800000000000000,13.9800
28535,,2433.0400000000000000,2433.0400
28534,,603.4900000000000000,603.4900
28533,,4.9900000000000000,4.9900
28532,,2071.4196000000000000,2071.4196
28531,,751.3400000000000000,751.3400
28530,,588.9600000000000000,588.9600
28529,,2049.0982000000000000,2049.0982
28528,,751.3400000000000000,751.3400
28527,,563.7700000000000000,563.7700
28526,,60.4700000000000000,60.4700
28525,,574.9800000000000000,574.9800
28524,,2398.0500000000000000,2398.0500
28523,,2433.0400000000000000,2433.0400
28522,,1197.9700000000000000,1197.9700
28521,,1164.4700000000000000,1164.4700
28520,,1613.4498000000000000,3226.8996
28519,,2049.0982000000000000,2049.0982
28518,,750.3000000000000000,750.3000
28517,,578.4600000000000000,578.4600
28516,,563.7700000000000000,563.7700
28515,,565.4700000000000000,565.4700
28514,,78.9800000000000000,78.9800
28513,,811.3200000000000000,811.3200
28512,,2049.0982000000000000,2049.0982
28511,,562.9600000000000000,562.9600
28510,,2071.4196000000000000,2071.4196
28509,,777.3400000000000000,777.3400
28508,,574.9800000000000000,574.9800
28507,,777.3400000000000000,777.3400
28506,,1606.7841000000000000,3213.5682
28505,,827.3300000000000000,827.3300
28504,,3374.9900000000000000,3374.9900
28503,,578.4600000000000000,578.4600
28502,,777.3400000000000000,777.3400
28501,,786.3300000000000000,786.3300
28500,,777.3400000000000000,777.3400
28499,,778.6200000000000000,778.6200
28498,,78.9800000000000000,78.9800
28497,,776.3300000000000000,776.3300
28496,,69.9900000000000000,69.9900
28495,,119.9800000000000000,119.9800
28494,,751.3400000000000000,751.3400
28493,,814.8000000000000000,814.8000
28492,,3374.9900000000000000,3374.9900
28491,,3374.9900000000000000,3374.9900
28490,,778.6200000000000000,778.6200
28489,,786.3300000000000000,786.3300
28488,,742.3500000000000000,742.3500
28487,,805.3300000000000000,805.3300
28486,,776.3300000000000000,776.3300
28485,,751.3400000000000000,751.3400
28484,,778.6200000000000000,778.6200
28483,,765.3200000000000000,765.3200
28482,,777.3400000000000000,777.3400
28481,,778.6200000000000000,778.6200
28480,,742.3500000000000000,742.3500
28479,,831.3300000000000000,831.3300
28478,,3374.9900000000000000,3374.9900
28477,,548.9800000000000000,548.9800
28476,,119.9800000000000000,119.9800
28475,,123.9800000000000000,123.9800
28474,,565.4700000000000000,565.4700
28473,,21.4900000000000000,21.4900
28472,,750.3000000000000000,750.3000
28471,,3374.9900000000000000,3374.9900
28470,,3399.9900000000000000,3399.9900
28469,,60.4700000000000000,60.4700
28468,,60.4700000000000000,60.4700
28467,,36.2700000000000000,36.2700
28466,,119.9800000000000000,119.9800
28465,,68.9700000000000000,68.9700
28464,,69.9900000000000000,69.9900
28463,,21.4900000000000000,21.4900
28462,,69.9900000000000000,69.9900
28461,,33.9800000000000000,33.9800
28460,,119.9800000000000000,119.9800
28459,,21.4900000000000000,21.4900
28458,,3374.9900000000000000,3374.9900
28457,,69.9900000000000000,69.9900
28456,,69.9900000000000000,69.9900
28455,,42.9700000000000000,42.9700
28454,,88.9700000000000000,88.9700
28453,,36.2700000000000000,36.2700
28452,,69.9900000000000000,69.9900
28451,,30.4800000000000000,30.4800
28450,,68.9700000000000000,68.9700
28449,,3374.9900000000000000,3374.9900
28448,,21.4900000000000000,21.4900
28447,,69.9900000000000000,69.9900
28446,,2398.0500000000000000,2398.0500
28445,,33.9800000000000000,33.9800
28444,,123.9800000000000000,123.9800
28443,,3374.9900000000000000,3374.9900
28442,,69.9900000000000000,69.9900
28441,,36.5900000000000000,36.5900
28440,,38.8800000000000000,38.8800
28439,,60.4700000000000000,60.4700
28438,,574.9800000000000000,574.9800
28437,,567.7600000000000000,567.7600
28436,,617.4700000000000000,617.4700
28435,,42.9700000000000000,42.9700
28434,,751.3400000000000000,751.3400
28433,,32.6000000000000000,32.6000
28432,,28.9900000000000000,28.9900
28431,,197.8800000000000000,197.8800
28430,,42.9700000000000000,42.9700
28429,,34.8900000000000000,34.8900
28428,,603.4900000000000000,603.4900
28427,,539.9900000000000000,539.9900
28426,,60.4700000000000000,60.4700
28425,,588.9600000000000000,588.9600
28424,,564.4800000000000000,564.4800
28423,,33.9800000000000000,33.9800
28422,,34.8900000000000000,34.8900
28421,,776.3300000000000000,776.3300
28420,,2267.2300000000000000,4534.4600
28419,,2282.2300000000000000,4564.4600
28418,,2269.7300000000000000,4539.4600
28417,,2426.0000000000000000,2426.0000
28416,,2442.0300000000000000,2442.0300
28415,,2428.0500000000000000,2428.0500
28414,,3399.9900000000000000,3399.9900
28413,,23.7800000000000000,23.7800
28412,,45.5800000000000000,45.5800
28411,,134.9500000000000000,134.9500
28410,,60.4700000000000000,60.4700
28409,,28.9900000000000000,28.9900
28408,,23.7800000000000000,23.7800
28407,,3374.9900000000000000,3374.9900
28406,,100.0900000000000000,100.0900
28405,,1155.4800000000000000,1155.4800
28404,,56.9500000000000000,56.9500
28403,,2419.0600000000000000,2419.0600
28402,,71.5800000000000000,71.5800
28401,,3374.9900000000000000,3374.9900
28400,,777.3400000000000000,777.3400
28399,,553.9700000000000000,553.9700
28398,,71.5800000000000000,71.5800
28397,,2419.0600000000000000,2419.0600
28396,,1155.4800000000000000,1155.4800
28395,,2277.2300000000000000,4554.4600
28394,,2277.7350000000000000,4555.4700
28393,,2269.7300000000000000,4539.4600
28392,,23.7800000000000000,23.7800
28391,,32.6000000000000000,32.6000
28390,,3374.9900000000000000,3374.9900
28389,,3399.9900000000000000,3399.9900
28388,,751.3400000000000000,751.3400
28387,,583.9700000000000000,583.9700
28386,,600.4600000000000000,600.4600
28385,,71.5800000000000000,71.5800
28384,,67.5900000000000000,67.5900
28383,,742.3500000000000000,742.3500
28382,,786.3300000000000000,786.3300
28381,,92.9600000000000000,92.9600
28380,,34.8900000000000000,34.8900
28379,,61.0800000000000000,61.0800
28378,,38.8800000000000000,38.8800
28377,,2433.0400000000000000,2433.0400
28376,,1134.4700000000000000,1134.4700
28375,,567.7600000000000000,567.7600
28374,,68.9700000000000000,68.9700
28373,,38.8800000000000000,38.8800
28372,,607.9600000000000000,607.9600
28371,,539.9900000000000000,539.9900
28370,,638.9500000000000000,638.9500
28369,,777.3400000000000000,777.3400
28368,,791.3200000000000000,791.3200
28367,,600.4600000000000000,600.4600
28366,,578.4600000000000000,578.4600
28365,,2433.0400000000000000,2433.0400
28364,,1170.4800000000000000,1170.4800
28363,,3578.2700000000000000,3578.2700
28362,,3578.2700000000000000,3578.2700
28361,,13.9800000000000000,13.9800
28360,,7.2800000000000000,7.2800
28359,,78.9800000000000000,78.9800
28358,,4.9900000000000000,4.9900
28357,,133.4900000000000000,133.4900
28356,,59.9800000000000000,59.9800
28355,,3578.2700000000000000,3578.2700
28354,,3578.2700000000000000,3578.2700
28353,,548.9800000000000000,548.9800
28352,,562.9600000000000000,562.9600
28351,,574.9800000000000000,574.9800
28350,,13.9800000000000000,13.9800
28349,,39.9800000000000000,39.9800
28348,,68.4900000000000000,68.4900
28347,,73.9600000000000000,73.9600
28346,,94.4800000000000000,94.4800
28345,,4.9900000000000000,4.9900
28344,,53.9900000000000000,53.9900
28343,,53.9900000000000000,53.9900
28342,,69.9900000000000000,69.9900
28341,,128.9700000000000000,128.9700
28340,,3578.2700000000000000,3578.2700
28339,,3578.2700000000000000,3578.2700
28338,,47.9700000000000000,47.9700
28337,,59.9800000000000000,59.9800
28336,,138.9700000000000000,138.9700
28335,,62.9800000000000000,62.9800
28334,,53.9900000000000000,53.9900
28333,,53.9900000000000000,53.9900
28332,,94.4800000000000000,94.4800
28331,,53.9900000000000000,53.9900
28330,,10.2400000000000000,10.2400
28329,,6.2800000000000000,6.2800
28328,,4.9900000000000000,4.9900
28327,,2407.0400000000000000,2407.0400
28326,,2442.5400000000000000,2442.5400
28325,,574.9800000000000000,574.9800
28324,,548.9800000000000000,548.9800
28323,,2384.0700000000000000,2384.0700
28322,,29.4800000000000000,29.4800
28321,,599.4700000000000000,599.4700
28320,,539.9900000000000000,539.9900
28319,,556.9300000000000000,556.9300
28318,,574.9800000000000000,574.9800
28317,,539.9900000000000000,539.9900
28316,,539.9900000000000000,539.9900
28315,,556.9300000000000000,556.9300
28314,,553.9700000000000000,553.9700
28313,,647.9400000000000000,647.9400
28312,,574.9800000000000000,574.9800
28311,,2393.0600000000000000,2393.0600
28310,,4.9900000000000000,4.9900
28309,,2419.0600000000000000,2419.0600
28308,,588.9600000000000000,588.9600
28307,,561.4800000000000000,561.4800
28306,,4.9900000000000000,4.9900
28305,,29.4800000000000000,29.4800
28304,,91.9700000000000000,91.9700
28303,,74.9800000000000000,74.9800
28302,,78.9800000000000000,78.9800
28301,,161.2900000000000000,161.2900
28300,,2.2900000000000000,2.2900
28299,,3578.2700000000000000,3578.2700
28298,,2414.0550000000000000,4828.1100
28297,,2985.6650000000000000,5971.3300
28296,,2998.6650000000000000,5997.3300
28295,,3578.2700000000000000,3578.2700
28294,,3578.2700000000000000,3578.2700
28293,,3578.2700000000000000,3578.2700
28292,,61.9600000000000000,61.9600
28291,,39.9800000000000000,39.9800
28290,,64.4700000000000000,64.4700
28289,,54.9800000000000000,54.9800
28288,,3019.6500000000000000,6039.3000
28287,,103.4800000000000000,103.4800
28286,,4.9900000000000000,4.9900
28285,,2998.6650000000000000,5997.3300
28284,,563.7700000000000000,563.7700
28283,,39.9800000000000000,39.9800
28282,,4.9900000000000000,4.9900
28281,,7.2800000000000000,7.2800
28280,,4.9900000000000000,4.9900
28279,,7.2800000000000000,7.2800
28278,,39.9800000000000000,39.9800
28277,,4.9900000000000000,4.9900
28276,,64.4700000000000000,64.4700
28275,,39.9800000000000000,39.9800
28274,,4.9900000000000000,4.9900
28273,,2981.1700000000000000,5962.3400
28272,,111.9500000000000000,111.9500
28271,,3578.2700000000000000,3578.2700
28270,,3578.2700000000000000,3578.2700
28269,,13.9800000000000000,13.9800
28268,,2998.6650000000000000,5997.3300
28267,,64.4700000000000000,64.4700
28266,,4.9900000000000000,4.9900
28265,,39.9800000000000000,39.9800
28264,,2998.6650000000000000,5997.3300
28263,,39.9800000000000000,39.9800
28262,,7.2800000000000000,7.2800
28261,,27.9200000000000000,27.9200
28260,,7.2800000000000000,7.2800
28259,,3059.3050000000000000,6118.6100
28258,,7.2800000000000000,7.2800
28257,,2988.1600000000000000,5976.3200
28256,,29.4800000000000000,29.4800
28255,,3025.6550000000000000,6051.3100
28254,,166.2800000000000000,166.2800
28253,,13.9800000000000000,13.9800
28252,,4.9900000000000000,4.9900
28251,,4.9900000000000000,4.9900
28250,,3008.1650000000000000,6016.3300
28249,,27.9600000000000000,27.9600
28248,,4.9900000000000000,4.9900
28247,,2981.1700000000000000,5962.3400
28246,,2988.1600000000000000,5976.3200
28245,,7.2800000000000000,7.2800
28244,,3013.1550000000000000,6026.3100
28243,,3030.4150000000000000,6060.8300
28242,,7.2800000000000000,7.2800
28241,,130.4600000000000000,130.4600
28240,,2999.3050000000000000,5998.6100
28239,,7.2800000000000000,7.2800
28238,,21.4900000000000000,21.4900
28237,,33.4300000000000000,33.4300
28236,,60.4700000000000000,60.4700
28235,,30.4800000000000000,30.4800
28234,,2988.1600000000000000,5976.3200
28233,,21.4900000000000000,21.4900
28232,,143.7800000000000000,143.7800
28231,,23.7800000000000000,23.7800
28230,,25.4800000000000000,25.4800
28229,,27.7700000000000000,27.7700
28228,,21.4900000000000000,21.4900
28227,,60.4700000000000000,60.4700
28226,,60.4700000000000000,60.4700
28225,,60.4700000000000000,60.4700
28224,,3008.1650000000000000,6016.3300
28223,,3578.2700000000000000,3578.2700
28222,,3578.2700000000000000,3578.2700
28221,,3578.2700000000000000,3578.2700
28220,,13.9800000000000000,13.9800
28219,,39.9800000000000000,39.9800
28218,,18.9700000000000000,18.9700
28217,,2408.2900000000000000,2408.2900
28216,,7.2800000000000000,7.2800
28215,,589.9600000000000000,589.9600
28214,,59.9800000000000000,59.9800
28213,,39.9800000000000000,39.9800
28212,,619.4600000000000000,619.4600
28211,,539.9900000000000000,539.9900
28210,,564.4800000000000000,564.4800
28209,,574.9800000000000000,574.9800
28208,,2398.0500000000000000,2398.0500
28207,,2461.5500000000000000,2461.5500
28206,,2398.0500000000000000,2398.0500
28205,,603.4900000000000000,603.4900
28204,,2419.0600000000000000,2419.0600
28203,,2384.0700000000000000,2384.0700
28202,,2419.0600000000000000,2419.0600
28201,,2419.0600000000000000,2419.0600
28200,,3578.2700000000000000,3578.2700
28199,,3578.2700000000000000,3578.2700
28198,,3578.2700000000000000,3578.2700
28197,,3578.2700000000000000,3578.2700
28196,,2992.6550000000000000,5985.3100
28195,,574.9800000000000000,574.9800
28194,,3057.4050000000000000,6114.8100
28193,,3008.1650000000000000,6016.3300
28192,,30.4800000000000000,30.4800
28191,,2998.6650000000000000,5997.3300
28190,,2998.6650000000000000,5997.3300
28189,,567.7600000000000000,567.7600
28188,,29.4800000000000000,29.4800
28187,,39.9800000000000000,39.9800
28186,,3578.2700000000000000,3578.2700
28185,,3578.2700000000000000,3578.2700
28184,,3578.2700000000000000,3578.2700
28183,,3578.2700000000000000,3578.2700
28182,,3578.2700000000000000,3578.2700
28181,,3578.2700000000000000,3578.2700
28180,,3578.2700000000000000,3578.2700
28179,,3578.2700000000000000,3578.2700
28178,,3578.2700000000000000,3578.2700
28177,,3578.2700000000000000,3578.2700
28176,,3578.2700000000000000,3578.2700
28175,,7.2800000000000000,7.2800
28174,,39.9800000000000000,39.9800
28173,,3578.2700000000000000,3578.2700
28172,,3578.2700000000000000,3578.2700
28171,,3578.2700000000000000,3578.2700
28170,,3578.2700000000000000,3578.2700
28169,,3578.2700000000000000,3578.2700
28168,,3578.2700000000000000,3578.2700
28167,,3578.2700000000000000,3578.2700
28166,,3578.2700000000000000,3578.2700
28165,,3578.2700000000000000,3578.2700
28164,,3578.2700000000000000,3578.2700
28163,,3578.2700000000000000,3578.2700
28162,,3578.2700000000000000,3578.2700
28161,,3578.2700000000000000,3578.2700
28160,,574.9800000000000000,574.9800
28159,,2989.3050000000000000,5978.6100
28158,,2998.6650000000000000,5997.3300
28157,,7.2800000000000000,7.2800
28156,,2998.6650000000000000,5997.3300
28155,,2981.1700000000000000,5962.3400
28154,,2985.6650000000000000,5971.3300
28153,,570.4700000000000000,570.4700
28152,,3012.6600000000000000,6025.3200
28151,,4.9900000000000000,4.9900
28150,,3578.2700000000000000,3578.2700
28149,,3578.2700000000000000,3578.2700
28148,,3578.2700000000000000,3578.2700
28147,,3578.2700000000000000,3578.2700
28146,,60.4700000000000000,60.4700
28145,,3578.2700000000000000,3578.2700
28144,,15.2300000000000000,15.2300
28143,,13.9800000000000000,13.9800
28142,,3578.2700000000000000,3578.2700
28141,,94.4800000000000000,94.4800
28140,,39.9800000000000000,39.9800
28139,,127.2800000000000000,127.2800
28138,,7.2800000000000000,7.2800
28137,,7.2800000000000000,7.2800
28136,,2384.0700000000000000,2384.0700
28135,,548.9800000000000000,548.9800
28134,,574.9800000000000000,574.9800
28133,,574.9800000000000000,574.9800
28132,,548.9800000000000000,548.9800
28131,,3005.6550000000000000,6011.3100
28130,,3578.2700000000000000,3578.2700
28129,,3578.2700000000000000,3578.2700
28128,,12.9400000000000000,12.9400
28127,,4.9900000000000000,4.9900
28126,,13.9800000000000000,13.9800
28125,,4.9900000000000000,4.9900
28124,,21.2600000000000000,21.2600
28123,,4.9900000000000000,4.9900
28122,,39.9800000000000000,39.9800
28121,,119.9800000000000000,119.9800
28120,,539.9900000000000000,539.9900
28119,,574.9800000000000000,574.9800
28118,,588.9600000000000000,588.9600
28117,,565.4700000000000000,565.4700
28116,,617.4700000000000000,617.4700
28115,,562.9600000000000000,562.9600
28114,,570.4700000000000000,570.4700
28113,,901.3500000000000000,901.3500
28112,,3578.2700000000000000,3578.2700
28111,,865.3100000000000000,865.3100
28110,,845.3100000000000000,845.3100
28109,,778.6200000000000000,778.6200
28108,,751.3400000000000000,751.3400
28107,,810.3200000000000000,810.3200
28106,,12.9400000000000000,12.9400
28105,,7.2800000000000000,7.2800
28104,,7.2800000000000000,7.2800
28103,,1214.8500000000000000,1214.8500
28102,,1299.8300000000000000,1299.8300
28101,,78.9800000000000000,78.9800
28100,,49.9700000000000000,49.9700
28099,,3010.9100000000000000,6021.8200
28098,,1249.8400000000000000,1249.8400
28097,,3578.2700000000000000,3578.2700
28096,,3578.2700000000000000,3578.2700
28095,,2.2900000000000000,2.2900
28094,,2.2900000000000000,2.2900
28093,,2.2900000000000000,2.2900
28092,,3578.2700000000000000,3578.2700
28091,,1249.8400000000000000,1249.8400
28090,,39.9800000000000000,39.9800
28089,,15.2300000000000000,15.2300
28088,,3578.2700000000000000,3578.2700
28087,,7.2800000000000000,7.2800
28086,,166.2800000000000000,166.2800
28085,,4.9900000000000000,4.9900
28084,,60.4700000000000000,60.4700
28083,,2981.1700000000000000,5962.3400
28082,,60.4700000000000000,60.4700
28081,,25.4800000000000000,25.4800
28080,,39.9800000000000000,39.9800
28079,,39.9800000000000000,39.9800
28078,,3005.6550000000000000,6011.3100
28077,,21.4900000000000000,21.4900
28076,,2998.6650000000000000,5997.3300
28075,,88.4200000000000000,88.4200
28074,,12.9400000000000000,12.9400
28073,,7.2800000000000000,7.2800
28072,,548.9800000000000000,548.9800
28071,,2985.6650000000000000,5971.3300
28070,,2998.6650000000000000,5997.3300
28069,,553.9700000000000000,553.9700
28068,,3010.9100000000000000,6021.8200
28067,,2998.6650000000000000,5997.3300
28066,,2998.6650000000000000,5997.3300
28065,,2998.6650000000000000,5997.3300
28064,,2981.1700000000000000,5962.3400
28063,,3013.1550000000000000,6026.3100
28062,,2981.1700000000000000,5962.3400
28061,,3003.1600000000000000,6006.3200
28060,,39.9800000000000000,39.9800
28059,,82.4700000000000000,82.4700
28058,,21.4900000000000000,21.4900
28057,,21.4900000000000000,21.4900
28056,,30.4800000000000000,30.4800
28055,,75.4800000000000000,75.4800
28054,,25.4800000000000000,25.4800
28053,,68.9700000000000000,68.9700
28052,,67.9300000000000000,67.9300
28051,,3578.2700000000000000,3578.2700
28050,,21.4900000000000000,21.4900
28049,,27.7700000000000000,27.7700
28048,,84.4700000000000000,84.4700
28047,,3578.2700000000000000,3578.2700
28046,,69.9900000000000000,69.9900
28045,,119.9800000000000000,119.9800
28044,,3578.2700000000000000,3578.2700
28043,,39.9800000000000000,39.9800
28042,,3578.2700000000000000,3578.2700
28041,,3578.2700000000000000,3578.2700
28040,,3578.2700000000000000,3578.2700
28039,,3578.2700000000000000,3578.2700
28038,,2992.6550000000000000,5985.3100
28037,,34.4700000000000000,34.4700
28036,,3578.2700000000000000,3578.2700
28035,,69.9900000000000000,69.9900
28034,,69.9900000000000000,69.9900
28033,,25.4800000000000000,25.4800
28032,,75.4700000000000000,75.4700
28031,,3023.6600000000000000,6047.3200
28030,,2985.6650000000000000,5971.3300
28029,,39.9800000000000000,39.9800
28028,,64.4700000000000000,64.4700
28027,,119.9800000000000000,119.9800
28026,,7.2800000000000000,7.2800
28025,,69.9900000000000000,69.9900
28024,,194.7200000000000000,194.7200
28023,,39.9800000000000000,39.9800
28022,,3578.2700000000000000,3578.2700
28021,,78.9800000000000000,78.9800
28020,,39.9800000000000000,39.9800
28019,,7.2800000000000000,7.2800
28018,,3578.2700000000000000,3578.2700
28017,,3578.2700000000000000,3578.2700
28016,,2.2900000000000000,2.2900
28015,,29.4800000000000000,29.4800
28014,,3578.2700000000000000,3578.2700
28013,,3578.2700000000000000,3578.2700
28012,,7.2800000000000000,7.2800
28011,,7.2800000000000000,7.2800
28010,,64.4700000000000000,64.4700
28009,,7.2800000000000000,7.2800
28008,,7.2800000000000000,7.2800
28007,,39.9800000000000000,39.9800
28006,,7.2800000000000000,7.2800
28005,,7.2800000000000000,7.2800
28004,,7.2800000000000000,7.2800
28003,,4.9900000000000000,4.9900
28002,,39.9800000000000000,39.9800
28001,,39.9800000000000000,39.9800
28000,,94.4800000000000000,94.4800
27999,,102.9600000000000000,102.9600
27998,,144.4700000000000000,144.4700
27997,,4.9900000000000000,4.9900
27996,,67.9300000000000000,67.9300
27995,,4.9900000000000000,4.9900
27994,,7.2800000000000000,7.2800
27993,,2.2900000000000000,2.2900
27992,,2.2900000000000000,2.2900
27991,,2.2900000000000000,2.2900
27990,,38.9800000000000000,38.9800
27989,,3.9900000000000000,3.9900
27988,,7.2800000000000000,7.2800
27987,,553.9700000000000000,553.9700
27986,,553.9700000000000000,553.9700
27985,,539.9900000000000000,539.9900
27984,,561.4800000000000000,561.4800
27983,,539.9900000000000000,539.9900
27982,,603.4900000000000000,603.4900
27981,,39.9800000000000000,39.9800
27980,,29.4800000000000000,29.4800
27979,,4.9900000000000000,4.9900
27978,,29.4800000000000000,29.4800
27977,,553.9700000000000000,553.9700
27976,,58.9800000000000000,58.9800
27975,,83.4700000000000000,83.4700
27974,,553.9700000000000000,553.9700
27973,,539.9900000000000000,539.9900
27972,,67.9300000000000000,67.9300
27971,,58.9800000000000000,58.9800
27970,,64.4700000000000000,64.4700
27969,,599.4700000000000000,599.4700
27968,,39.9800000000000000,39.9800
27967,,553.9700000000000000,553.9700
27966,,39.9800000000000000,39.9800
27965,,565.4700000000000000,565.4700
27964,,6.2800000000000000,6.2800
27963,,7.2800000000000000,7.2800
27962,,7.2800000000000000,7.2800
27961,,29.4800000000000000,29.4800
27960,,7.2800000000000000,7.2800
27959,,54.9800000000000000,54.9800
27958,,38.9800000000000000,38.9800
27957,,6.2800000000000000,6.2800
27956,,553.9700000000000000,553.9700
27955,,38.9800000000000000,38.9800
27954,,39.9800000000000000,39.9800
27953,,548.9800000000000000,548.9800
27952,,2479.9400000000000000,2479.9400
27951,,2334.9700000000000000,2334.9700
27950,,4.9900000000000000,4.9900
27949,,553.9700000000000000,553.9700
27948,,2457.3300000000000000,2457.3300
27947,,4.9900000000000000,4.9900
27946,,1143.4600000000000000,1143.4600
27945,,12.9800000000000000,12.9800
27944,,2578.9100000000000000,2578.9100
27943,,2443.3500000000000000,2443.3500
27942,,29.4800000000000000,29.4800
27941,,15.2300000000000000,15.2300
27940,,38.9800000000000000,38.9800
27939,,92.9700000000000000,92.9700
27938,,38.9800000000000000,38.9800
27937,,2641.2300000000000000,2641.2300
27936,,24.9900000000000000,24.9900
27935,,113.9600000000000000,113.9600
27934,,4.9900000000000000,4.9900
27933,,12.9400000000000000,12.9400
27932,,123.4800000000000000,123.4800
27931,,7.2800000000000000,7.2800
27930,,36.2700000000000000,36.2700
27929,,3.9900000000000000,3.9900
27928,,1120.4900000000000000,1120.4900
27927,,3.9900000000000000,3.9900
27926,,4.9900000000000000,4.9900
27925,,38.9800000000000000,38.9800
27924,,2525.9400000000000000,2525.9400
27923,,28.9900000000000000,28.9900
27922,,60.4700000000000000,60.4700
27921,,7.2800000000000000,7.2800
27920,,2998.6650000000000000,5997.3300
27919,,3008.1650000000000000,6016.3300
27918,,2999.3050000000000000,5998.6100
27917,,3578.2700000000000000,3578.2700
27916,,39.9800000000000000,39.9800
27915,,39.9800000000000000,39.9800
27914,,39.9800000000000000,39.9800
27913,,4.9900000000000000,4.9900
27912,,60.4700000000000000,60.4700
27911,,25.4800000000000000,25.4800
27910,,574.9800000000000000,574.9800
27909,,548.9800000000000000,548.9800
27908,,786.3300000000000000,786.3300
27907,,578.4600000000000000,578.4600
27906,,539.9900000000000000,539.9900
27905,,21.4900000000000000,21.4900
27904,,156.7600000000000000,156.7600
27903,,38.8800000000000000,38.8800
27902,,1174.4800000000000000,1174.4800
27901,,2433.0400000000000000,2433.0400
27900,,777.3400000000000000,777.3400
27899,,777.3400000000000000,777.3400
27898,,751.3400000000000000,751.3400
27897,,750.3000000000000000,750.3000
27896,,539.9900000000000000,539.9900
27895,,811.3200000000000000,811.3200
27894,,548.9800000000000000,548.9800
27893,,34.8900000000000000,34.8900
27892,,649.4600000000000000,649.4600
27891,,597.9500000000000000,597.9500
27890,,561.4800000000000000,561.4800
27889,,71.5800000000000000,71.5800
27888,,22.9300000000000000,22.9300
27887,,39.4700000000000000,39.4700
27886,,39.9800000000000000,39.9800
27885,,603.4900000000000000,603.4900
27884,,756.3300000000000000,756.3300
27883,,778.6200000000000000,778.6200
27882,,791.3200000000000000,791.3200
27881,,777.3400000000000000,777.3400
27880,,2393.0600000000000000,2393.0600
27879,,1313.3400000000000000,1313.3400
27878,,1283.8200000000000000,1283.8200
27877,,1228.8300000000000000,1228.8300
27876,,1214.8500000000000000,1214.8500
27875,,1268.8400000000000000,1268.8400
27874,,1288.3100000000000000,1288.3100
27873,,1249.8400000000000000,1249.8400
27872,,2393.0600000000000000,2393.0600
27871,,2384.0700000000000000,2384.0700
27870,,2419.0600000000000000,2419.0600
27869,,2462.5500000000000000,2462.5500
27868,,2419.0600000000000000,2419.0600
27867,,2443.5500000000000000,2443.5500
27866,,2398.0500000000000000,2398.0500
27865,,2419.0600000000000000,2419.0600
27864,,2447.0500000000000000,2447.0500
27863,,565.4700000000000000,565.4700
27862,,548.9800000000000000,548.9800
27861,,539.9900000000000000,539.9900
27860,,615.4700000000000000,615.4700
27859,,777.3400000000000000,777.3400
27858,,75.4700000000000000,75.4700
27857,,39.9800000000000000,39.9800
27856,,578.4600000000000000,578.4600
27855,,23.7800000000000000,23.7800
27854,,750.3000000000000000,750.3000
27853,,18.9700000000000000,18.9700
27852,,574.9800000000000000,574.9800
27851,,39.9800000000000000,39.9800
27850,,72.9600000000000000,72.9600
27849,,39.9800000000000000,39.9800
27848,,27.7700000000000000,27.7700
27847,,23.7800000000000000,23.7800
27846,,791.3200000000000000,791.3200
27845,,751.3400000000000000,751.3400
27844,,89.9700000000000000,89.9700
27843,,27.7700000000000000,27.7700
27842,,23.7800000000000000,23.7800
27841,,60.4700000000000000,60.4700
27840,,48.9700000000000000,48.9700
27839,,2419.0600000000000000,2419.0600
27838,,30.4800000000000000,30.4800
27837,,60.4700000000000000,60.4700
27836,,4.9900000000000000,4.9900
27835,,43.4600000000000000,43.4600
27834,,13.9800000000000000,13.9800
27833,,21.4900000000000000,21.4900
27832,,21.4900000000000000,21.4900
27831,,27.7700000000000000,27.7700
27830,,60.4700000000000000,60.4700
27829,,39.9800000000000000,39.9800
27828,,27.7700000000000000,27.7700
27827,,25.4800000000000000,25.4800
27826,,23.7800000000000000,23.7800
27825,,901.3500000000000000,901.3500
27824,,786.3300000000000000,786.3300
27823,,1164.4700000000000000,1164.4700
27822,,34.4700000000000000,34.4700
27821,,2428.0500000000000000,2428.0500
27820,,2419.0600000000000000,2419.0600
27819,,2419.0600000000000000,2419.0600
27818,,607.9600000000000000,607.9600
27817,,563.7700000000000000,563.7700
27816,,48.9700000000000000,48.9700
27815,,110.4600000000000000,110.4600
27814,,182.7800000000000000,182.7800
27813,,23.7800000000000000,23.7800
27812,,39.9800000000000000,39.9800
27811,,1155.4800000000000000,1155.4800
27810,,578.4600000000000000,578.4600
27809,,1164.4700000000000000,1164.4700
27808,,866.3100000000000000,866.3100
27807,,4.9900000000000000,4.9900
27806,,3.9900000000000000,3.9900
27805,,48.9700000000000000,48.9700
27804,,53.9800000000000000,53.9800
27803,,39.9800000000000000,39.9800
27802,,561.4800000000000000,561.4800
27801,,777.3400000000000000,777.3400
27800,,1120.4900000000000000,1120.4900
27799,,1174.4800000000000000,1174.4800
27798,,1174.4800000000000000,1174.4800
27797,,1120.4900000000000000,1120.4900
27796,,1134.4700000000000000,1134.4700
27795,,1174.4800000000000000,1174.4800
27794,,25.4800000000000000,25.4800
27793,,54.9800000000000000,54.9800
27792,,751.3400000000000000,751.3400
27791,,777.3400000000000000,777.3400
27790,,562.9600000000000000,562.9600
27789,,553.9700000000000000,553.9700
27788,,6.2800000000000000,6.2800
27787,,69.4600000000000000,69.4600
27786,,574.9800000000000000,574.9800
27785,,38.9800000000000000,38.9800
27784,,751.3400000000000000,751.3400
27783,,165.2800000000000000,165.2800
27782,,47.9700000000000000,47.9700
27781,,574.9800000000000000,574.9800
27780,,777.3400000000000000,777.3400
27779,,39.9800000000000000,39.9800
27778,,539.9900000000000000,539.9900
27777,,778.6200000000000000,778.6200
27776,,751.3400000000000000,751.3400
27775,,1120.4900000000000000,1120.4900
27774,,771.3400000000000000,771.3400
27773,,777.3400000000000000,777.3400
27772,,123.4800000000000000,123.4800
27771,,777.3400000000000000,777.3400
27770,,751.3400000000000000,751.3400
27769,,776.3300000000000000,776.3300
27768,,742.3500000000000000,742.3500
27767,,776.3300000000000000,776.3300
27766,,827.3300000000000000,827.3300
27765,,742.3500000000000000,742.3500
27764,,776.3300000000000000,776.3300
27763,,785.3200000000000000,785.3200
27762,,574.9800000000000000,574.9800
27761,,1155.4800000000000000,1155.4800
27760,,1169.4600000000000000,1169.4600
27759,,3578.2700000000000000,3578.2700
27758,,69.9900000000000000,69.9900
27757,,132.9700000000000000,132.9700
27756,,69.9900000000000000,69.9900
27755,,60.4700000000000000,60.4700
27754,,23.7800000000000000,23.7800
27753,,25.4800000000000000,25.4800
27752,,3578.2700000000000000,3578.2700
27751,,75.4800000000000000,75.4800
27750,,23.7800000000000000,23.7800
27749,,21.4900000000000000,21.4900
27748,,23.7800000000000000,23.7800
27747,,84.9600000000000000,84.9600
27746,,628.9700000000000000,628.9700
27745,,617.4700000000000000,617.4700
27744,,643.9500000000000000,643.9500
27743,,1155.4800000000000000,1155.4800
27742,,21.4900000000000000,21.4900
27741,,23.7800000000000000,23.7800
27740,,25.4800000000000000,25.4800
27739,,69.9900000000000000,69.9900
27738,,78.9800000000000000,78.9800
27737,,23.7800000000000000,23.7800
27736,,60.4700000000000000,60.4700
27735,,84.9600000000000000,84.9600
27734,,119.9800000000000000,119.9800
27733,,157.2900000000000000,157.2900
27732,,30.4800000000000000,30.4800
27731,,69.9900000000000000,69.9900
27730,,3.9900000000000000,3.9900
27729,,12.9800000000000000,12.9800
27728,,67.4900000000000000,67.4900
27727,,6.2800000000000000,6.2800
27726,,3578.2700000000000000,3578.2700
27725,,119.9800000000000000,119.9800
27724,,69.9900000000000000,69.9900
27723,,1155.4800000000000000,1155.4800
27722,,564.2100000000000000,564.2100
27721,,166.2800000000000000,166.2800
27720,,39.9800000000000000,39.9800
27719,,599.4700000000000000,599.4700
27718,,58.9800000000000000,58.9800
27717,,12.9400000000000000,12.9400
27716,,7.2800000000000000,7.2800
27715,,1147.7700000000000000,1147.7700
27714,,1155.4800000000000000,1155.4800
27713,,1158.9600000000000000,1158.9600
27712,,1174.4800000000000000,1174.4800
27711,,617.4700000000000000,617.4700
27710,,563.7700000000000000,563.7700
27709,,628.9700000000000000,628.9700
27708,,64.4700000000000000,64.4700
27707,,561.4800000000000000,561.4800
27706,,553.9700000000000000,553.9700
27705,,39.9800000000000000,39.9800
27704,,42.2800000000000000,42.2800
27703,,4.9900000000000000,4.9900
27702,,1155.4800000000000000,1155.4800
27701,,1155.4800000000000000,1155.4800
27700,,39.9800000000000000,39.9800
27699,,1155.4800000000000000,1155.4800
27698,,1179.9700000000000000,1179.9700
27697,,1120.4900000000000000,1120.4900
27696,,1183.4700000000000000,1183.4700
27695,,1120.4900000000000000,1120.4900
27694,,1184.4600000000000000,1184.4600
27693,,539.9900000000000000,539.9900
27692,,603.4900000000000000,603.4900
27691,,603.4900000000000000,603.4900
27690,,574.9800000000000000,574.9800
27689,,539.9900000000000000,539.9900
27688,,166.2800000000000000,166.2800
27687,,1183.4700000000000000,1183.4700
27686,,74.9800000000000000,74.9800
27685,,74.9800000000000000,74.9800
27684,,60.4700000000000000,60.4700
27683,,38.9800000000000000,38.9800
27682,,23.7800000000000000,23.7800
27681,,3578.2700000000000000,3578.2700
27680,,35.7200000000000000,35.7200
27679,,31.7300000000000000,31.7300
27678,,3578.2700000000000000,3578.2700
27677,,84.4700000000000000,84.4700
27676,,34.4700000000000000,34.4700
27675,,27.7700000000000000,27.7700
27674,,23.7800000000000000,23.7800
27673,,3578.2700000000000000,3578.2700
27672,,3578.2700000000000000,3578.2700
27671,,2998.6650000000000000,5997.3300
27670,,2988.1600000000000000,5976.3200
27669,,2998.6650000000000000,5997.3300
27668,,3003.2800000000000000,6006.5600
27667,,2998.6650000000000000,5997.3300
27666,,3578.2700000000000000,3578.2700
27665,,21.4900000000000000,21.4900
27664,,60.4700000000000000,60.4700
27663,,3023.6600000000000000,6047.3200
27662,,2998.6650000000000000,5997.3300
27661,,23.7800000000000000,23.7800
27660,,21.4900000000000000,21.4900
27659,,75.4800000000000000,75.4800
27658,,27.7700000000000000,27.7700
27657,,84.9600000000000000,84.9600
27656,,69.9900000000000000,69.9900
27655,,21.4900000000000000,21.4900
27654,,21.4900000000000000,21.4900
27653,,128.9700000000000000,128.9700
27652,,75.4700000000000000,75.4700
27651,,3010.9100000000000000,6021.8200
27650,,23.7800000000000000,23.7800
27649,,3578.2700000000000000,3578.2700
27648,,23.7800000000000000,23.7800
27647,,21.4900000000000000,21.4900
27646,,2998.6650000000000000,5997.3300
27645,,3025.6550000000000000,6051.3100
27644,,23.7800000000000000,23.7800
27643,,54.9800000000000000,54.9800
27642,,30.4800000000000000,30.4800
27641,,2981.1700000000000000,5962.3400
27640,,60.4700000000000000,60.4700
27639,,21.4900000000000000,21.4900
27638,,36.2700000000000000,36.2700
27637,,68.9700000000000000,68.9700
27636,,3005.6550000000000000,6011.3100
27635,,93.4600000000000000,93.4600
27634,,567.7600000000000000,567.7600
27633,,22.2600000000000000,22.2600
27632,,39.9800000000000000,39.9800
27631,,33.9800000000000000,33.9800
27630,,42.9700000000000000,42.9700
27629,,36.2700000000000000,36.2700
27628,,4.9900000000000000,4.9900
27627,,36.2700000000000000,36.2700
27626,,33.9800000000000000,33.9800
27625,,2985.6650000000000000,5971.3300
27624,,28.9900000000000000,28.9900
27623,,2992.1350000000000000,5984.2700
27622,,28.9900000000000000,28.9900
27621,,2985.6650000000000000,5971.3300
27620,,88.9700000000000000,88.9700
27619,,33.9800000000000000,33.9800
27618,,68.9700000000000000,68.9700
27617,,2988.1600000000000000,5976.3200
27616,,2999.3050000000000000,5998.6100
27615,,2999.3050000000000000,5998.6100
27614,,3578.2700000000000000,3578.2700
27613,,782.9900000000000000,782.9900
27612,,3578.2700000000000000,3578.2700
27611,,3578.2700000000000000,3578.2700
27610,,42.9700000000000000,42.9700
27609,,36.2700000000000000,36.2700
27608,,33.9800000000000000,33.9800
27607,,7.2800000000000000,7.2800
27606,,2998.6650000000000000,5997.3300
27605,,3578.2700000000000000,3578.2700
27604,,3578.2700000000000000,3578.2700
27603,,93.4600000000000000,93.4600
27602,,782.9900000000000000,782.9900
27601,,3578.2700000000000000,3578.2700
27600,,23.7800000000000000,23.7800
27599,,603.4900000000000000,603.4900
27598,,556.2600000000000000,556.2600
27597,,564.2100000000000000,564.2100
27596,,64.4700000000000000,64.4700
27595,,64.4700000000000000,64.4700
27594,,39.9800000000000000,39.9800
27593,,13.9800000000000000,13.9800
27592,,4.9900000000000000,4.9900
27591,,4.9900000000000000,4.9900
27590,,1189.4600000000000000,1189.4600
27589,,1183.4700000000000000,1183.4700
27588,,15.2300000000000000,15.2300
27587,,1145.4800000000000000,1145.4800
27586,,1120.4900000000000000,1120.4900
27585,,562.9600000000000000,562.9600
27584,,599.4700000000000000,599.4700
27583,,553.9700000000000000,553.9700
27582,,561.9200000000000000,561.9200
27581,,539.9900000000000000,539.9900
27580,,39.9800000000000000,39.9800
27579,,68.9700000000000000,68.9700
27578,,3578.2700000000000000,3578.2700
27577,,3578.2700000000000000,3578.2700
27576,,2071.4196000000000000,2071.4196
27575,,2071.4196000000000000,2071.4196
27574,,2228.0691000000000000,4456.1382
27573,,2245.2398000000000000,4490.4796
27572,,2245.2398000000000000,4490.4796
27571,,2242.2398000000000000,4484.4796
27570,,2259.2348000000000000,4518.4696
27569,,2232.2398000000000000,4464.4796
27568,,2245.2398000000000000,4490.4796
27567,,21.4900000000000000,21.4900
27566,,27.7700000000000000,27.7700
27565,,33.4300000000000000,33.4300
27564,,60.4700000000000000,60.4700
27563,,84.9600000000000000,84.9600
27562,,94.4800000000000000,94.4800
27561,,84.9600000000000000,84.9600
27560,,782.9900000000000000,782.9900
27559,,2049.0982000000000000,2049.0982
27558,,2049.0982000000000000,2049.0982
27557,,782.9900000000000000,782.9900
27556,,2049.0982000000000000,2049.0982
27555,,2049.0982000000000000,2049.0982
27554,,2071.4196000000000000,2071.4196
27553,,2049.0982000000000000,2049.0982
27552,,2071.4196000000000000,2071.4196
27551,,2049.0982000000000000,2049.0982
27550,,782.9900000000000000,782.9900
27549,,2071.4196000000000000,2071.4196
27548,,27.7700000000000000,27.7700
27547,,2071.4196000000000000,2071.4196
27546,,2049.0982000000000000,2049.0982
27545,,782.9900000000000000,782.9900
27544,,2071.4196000000000000,2071.4196
27543,,2234.0791000000000000,4468.1582
27542,,2266.4848000000000000,4532.9696
27541,,2245.2398000000000000,4490.4796
27540,,2252.2298000000000000,4504.4596
27539,,2234.0791000000000000,4468.1582
27538,,83.9700000000000000,83.9700
27537,,2234.7348000000000000,4469.4696
27536,,782.9900000000000000,782.9900
27535,,2049.0982000000000000,2049.0982
27534,,2071.4196000000000000,2071.4196
27533,,25.4800000000000000,25.4800
27532,,23.7800000000000000,23.7800
27531,,2071.4196000000000000,2071.4196
27530,,47.9600000000000000,47.9600
27529,,58.4700000000000000,58.4700
27528,,88.9700000000000000,88.9700
27527,,2257.4848000000000000,4514.9696
27526,,23.7800000000000000,23.7800
27525,,182.7800000000000000,182.7800
27524,,2049.0982000000000000,2049.0982
27523,,2049.0982000000000000,2049.0982
27522,,69.9900000000000000,69.9900
27521,,2231.0791000000000000,4462.1582
27520,,78.9800000000000000,78.9800
27519,,78.9800000000000000,78.9800
27518,,123.9800000000000000,123.9800
27517,,539.9900000000000000,539.9900
27516,,123.9800000000000000,123.9800
27515,,539.9900000000000000,539.9900
27514,,539.9900000000000000,539.9900
27513,,563.7700000000000000,563.7700
27512,,539.9900000000000000,539.9900
27511,,548.9800000000000000,548.9800
27510,,31.7300000000000000,31.7300
27509,,60.4700000000000000,60.4700
27508,,2071.4196000000000000,2071.4196
27507,,27.7700000000000000,27.7700
27506,,33.4300000000000000,33.4300
27505,,25.4800000000000000,25.4800
27504,,2071.4196000000000000,2071.4196
27503,,21.4900000000000000,21.4900
27502,,69.9900000000000000,69.9900
27501,,578.4600000000000000,578.4600
27500,,685.9750000000000000,1371.9500
27499,,665.9850000000000000,1331.9700
27498,,675.3750000000000000,1350.7500
27497,,37.2900000000000000,37.2900
27496,,42.2800000000000000,42.2800
27495,,35.0000000000000000,35.0000
27494,,976.2250000000000000,1952.4500
27493,,676.7300000000000000,1353.4600
27492,,672.4550000000000000,1344.9100
27491,,38.9800000000000000,38.9800
27490,,665.9850000000000000,1331.9700
27489,,691.7250000000000000,1383.4500
27488,,661.4900000000000000,1322.9800
27487,,661.4900000000000000,1322.9800
27486,,685.9750000000000000,1371.9500
27485,,677.3550000000000000,1354.7100
27484,,661.4900000000000000,1322.9800
27483,,691.2300000000000000,1382.4600
27482,,38.9800000000000000,38.9800
27481,,58.4700000000000000,58.4700
27480,,118.9600000000000000,118.9600
27479,,23.7800000000000000,23.7800
27478,,27.7700000000000000,27.7700
27477,,23.7800000000000000,23.7800
27476,,25.4800000000000000,25.4800
27475,,33.4300000000000000,33.4300
27474,,60.4700000000000000,60.4700
27473,,699.2300000000000000,1398.4600
27472,,672.9750000000000000,1345.9500
27471,,693.2400000000000000,1386.4800
27470,,685.9750000000000000,1371.9500
27469,,665.9850000000000000,1331.9700
27468,,2071.4196000000000000,2071.4196
27467,,2049.0982000000000000,2049.0982
27466,,66.9700000000000000,66.9700
27465,,11.9400000000000000,11.9400
27464,,6.2800000000000000,6.2800
27463,,23.7800000000000000,23.7800
27462,,35.7200000000000000,35.7200
27461,,110.4600000000000000,110.4600
27460,,2245.2398000000000000,4490.4796
27459,,2276.0641000000000000,4552.1282
27458,,68.9700000000000000,68.9700
27457,,58.4700000000000000,58.4700
27456,,58.4700000000000000,58.4700
27455,,2266.4848000000000000,4532.9696
27454,,7.2800000000000000,7.2800
27453,,2234.0791000000000000,4468.1582
27452,,2272.2348000000000000,4544.4696
27451,,37.4300000000000000,37.4300
27450,,2257.4848000000000000,4514.9696
27449,,2241.0691000000000000,4482.1382
27448,,2071.4196000000000000,2071.4196
27447,,2245.2398000000000000,4490.4796
27446,,2234.0791000000000000,4468.1582
27445,,33.9800000000000000,33.9800
27444,,31.2800000000000000,31.2800
27443,,23.7800000000000000,23.7800
27442,,27.7700000000000000,27.7700
27441,,78.9800000000000000,78.9800
27440,,2223.5741000000000000,4447.1482
27439,,2231.0791000000000000,4462.1582
27438,,27.7700000000000000,27.7700
27437,,78.9800000000000000,78.9800
27436,,94.4800000000000000,94.4800
27435,,88.9700000000000000,88.9700
27434,,36.2700000000000000,36.2700
27433,,27.7700000000000000,27.7700
27432,,27.7700000000000000,27.7700
27431,,2049.0982000000000000,2049.0982
27430,,33.4300000000000000,33.4300
27429,,782.9900000000000000,782.9900
27428,,94.4800000000000000,94.4800
27427,,2245.2398000000000000,4490.4796
27426,,23.7800000000000000,23.7800
27425,,2049.0982000000000000,2049.0982
27424,,2049.0982000000000000,2049.0982
27423,,2071.4196000000000000,2071.4196
27422,,60.4700000000000000,60.4700
27421,,2049.0982000000000000,2049.0982
27420,,69.9900000000000000,69.9900
27419,,69.9900000000000000,69.9900
27418,,2245.2398000000000000,4490.4796
27417,,21.4900000000000000,21.4900
27416,,2049.0982000000000000,2049.0982
27415,,69.9900000000000000,69.9900
27414,,4.9900000000000000,4.9900
27413,,103.4800000000000000,103.4800
27412,,68.9700000000000000,68.9700
27411,,23.7800000000000000,23.7800
27410,,23.7800000000000000,23.7800
27409,,60.4700000000000000,60.4700
27408,,77.9600000000000000,77.9600
27407,,2245.2398000000000000,4490.4796
27406,,678.9850000000000000,1357.9700
27405,,2071.4196000000000000,2071.4196
27404,,782.9900000000000000,782.9900
27403,,132.9700000000000000,132.9700
27402,,128.9700000000000000,128.9700
27401,,69.9900000000000000,69.9900
27400,,69.9900000000000000,69.9900
27399,,84.4600000000000000,84.4600
27398,,27.7700000000000000,27.7700
27397,,33.4300000000000000,33.4300
27396,,88.9800000000000000,88.9800
27395,,75.4700000000000000,75.4700
27394,,30.4800000000000000,30.4800
27393,,123.9800000000000000,123.9800
27392,,23.7800000000000000,23.7800
27391,,33.9800000000000000,33.9800
27390,,47.9600000000000000,47.9600
27389,,28.9900000000000000,28.9900
27388,,83.9700000000000000,83.9700
27387,,33.9800000000000000,33.9800
27386,,36.2700000000000000,36.2700
27385,,68.9700000000000000,68.9700
27384,,78.9800000000000000,78.9800
27383,,68.9700000000000000,68.9700
27382,,36.2700000000000000,36.2700
27381,,68.9700000000000000,68.9700
27380,,69.9900000000000000,69.9900
27379,,152.4700000000000000,152.4700
27378,,78.9800000000000000,78.9800
27377,,128.9700000000000000,128.9700
27376,,6.2800000000000000,6.2800
27375,,6.2800000000000000,6.2800
27374,,6.2800000000000000,6.2800
27373,,38.9800000000000000,38.9800
27372,,38.9800000000000000,38.9800
27371,,675.3750000000000000,1350.7500
27370,,661.4900000000000000,1322.9800
27369,,78.9800000000000000,78.9800
27368,,132.9700000000000000,132.9700
27367,,69.9900000000000000,69.9900
27366,,661.4900000000000000,1322.9800
27365,,685.9750000000000000,1371.9500
27364,,78.9800000000000000,78.9800
27363,,132.9700000000000000,132.9700
27362,,703.7250000000000000,1407.4500
27361,,69.9900000000000000,69.9900
27360,,69.9900000000000000,69.9900
27359,,672.2350000000000000,1344.4700
27358,,78.9800000000000000,78.9800
27357,,69.9900000000000000,69.9900
27356,,668.4800000000000000,1336.9600
27355,,691.7250000000000000,1383.4500
27354,,661.4900000000000000,1322.9800
27353,,685.9750000000000000,1371.9500
27352,,678.9850000000000000,1357.9700
27351,,123.9800000000000000,123.9800
27350,,69.9900000000000000,69.9900
27349,,123.9800000000000000,123.9800
27348,,691.2300000000000000,1382.4600
27347,,78.9800000000000000,78.9800
27346,,695.4750000000000000,1390.9500
27345,,69.9900000000000000,69.9900
27344,,69.9900000000000000,69.9900
27343,,132.9700000000000000,132.9700
27342,,674.2300000000000000,1348.4600
27341,,661.4900000000000000,1322.9800
27340,,675.3750000000000000,1350.7500
27339,,668.4800000000000000,1336.9600
27338,,669.9600000000000000,1339.9200
27337,,11.9400000000000000,11.9400
27336,,36.2700000000000000,36.2700
27335,,39.9800000000000000,39.9800
27334,,4.9900000000000000,4.9900
27333,,28.9900000000000000,28.9900
27332,,7.2800000000000000,7.2800
27331,,3.9900000000000000,3.9900
27330,,42.9700000000000000,42.9700
27329,,39.9800000000000000,39.9800
27328,,68.9700000000000000,68.9700
27327,,33.9800000000000000,33.9800
27326,,83.9700000000000000,83.9700
27325,,201.2700000000000000,201.2700
27324,,2364.9700000000000000,2364.9700
27323,,83.9700000000000000,83.9700
27322,,36.2700000000000000,36.2700
27321,,28.9900000000000000,28.9900
27320,,33.9800000000000000,33.9800
27319,,1775.4700000000000000,1775.4700
27318,,42.9700000000000000,42.9700
27317,,6.2800000000000000,6.2800
27316,,2443.3500000000000000,2443.3500
27315,,68.9700000000000000,68.9700
27314,,68.9700000000000000,68.9700
27313,,33.9800000000000000,33.9800
27312,,33.9800000000000000,33.9800
27311,,33.9800000000000000,33.9800
27310,,68.9700000000000000,68.9700
27309,,2457.3300000000000000,2457.3300
27308,,6.2800000000000000,6.2800
27307,,68.9700000000000000,68.9700
27306,,28.9900000000000000,28.9900
27305,,1714.9700000000000000,1714.9700
27304,,42.9700000000000000,42.9700
27303,,28.9900000000000000,28.9900
27302,,36.2700000000000000,36.2700
27301,,68.9700000000000000,68.9700
27300,,7.2800000000000000,7.2800
27299,,661.4900000000000000,1322.9800
27298,,782.9900000000000000,782.9900
27297,,782.9900000000000000,782.9900
27296,,2259.2348000000000000,4518.4696
27295,,2221.0791000000000000,4442.1582
27294,,2270.2348000000000000,4540.4696
27293,,88.9700000000000000,88.9700
27292,,2049.0982000000000000,2049.0982
27291,,2227.7448000000000000,4455.4896
27290,,28.9900000000000000,28.9900
27289,,2071.4196000000000000,2071.4196
27288,,2221.0791000000000000,4442.1582
27287,,2242.2398000000000000,4484.4796
27286,,2071.4196000000000000,2071.4196
27285,,782.9900000000000000,782.9900
27284,,122.9600000000000000,122.9600
27283,,119.9800000000000000,119.9800
27282,,69.9900000000000000,69.9900
27281,,2270.2348000000000000,4540.4696
27280,,2223.5741000000000000,4447.1482
27279,,2245.2398000000000000,4490.4796
27278,,28.9900000000000000,28.9900
27277,,2071.4196000000000000,2071.4196
27276,,2049.0982000000000000,2049.0982
27275,,2049.0982000000000000,2049.0982
27274,,2234.0791000000000000,4468.1582
27273,,2245.2398000000000000,4490.4796
27272,,2049.0982000000000000,2049.0982
27271,,2071.4196000000000000,2071.4196
27270,,782.9900000000000000,782.9900
27269,,2049.0982000000000000,2049.0982
27268,,2049.0982000000000000,2049.0982
27267,,782.9900000000000000,782.9900
27266,,2071.4196000000000000,2071.4196
27265,,782.9900000000000000,782.9900
27264,,2071.4196000000000000,2071.4196
27263,,2049.0982000000000000,2049.0982
27262,,2049.0982000000000000,2049.0982
27261,,2049.0982000000000000,2049.0982
27260,,2049.0982000000000000,2049.0982
27259,,782.9900000000000000,782.9900
27258,,2071.4196000000000000,2071.4196
27257,,2071.4196000000000000,2071.4196
27256,,2071.4196000000000000,2071.4196
27255,,2049.0982000000000000,2049.0982
27254,,2049.0982000000000000,2049.0982
27253,,782.9900000000000000,782.9900
27252,,782.9900000000000000,782.9900
27251,,2049.0982000000000000,2049.0982
27250,,2293.9798000000000000,4587.9596
27249,,28.9900000000000000,28.9900
27248,,36.2700000000000000,36.2700
27247,,68.9700000000000000,68.9700
27246,,28.9900000000000000,28.9900
27245,,33.9800000000000000,33.9800
27244,,36.2700000000000000,36.2700
27243,,54.9800000000000000,54.9800
27242,,782.9900000000000000,782.9900
27241,,28.9900000000000000,28.9900
27240,,2049.0982000000000000,2049.0982
27239,,2071.4196000000000000,2071.4196
27238,,68.9700000000000000,68.9700
27237,,28.9900000000000000,28.9900
27236,,33.9800000000000000,33.9800
27235,,2049.0982000000000000,2049.0982
27234,,2071.4196000000000000,2071.4196
27233,,58.4700000000000000,58.4700
27232,,2049.0982000000000000,2049.0982
27231,,2049.0982000000000000,2049.0982
27230,,13.9800000000000000,13.9800
27229,,93.4600000000000000,93.4600
27228,,2071.4196000000000000,2071.4196
27227,,2071.4196000000000000,2071.4196
27226,,2049.0982000000000000,2049.0982
27225,,28.4800000000000000,28.4800
27224,,6.2800000000000000,6.2800
27223,,6.2800000000000000,6.2800
27222,,11.9400000000000000,11.9400
27221,,3.9900000000000000,3.9900
27220,,38.9800000000000000,38.9800
27219,,67.4900000000000000,67.4900
27218,,6.2800000000000000,6.2800
27217,,28.9800000000000000,28.9800
27216,,37.9700000000000000,37.9700
27215,,64.4700000000000000,64.4700
27214,,187.9800000000000000,187.9800
27213,,7.2800000000000000,7.2800
27212,,2071.4196000000000000,2071.4196
27211,,2071.4196000000000000,2071.4196
27210,,7.2800000000000000,7.2800
27209,,13.9800000000000000,13.9800
27208,,39.9800000000000000,39.9800
27207,,4.9900000000000000,4.9900
27206,,2071.4196000000000000,2071.4196
27205,,2049.0982000000000000,2049.0982
27204,,4.9900000000000000,4.9900
27203,,18.9700000000000000,18.9700
27202,,96.9200000000000000,96.9200
27201,,2246.3241000000000000,4492.6482
27200,,36.2700000000000000,36.2700
27199,,2234.0791000000000000,4468.1582
27198,,147.9500000000000000,147.9500
27197,,36.2700000000000000,36.2700
27196,,68.4900000000000000,68.4900
27195,,2227.7448000000000000,4455.4896
27194,,77.9600000000000000,77.9600
27193,,2049.0982000000000000,2049.0982
27192,,33.9800000000000000,33.9800
27191,,29.4800000000000000,29.4800
27190,,36.2700000000000000,36.2700
27189,,58.4700000000000000,58.4700
27188,,4.9900000000000000,4.9900
27187,,7.2800000000000000,7.2800
27186,,600.4600000000000000,600.4600
27185,,588.9600000000000000,588.9600
27184,,89.9700000000000000,89.9700
27183,,1147.7700000000000000,1147.7700
27182,,1174.4800000000000000,1174.4800
27181,,1155.4800000000000000,1155.4800
27180,,1268.8400000000000000,1268.8400
27179,,548.9800000000000000,548.9800
27178,,25.4800000000000000,25.4800
27177,,28.4800000000000000,28.4800
27176,,21.4900000000000000,21.4900
27175,,565.4700000000000000,565.4700
27174,,7.2800000000000000,7.2800
27173,,60.4700000000000000,60.4700
27172,,23.7800000000000000,23.7800
27171,,588.9600000000000000,588.9600
27170,,756.3300000000000000,756.3300
27169,,1214.8500000000000000,1214.8500
27168,,67.4900000000000000,67.4900
27167,,1203.4600000000000000,1203.4600
27166,,827.3300000000000000,827.3300
27165,,3.9900000000000000,3.9900
27164,,3.9900000000000000,3.9900
27163,,7.2800000000000000,7.2800
27162,,539.9900000000000000,539.9900
27161,,1236.7800000000000000,1236.7800
27160,,31.7300000000000000,31.7300
27159,,791.3200000000000000,791.3200
27158,,6.2800000000000000,6.2800
27157,,60.4700000000000000,60.4700
27156,,6.2800000000000000,6.2800
27155,,68.9700000000000000,68.9700
27154,,1228.8300000000000000,1228.8300
27153,,42.9700000000000000,42.9700
27152,,38.9800000000000000,38.9800
27151,,6.2800000000000000,6.2800
27150,,201.2800000000000000,201.2800
27149,,42.2800000000000000,42.2800
27148,,78.9800000000000000,78.9800
27147,,123.9800000000000000,123.9800
27146,,74.9800000000000000,74.9800
27145,,35.0000000000000000,35.0000
27144,,39.9900000000000000,39.9900
27143,,1169.4600000000000000,1169.4600
27142,,791.3200000000000000,791.3200
27141,,574.9800000000000000,574.9800
27140,,575.7100000000000000,575.7100
27139,,1282.8200000000000000,1282.8200
27138,,777.3400000000000000,777.3400
27137,,617.4700000000000000,617.4700
27136,,1223.8400000000000000,1223.8400
27135,,42.9700000000000000,42.9700
27134,,777.3400000000000000,777.3400
27133,,777.3400000000000000,777.3400
27132,,571.7200000000000000,571.7200
27131,,603.4900000000000000,603.4900
27130,,539.9900000000000000,539.9900
27129,,1134.4700000000000000,1134.4700
27128,,1155.4800000000000000,1155.4800
27127,,1120.4900000000000000,1120.4900
27126,,1155.4800000000000000,1155.4800
27125,,607.9600000000000000,607.9600
27124,,811.3200000000000000,811.3200
27123,,777.3400000000000000,777.3400
27122,,786.3300000000000000,786.3300
27121,,539.9900000000000000,539.9900
27120,,1264.8400000000000000,1264.8400
27119,,1228.8300000000000000,1228.8300
27118,,777.3400000000000000,777.3400
27117,,2245.2398000000000000,4490.4796
27116,,2232.2398000000000000,4464.4796
27115,,58.4700000000000000,58.4700
27114,,2232.2398000000000000,4464.4796
27113,,77.9600000000000000,77.9600
27112,,114.4600000000000000,114.4600
27111,,7.2800000000000000,7.2800
27110,,4.9900000000000000,4.9900
27109,,88.9700000000000000,88.9700
27108,,2071.4196000000000000,2071.4196
27107,,2227.7448000000000000,4455.4896
27106,,2227.7448000000000000,4455.4896
27105,,2223.5741000000000000,4447.1482
27104,,2234.0791000000000000,4468.1582
27103,,2234.0791000000000000,4468.1582
27102,,782.9900000000000000,782.9900
27101,,782.9900000000000000,782.9900
27100,,7.2800000000000000,7.2800
27099,,782.9900000000000000,782.9900
27098,,68.9700000000000000,68.9700
27097,,2232.2398000000000000,4464.4796
27096,,2245.2398000000000000,4490.4796
27095,,2049.0982000000000000,2049.0982
27094,,2071.4196000000000000,2071.4196
27093,,2254.7398000000000000,4509.4796
27092,,2259.7298000000000000,4519.4596
27091,,2071.4196000000000000,2071.4196
27090,,2049.0982000000000000,2049.0982
27089,,2049.0982000000000000,2049.0982
27088,,2071.4196000000000000,2071.4196
27087,,2071.4196000000000000,2071.4196
27086,,2049.0982000000000000,2049.0982
27085,,782.9900000000000000,782.9900
27084,,782.9900000000000000,782.9900
27083,,2049.0982000000000000,2049.0982
27082,,782.9900000000000000,782.9900
27081,,2049.0982000000000000,2049.0982
27080,,2071.4196000000000000,2071.4196
27079,,2071.4196000000000000,2071.4196
27078,,2071.4196000000000000,2071.4196
27077,,2071.4196000000000000,2071.4196
27076,,2071.4196000000000000,2071.4196
27075,,685.9750000000000000,1371.9500
27074,,2216.5841000000000000,4433.1682
27073,,2216.5841000000000000,4433.1682
27072,,31.2800000000000000,31.2800
27071,,782.9900000000000000,782.9900
27070,,68.9700000000000000,68.9700
27069,,2049.0982000000000000,2049.0982
27068,,2049.0982000000000000,2049.0982
27067,,2049.0982000000000000,2049.0982
27066,,33.9800000000000000,33.9800
27065,,68.9700000000000000,68.9700
27064,,2071.4196000000000000,2071.4196
27063,,2071.4196000000000000,2071.4196
27062,,782.9900000000000000,782.9900
27061,,4.9900000000000000,4.9900
27060,,782.9900000000000000,782.9900
27059,,118.9600000000000000,118.9600
27058,,2049.0982000000000000,2049.0982
27057,,28.9900000000000000,28.9900
27056,,2071.4196000000000000,2071.4196
27055,,33.9800000000000000,33.9800
27054,,2071.4196000000000000,2071.4196
27053,,782.9900000000000000,782.9900
27052,,36.2700000000000000,36.2700
27051,,2049.0982000000000000,2049.0982
27050,,2071.4196000000000000,2071.4196
27049,,4.9900000000000000,4.9900
27048,,36.2700000000000000,36.2700
27047,,2049.0982000000000000,2049.0982
27046,,36.2700000000000000,36.2700
27045,,2049.0982000000000000,2049.0982
27044,,2049.0982000000000000,2049.0982
27043,,782.9900000000000000,782.9900
27042,,68.4900000000000000,68.4900
27041,,7.2800000000000000,7.2800
27040,,7.2800000000000000,7.2800
27039,,4.9900000000000000,4.9900
27038,,7.2800000000000000,7.2800
27037,,12.9400000000000000,12.9400
27036,,7.2800000000000000,7.2800
27035,,7.2800000000000000,7.2800
27034,,4.9900000000000000,4.9900
27033,,29.4800000000000000,29.4800
27032,,7.2800000000000000,7.2800
27031,,4.9900000000000000,4.9900
27030,,21.4900000000000000,21.4900
27029,,31.7300000000000000,31.7300
27028,,59.9800000000000000,59.9800
27027,,782.9900000000000000,782.9900
27026,,699.0982000000000000,699.0982
27025,,23.7800000000000000,23.7800
27024,,7.2800000000000000,7.2800
27023,,60.4700000000000000,60.4700
27022,,4.9900000000000000,4.9900
27021,,2071.4196000000000000,2071.4196
27020,,2071.4196000000000000,2071.4196
27019,,4.9900000000000000,4.9900
27018,,33.9800000000000000,33.9800
27017,,2251.0691000000000000,4502.1382
27016,,41.9300000000000000,41.9300
27015,,68.9700000000000000,68.9700
27014,,637.0391000000000000,1274.0782
27013,,36.2700000000000000,36.2700
27012,,36.2700000000000000,36.2700
27011,,36.2700000000000000,36.2700
27010,,41.9300000000000000,41.9300
27009,,574.9800000000000000,574.9800
27008,,616.9500000000000000,616.9500
27007,,113.9600000000000000,113.9600
27006,,750.3000000000000000,750.3000
27005,,777.3400000000000000,777.3400
27004,,1264.8400000000000000,1264.8400
27003,,21.4900000000000000,21.4900
27002,,38.9800000000000000,38.9800
27001,,30.4800000000000000,30.4800
27000,,30.4800000000000000,30.4800
26999,,57.9800000000000000,57.9800
26998,,75.4700000000000000,75.4700
26997,,1149.4700000000000000,1149.4700
26996,,15.2300000000000000,15.2300
26995,,1145.4800000000000000,1145.4800
26994,,1134.4700000000000000,1134.4700
26993,,38.9800000000000000,38.9800
26992,,583.9700000000000000,583.9700
26991,,1264.8400000000000000,1264.8400
26990,,23.7800000000000000,23.7800
26989,,25.4800000000000000,25.4800
26988,,1179.4700000000000000,1179.4700
26987,,1155.4800000000000000,1155.4800
26986,,1155.4800000000000000,1155.4800
26985,,1164.4700000000000000,1164.4700
26984,,1764.9600000000000000,1764.9600
26983,,1744.9700000000000000,1744.9700
26982,,28.9900000000000000,28.9900
26981,,21.4900000000000000,21.4900
26980,,23.7800000000000000,23.7800
26979,,588.9600000000000000,588.9600
26978,,553.9700000000000000,553.9700
26977,,1283.8200000000000000,1283.8200
26976,,791.3200000000000000,791.3200
26975,,765.3200000000000000,765.3200
26974,,1292.8100000000000000,1292.8100
26973,,38.9800000000000000,38.9800
26972,,83.9700000000000000,83.9700
26971,,6.2800000000000000,6.2800
26970,,38.9800000000000000,38.9800
26969,,23.7800000000000000,23.7800
26968,,78.9800000000000000,78.9800
26967,,668.4800000000000000,1336.9600
26966,,588.9600000000000000,588.9600
26965,,776.3300000000000000,776.3300
26964,,751.3400000000000000,751.3400
26963,,1237.8200000000000000,1237.8200
26962,,553.9700000000000000,553.9700
26961,,1268.8400000000000000,1268.8400
26960,,574.9800000000000000,574.9800
26959,,563.7700000000000000,563.7700
26958,,1732.2600000000000000,1732.2600
26957,,1759.9700000000000000,1759.9700
26956,,607.9600000000000000,607.9600
26955,,565.4700000000000000,565.4700
26954,,1223.8400000000000000,1223.8400
26953,,786.3300000000000000,786.3300
26952,,751.3400000000000000,751.3400
26951,,60.4700000000000000,60.4700
26950,,777.3400000000000000,777.3400
26949,,565.4700000000000000,565.4700
26948,,1293.3300000000000000,1293.3300
26947,,624.9700000000000000,624.9700
26946,,1214.8500000000000000,1214.8500
26945,,777.3400000000000000,777.3400
26944,,553.9700000000000000,553.9700
26943,,68.9700000000000000,68.9700
26942,,588.9600000000000000,588.9600
26941,,777.3400000000000000,777.3400
26940,,1273.8300000000000000,1273.8300
26939,,777.3400000000000000,777.3400
26938,,722.7700000000000000,722.7700
26937,,619.4600000000000000,619.4600
26936,,1249.8400000000000000,1249.8400
26935,,28.9900000000000000,28.9900
26934,,553.9700000000000000,553.9700
26933,,1223.8400000000000000,1223.8400
26932,,574.9800000000000000,574.9800
26931,,561.4800000000000000,561.4800
26930,,1263.8200000000000000,1263.8200
26929,,588.9600000000000000,588.9600
26928,,597.9500000000000000,597.9500
26927,,36.2700000000000000,36.2700
26926,,28.9900000000000000,28.9900
26925,,36.2700000000000000,36.2700
26924,,675.3750000000000000,1350.7500
26923,,661.4900000000000000,1322.9800
26922,,661.4900000000000000,1322.9800
26921,,668.4800000000000000,1336.9600
26920,,668.4800000000000000,1336.9600
26919,,675.3750000000000000,1350.7500
26918,,699.9700000000000000,1399.9400
26917,,669.6250000000000000,1339.2500
26916,,661.4900000000000000,1322.9800
26915,,58.9800000000000000,58.9800
26914,,588.9600000000000000,588.9600
26913,,607.9600000000000000,607.9600
26912,,27.7700000000000000,27.7700
26911,,3.9900000000000000,3.9900
26910,,588.9600000000000000,588.9600
26909,,77.9600000000000000,77.9600
26908,,36.2700000000000000,36.2700
26907,,108.4600000000000000,108.4600
26906,,67.4900000000000000,67.4900
26905,,6.2800000000000000,6.2800
26904,,28.9900000000000000,28.9900
26903,,800.8200000000000000,800.8200
26902,,777.3400000000000000,777.3400
26901,,3.9900000000000000,3.9900
26900,,47.9700000000000000,47.9700
26899,,23.7800000000000000,23.7800
26898,,173.9500000000000000,173.9500
26897,,38.9800000000000000,38.9800
26896,,12.9800000000000000,12.9800
26895,,553.9700000000000000,553.9700
26894,,23.7800000000000000,23.7800
26893,,59.9800000000000000,59.9800
26892,,553.9700000000000000,553.9700
26891,,39.9800000000000000,39.9800
26890,,588.9600000000000000,588.9600
26889,,30.4800000000000000,30.4800
26888,,38.9800000000000000,38.9800
26887,,6.2800000000000000,6.2800
26886,,553.9700000000000000,553.9700
26885,,574.9800000000000000,574.9800
26884,,1273.8300000000000000,1273.8300
26883,,68.9700000000000000,68.9700
26882,,91.2600000000000000,91.2600
26881,,42.9700000000000000,42.9700
26880,,23.7800000000000000,23.7800
26879,,75.4800000000000000,75.4800
26878,,21.4900000000000000,21.4900
26877,,38.9800000000000000,38.9800
26876,,588.9600000000000000,588.9600
26875,,60.4700000000000000,60.4700
26874,,23.7800000000000000,23.7800
26873,,1249.8400000000000000,1249.8400
26872,,23.7800000000000000,23.7800
26871,,88.9700000000000000,88.9700
26870,,548.9800000000000000,548.9800
26869,,553.9700000000000000,553.9700
26868,,539.9900000000000000,539.9900
26867,,1728.2700000000000000,1728.2700
26866,,615.4600000000000000,615.4600
26865,,123.9900000000000000,123.9900
26864,,1268.8400000000000000,1268.8400
26863,,3.9900000000000000,3.9900
26862,,1249.8400000000000000,1249.8400
26861,,36.2700000000000000,36.2700
26860,,539.9900000000000000,539.9900
26859,,33.9800000000000000,33.9800
26858,,553.9700000000000000,553.9700
26857,,21.4900000000000000,21.4900
26856,,810.3200000000000000,810.3200
26855,,1700.9900000000000000,1700.9900
26854,,1714.9700000000000000,1714.9700
26853,,786.3300000000000000,786.3300
26852,,114.4600000000000000,114.4600
26851,,23.7800000000000000,23.7800
26850,,53.9800000000000000,53.9800
26849,,38.9800000000000000,38.9800
26848,,607.9600000000000000,607.9600
26847,,60.4700000000000000,60.4700
26846,,28.4800000000000000,28.4800
26845,,27.7700000000000000,27.7700
26844,,12.9800000000000000,12.9800
26843,,184.4800000000000000,184.4800
26842,,539.9900000000000000,539.9900
26841,,77.9600000000000000,77.9600
26840,,33.9800000000000000,33.9800
26839,,77.9600000000000000,77.9600
26838,,36.2700000000000000,36.2700
26837,,548.9800000000000000,548.9800
26836,,38.9800000000000000,38.9800
26835,,68.9700000000000000,68.9700
26834,,6.2800000000000000,6.2800
26833,,6.2800000000000000,6.2800
26832,,80.4700000000000000,80.4700
26831,,1264.8400000000000000,1264.8400
26830,,553.9700000000000000,553.9700
26829,,1728.2700000000000000,1728.2700
26828,,1732.2600000000000000,1732.2600
26827,,1750.9800000000000000,1750.9800
26826,,1237.8200000000000000,1237.8200
26825,,1228.8300000000000000,1228.8300
26824,,567.7600000000000000,567.7600
26823,,2419.0600000000000000,2419.0600
26822,,2442.0300000000000000,2442.0300
26821,,27.7700000000000000,27.7700
26820,,3.9900000000000000,3.9900
26819,,69.4600000000000000,69.4600
26818,,2407.0400000000000000,2407.0400
26817,,553.9700000000000000,553.9700
26816,,1735.9800000000000000,1735.9800
26815,,2049.0982000000000000,2049.0982
26814,,2049.0982000000000000,2049.0982
26813,,58.4700000000000000,58.4700
26812,,58.4700000000000000,58.4700
26811,,2071.4196000000000000,2071.4196
26810,,67.9300000000000000,67.9300
26809,,118.9600000000000000,118.9600
26808,,33.9800000000000000,33.9800
26807,,68.9700000000000000,68.9700
26806,,4.9900000000000000,4.9900
26805,,2071.4196000000000000,2071.4196
26804,,44.2200000000000000,44.2200
26803,,88.9700000000000000,88.9700
26802,,4.9900000000000000,4.9900
26801,,2049.0982000000000000,2049.0982
26800,,68.9700000000000000,68.9700
26799,,28.9900000000000000,28.9900
26798,,28.9900000000000000,28.9900
26797,,978.7350000000000000,1957.4700
26796,,978.7350000000000000,1957.4700
26795,,996.2300000000000000,1992.4600
26794,,44.2200000000000000,44.2200
26793,,88.9700000000000000,88.9700
26792,,184.4800000000000000,184.4800
26791,,25.4800000000000000,25.4800
26790,,27.7700000000000000,27.7700
26789,,699.0982000000000000,699.0982
26788,,36.2700000000000000,36.2700
26787,,60.4700000000000000,60.4700
26786,,2071.4196000000000000,2071.4196
26785,,74.9800000000000000,74.9800
26784,,88.9700000000000000,88.9700
26783,,88.9700000000000000,88.9700
26782,,699.0982000000000000,699.0982
26781,,110.4600000000000000,110.4600
26780,,79.4700000000000000,79.4700
26779,,25.4800000000000000,25.4800
26778,,33.9800000000000000,33.9800
26777,,68.9700000000000000,68.9700
26776,,25.4800000000000000,25.4800
26775,,88.9800000000000000,88.9800
26774,,665.9850000000000000,1331.9700
26773,,69.9900000000000000,69.9900
26772,,123.9800000000000000,123.9800
26771,,69.9900000000000000,69.9900
26770,,69.9900000000000000,69.9900
26769,,37.2900000000000000,37.2900
26768,,685.9750000000000000,1371.9500
26767,,665.9850000000000000,1331.9700
26766,,78.9800000000000000,78.9800
26765,,78.9800000000000000,78.9800
26764,,969.2350000000000000,1938.4700
26763,,978.7350000000000000,1957.4700
26762,,133.4900000000000000,133.4900
26761,,969.2350000000000000,1938.4700
26760,,661.4900000000000000,1322.9800
26759,,123.9800000000000000,123.9800
26758,,661.4900000000000000,1322.9800
26757,,672.2350000000000000,1344.4700
26756,,78.9800000000000000,78.9800
26755,,123.9800000000000000,123.9800
26754,,969.2350000000000000,1938.4700
26753,,978.7350000000000000,1957.4700
26752,,958.7300000000000000,1917.4600
26751,,951.7400000000000000,1903.4800
26750,,969.2350000000000000,1938.4700
26749,,661.4900000000000000,1322.9800
26748,,678.9850000000000000,1357.9700
26747,,969.2350000000000000,1938.4700
26746,,1000.7250000000000000,2001.4500
26745,,966.2300000000000000,1932.4600
26744,,969.2350000000000000,1938.4700
26743,,685.9750000000000000,1371.9500
26742,,69.9900000000000000,69.9900
26741,,69.9900000000000000,69.9900
26740,,969.2350000000000000,1938.4700
26739,,61.9700000000000000,61.9700
26738,,33.9800000000000000,33.9800
26737,,68.9700000000000000,68.9700
26736,,25.4800000000000000,25.4800
26735,,2071.4196000000000000,2071.4196
26734,,2049.0982000000000000,2049.0982
26733,,93.4600000000000000,93.4600
26732,,88.9700000000000000,88.9700
26731,,2049.0982000000000000,2049.0982
26730,,4.9900000000000000,4.9900
26729,,2221.0791000000000000,4442.1582
26728,,2227.5491000000000000,4455.0982
26727,,2241.0691000000000000,4482.1382
26726,,2071.4196000000000000,2071.4196
26725,,2049.0982000000000000,2049.0982
26724,,2049.0982000000000000,2049.0982
26723,,2233.5741000000000000,4467.1482
26722,,33.9800000000000000,33.9800
26721,,58.4700000000000000,58.4700
26720,,68.9700000000000000,68.9700
26719,,127.9500000000000000,127.9500
26718,,2239.2298000000000000,4478.4596
26717,,2071.4196000000000000,2071.4196
26716,,68.9700000000000000,68.9700
26715,,68.9700000000000000,68.9700
26714,,36.2700000000000000,36.2700
26713,,58.4700000000000000,58.4700
26712,,42.9700000000000000,42.9700
26711,,2049.0982000000000000,2049.0982
26710,,2071.4196000000000000,2071.4196
26709,,68.9700000000000000,68.9700
26708,,2252.2298000000000000,4504.4596
26707,,33.9800000000000000,33.9800
26706,,7.2800000000000000,7.2800
26705,,2227.7448000000000000,4455.4896
26704,,33.9800000000000000,33.9800
26703,,2234.0791000000000000,4468.1582
26702,,68.9700000000000000,68.9700
26701,,39.9800000000000000,39.9800
26700,,7.2800000000000000,7.2800
26699,,64.4700000000000000,64.4700
26698,,2221.0791000000000000,4442.1582
26697,,28.9900000000000000,28.9900
26696,,68.9700000000000000,68.9700
26695,,2262.2298000000000000,4524.4596
26694,,2228.0691000000000000,4456.1382
26693,,7.2800000000000000,7.2800
26692,,633.4291000000000000,1266.8582
26691,,28.9900000000000000,28.9900
26690,,132.4700000000000000,132.4700
26689,,96.9200000000000000,96.9200
26688,,64.9700000000000000,64.9700
26687,,24.9900000000000000,24.9900
26686,,39.9800000000000000,39.9800
26685,,24.9900000000000000,24.9900
26684,,2234.0791000000000000,4468.1582
26683,,635.4091000000000000,1270.8182
26682,,64.4700000000000000,64.4700
26681,,1406.8848000000000000,2813.7696
26680,,32.2700000000000000,32.2700
26679,,29.9800000000000000,29.9800
26678,,4.9900000000000000,4.9900
26677,,29.9800000000000000,29.9800
26676,,1402.7141000000000000,2805.4282
26675,,68.9700000000000000,68.9700
26674,,68.9700000000000000,68.9700
26673,,752.8800000000000000,1505.7600
26672,,123.9800000000000000,123.9800
26671,,69.9900000000000000,69.9900
26670,,69.9900000000000000,69.9900
26669,,123.9800000000000000,123.9800
26668,,119.9800000000000000,119.9800
26667,,695.4750000000000000,1390.9500
26666,,668.4800000000000000,1336.9600
26665,,78.9800000000000000,78.9800
26664,,123.9800000000000000,123.9800
26663,,988.4700000000000000,1976.9400
26662,,969.2350000000000000,1938.4700
26661,,956.2350000000000000,1912.4700
26660,,978.7350000000000000,1957.4700
26659,,69.9900000000000000,69.9900
26658,,695.4750000000000000,1390.9500
26657,,678.9850000000000000,1357.9700
26656,,672.9750000000000000,1345.9500
26655,,661.4900000000000000,1322.9800
26654,,673.3800000000000000,1346.7600
26653,,969.2350000000000000,1938.4700
26652,,969.2350000000000000,1938.4700
26651,,978.7350000000000000,1957.4700
26650,,2227.7448000000000000,4455.4896
26649,,2216.5841000000000000,4433.1682
26648,,27.2800000000000000,27.2800
26647,,1444.9691000000000000,2889.9382
26646,,1486.3848000000000000,2972.7696
26645,,1400.2191000000000000,2800.4382
26644,,1402.7141000000000000,2805.4282
26643,,699.0982000000000000,699.0982
26642,,2245.2398000000000000,4490.4796
26641,,2232.2398000000000000,4464.4796
26640,,644.0291000000000000,1288.0582
26639,,49.4800000000000000,49.4800
26638,,2259.0741000000000000,4518.1482
26637,,58.4700000000000000,58.4700
26636,,36.2700000000000000,36.2700
26635,,1420.2091000000000000,2840.4182
26634,,1448.3598000000000000,2896.7196
26633,,1441.9541000000000000,2883.9082
26632,,1424.3798000000000000,2848.7596
26631,,1406.8848000000000000,2813.7696
26630,,699.0982000000000000,699.0982
26629,,699.0982000000000000,699.0982
26628,,36.2700000000000000,36.2700
26627,,1395.7241000000000000,2791.4482
26626,,1445.8648000000000000,2891.7296
26625,,1413.8748000000000000,2827.7496
26624,,1413.2191000000000000,2826.4382
26623,,1420.7191000000000000,2841.4382
26622,,1410.2191000000000000,2820.4382
26621,,28.9900000000000000,28.9900
26620,,699.0982000000000000,699.0982
26619,,1486.3848000000000000,2972.7696
26618,,1413.2191000000000000,2826.4382
26617,,1440.8698000000000000,2881.7396
26616,,1400.2191000000000000,2800.4382
26615,,1000.4375000000000000,1000.4375
26614,,1395.7241000000000000,2791.4482
26613,,138.9600000000000000,138.9600
26612,,58.4700000000000000,58.4700
26611,,2245.2398000000000000,4490.4796
26610,,2254.7398000000000000,4509.4796
26609,,2254.7398000000000000,4509.4796
26608,,1440.8698000000000000,2881.7396
26607,,1406.8848000000000000,2813.7696
26606,,1445.2041000000000000,2890.4082
26605,,27.2800000000000000,27.2800
26604,,2221.0791000000000000,4442.1582
26603,,2243.5791000000000000,4487.1582
26602,,2234.0791000000000000,4468.1582
26601,,1431.3698000000000000,2862.7396
26600,,1400.2191000000000000,2800.4382
26599,,28.9900000000000000,28.9900
26598,,33.9800000000000000,33.9800
26597,,68.9700000000000000,68.9700
26596,,36.2700000000000000,36.2700
26595,,24.9900000000000000,24.9900
26594,,29.9800000000000000,29.9800
26593,,27.2800000000000000,27.2800
26592,,78.9800000000000000,78.9800
26591,,978.7350000000000000,1957.4700
26590,,69.9900000000000000,69.9900
26589,,983.2300000000000000,1966.4600
26588,,969.2350000000000000,1938.4700
26587,,960.2100000000000000,1920.4200
26586,,28.9900000000000000,28.9900
26585,,951.7400000000000000,1903.4800
26584,,33.9800000000000000,33.9800
26583,,36.2700000000000000,36.2700
26582,,1000.4375000000000000,1000.4375
26581,,1411.3798000000000000,2822.7596
26580,,68.9700000000000000,68.9700
26579,,1420.2091000000000000,2840.4182
26578,,58.4700000000000000,58.4700
26577,,68.9700000000000000,68.9700
26576,,28.9900000000000000,28.9900
26575,,1445.2041000000000000,2890.4082
26574,,28.9900000000000000,28.9900
26573,,68.9700000000000000,68.9700
26572,,1000.4375000000000000,1000.4375
26571,,969.2350000000000000,1938.4700
26570,,978.7350000000000000,1957.4700
26569,,969.2350000000000000,1938.4700
26568,,978.7350000000000000,1957.4700
26567,,978.7350000000000000,1957.4700
26566,,1008.4750000000000000,2016.9500
26565,,23.7800000000000000,23.7800
26564,,49.9700000000000000,49.9700
26563,,978.7350000000000000,1957.4700
26562,,962.7050000000000000,1925.4100
26561,,668.4800000000000000,1336.9600
26560,,698.2200000000000000,1396.4400
26559,,38.9800000000000000,38.9800
26558,,6.2800000000000000,6.2800
26557,,44.2200000000000000,44.2200
26556,,36.2700000000000000,36.2700
26555,,27.2800000000000000,27.2800
26554,,68.9700000000000000,68.9700
26553,,68.9700000000000000,68.9700
26552,,47.9600000000000000,47.9600
26551,,28.9900000000000000,28.9900
26550,,93.4800000000000000,93.4800
26549,,680.7250000000000000,1361.4500
26548,,661.4900000000000000,1322.9800
26547,,703.9800000000000000,1407.9600
26546,,1423.8748000000000000,2847.7496
26545,,1411.3798000000000000,2822.7596
26544,,21.4900000000000000,21.4900
26543,,14.2300000000000000,14.2300
26542,,27.2800000000000000,27.2800
26541,,24.9900000000000000,24.9900
26540,,2234.0791000000000000,4468.1582
26539,,2234.7191000000000000,4469.4382
26538,,2232.2398000000000000,4464.4796
26537,,2234.0791000000000000,4468.1582
26536,,2257.4848000000000000,4514.9696
26535,,64.9700000000000000,64.9700
26534,,2245.2398000000000000,4490.4796
26533,,814.7037500000000000,1629.4075
26532,,2234.7348000000000000,4469.4696
26531,,27.2800000000000000,27.2800
26530,,2234.0791000000000000,4468.1582
26529,,774.7087500000000000,1549.4175
26528,,128.4700000000000000,128.4700
26527,,29.2600000000000000,29.2600
26526,,37.9300000000000000,37.9300
26525,,49.4800000000000000,49.4800
26524,,27.2800000000000000,27.2800
26523,,49.4800000000000000,49.4800
26522,,24.9900000000000000,24.9900
26521,,1410.8598000000000000,2821.7196
26520,,1413.8591000000000000,2827.7182
26519,,29.9800000000000000,29.9800
26518,,32.2700000000000000,32.2700
26517,,24.9900000000000000,24.9900
26516,,32.2700000000000000,32.2700
26515,,89.4600000000000000,89.4600
26514,,29.9800000000000000,29.9800
26513,,1424.3798000000000000,2848.7596
26512,,1000.4375000000000000,1000.4375
26511,,2232.2398000000000000,4464.4796
26510,,1406.8848000000000000,2813.7696
26509,,1400.2191000000000000,2800.4382
26508,,49.4800000000000000,49.4800
26507,,27.2800000000000000,27.2800
26506,,64.9700000000000000,64.9700
26505,,59.9800000000000000,59.9800
26504,,1000.4375000000000000,1000.4375
26503,,1000.4375000000000000,1000.4375
26502,,27.2800000000000000,27.2800
26501,,49.4800000000000000,49.4800
26500,,24.9900000000000000,24.9900
26499,,1424.3798000000000000,2848.7596
26498,,89.4600000000000000,89.4600
26497,,64.9700000000000000,64.9700
26496,,1000.4375000000000000,1000.4375
26495,,58.9800000000000000,58.9800
26494,,27.2800000000000000,27.2800
26493,,64.9700000000000000,64.9700
26492,,29.9800000000000000,29.9800
26491,,2234.7191000000000000,4469.4382
26490,,2234.0791000000000000,4468.1582
26489,,24.9900000000000000,24.9900
26488,,4.9900000000000000,4.9900
26487,,2228.0691000000000000,4456.1382
26486,,1400.2191000000000000,2800.4382
26485,,1406.8848000000000000,2813.7696
26484,,1406.8848000000000000,2813.7696
26483,,25.4800000000000000,25.4800
26482,,1000.4375000000000000,1000.4375
26481,,2071.4196000000000000,2071.4196
26480,,23.7800000000000000,23.7800
26479,,32.2700000000000000,32.2700
26478,,49.4800000000000000,49.4800
26477,,49.4800000000000000,49.4800
26476,,30.4800000000000000,30.4800
26475,,30.4800000000000000,30.4800
26474,,13.9800000000000000,13.9800
26473,,89.4600000000000000,89.4600
26472,,114.9600000000000000,114.9600
26471,,24.9900000000000000,24.9900
26470,,35.2300000000000000,35.2300
26469,,64.9700000000000000,64.9700
26468,,27.2800000000000000,27.2800
26467,,32.2700000000000000,32.2700
26466,,24.9900000000000000,24.9900
26465,,27.2800000000000000,27.2800
26464,,59.9800000000000000,59.9800
26463,,27.2800000000000000,27.2800
26462,,27.2800000000000000,27.2800
26461,,58.9800000000000000,58.9800
26460,,24.9900000000000000,24.9900
26459,,64.9700000000000000,64.9700
26458,,32.2700000000000000,32.2700
26457,,89.4600000000000000,89.4600
26456,,39.9800000000000000,39.9800
26455,,29.9800000000000000,29.9800
26454,,27.2800000000000000,27.2800
26453,,53.9500000000000000,53.9500
26452,,59.9800000000000000,59.9800
26451,,27.2800000000000000,27.2800
26450,,30.4800000000000000,30.4800
26449,,4.9900000000000000,4.9900
26448,,21.4900000000000000,21.4900
26447,,969.2350000000000000,1938.4700
26446,,78.9800000000000000,78.9800
26445,,969.2350000000000000,1938.4700
26444,,969.3550000000000000,1938.7100
26443,,969.2350000000000000,1938.4700
26442,,959.8750000000000000,1919.7500
26441,,78.9800000000000000,78.9800
26440,,978.7350000000000000,1957.4700
26439,,969.2350000000000000,1938.4700
26438,,969.2350000000000000,1938.4700
26437,,976.7350000000000000,1953.4700
26436,,978.7350000000000000,1957.4700
26435,,978.7350000000000000,1957.4700
26434,,69.9900000000000000,69.9900
26433,,951.7400000000000000,1903.4800
26432,,123.9800000000000000,123.9800
26431,,23.7800000000000000,23.7800
26430,,69.9900000000000000,69.9900
26429,,969.2350000000000000,1938.4700
26428,,69.9900000000000000,69.9900
26427,,123.9800000000000000,123.9800
26426,,69.9900000000000000,69.9900
26425,,69.9900000000000000,69.9900
26424,,79.4700000000000000,79.4700
26423,,1000.9850000000000000,2001.9700
26422,,990.4800000000000000,1980.9600
26421,,60.4700000000000000,60.4700
26420,,2443.3500000000000000,2443.3500
26419,,33.9800000000000000,33.9800
26418,,36.2700000000000000,36.2700
26417,,6.2800000000000000,6.2800
26416,,88.9700000000000000,88.9700
26415,,68.9700000000000000,68.9700
26414,,58.4700000000000000,58.4700
26413,,58.4700000000000000,58.4700
26412,,55.9100000000000000,55.9100
26411,,58.9800000000000000,58.9800
26410,,28.9900000000000000,28.9900
26409,,67.4900000000000000,67.4900
26408,,38.9800000000000000,38.9800
26407,,126.2800000000000000,126.2800
26406,,2334.4600000000000000,2334.4600
26405,,36.2700000000000000,36.2700
26404,,1775.4700000000000000,1775.4700
26403,,41.9300000000000000,41.9300
26402,,28.9900000000000000,28.9900
26401,,38.9800000000000000,38.9800
26400,,132.9800000000000000,132.9800
26399,,2543.4400000000000000,2543.4400
26398,,1758.9500000000000000,1758.9500
26397,,39.9800000000000000,39.9800
26396,,118.9600000000000000,118.9600
26395,,25.4800000000000000,25.4800
26394,,33.9800000000000000,33.9800
26393,,21.4900000000000000,21.4900
26392,,60.4700000000000000,60.4700
26391,,68.9700000000000000,68.9700
26390,,1725.9800000000000000,1725.9800
26389,,36.2700000000000000,36.2700
26388,,2354.9800000000000000,2354.9800
26387,,4.9900000000000000,4.9900
26386,,1775.4700000000000000,1775.4700
26385,,23.7800000000000000,23.7800
26384,,33.9800000000000000,33.9800
26383,,33.9800000000000000,33.9800
26382,,2443.3500000000000000,2443.3500
26381,,2520.8300000000000000,2520.8300
26380,,33.9800000000000000,33.9800
26379,,1783.9600000000000000,1783.9600
26378,,60.4700000000000000,60.4700
26377,,39.9800000000000000,39.9800
26376,,121.9300000000000000,121.9300
26375,,985.7250000000000000,1971.4500
26374,,123.9800000000000000,123.9800
26373,,782.9537500000000000,1565.9075
26372,,548.9800000000000000,548.9800
26371,,33.9800000000000000,33.9800
26370,,23.7800000000000000,23.7800
26369,,53.9900000000000000,53.9900
26368,,53.9900000000000000,53.9900
26367,,78.4800000000000000,78.4800
26366,,49.9700000000000000,49.9700
26365,,62.9800000000000000,62.9800
26364,,38.9800000000000000,38.9800
26363,,1744.9700000000000000,1744.9700
26362,,2420.3400000000000000,2420.3400
26361,,53.9800000000000000,53.9800
26360,,539.9900000000000000,539.9900
26359,,600.4600000000000000,600.4600
26358,,23.7800000000000000,23.7800
26357,,777.3400000000000000,777.3400
26356,,574.9800000000000000,574.9800
26355,,62.9800000000000000,62.9800
26354,,1750.9800000000000000,1750.9800
26353,,1773.9500000000000000,1773.9500
26352,,1763.9700000000000000,1763.9700
26351,,1400.2191000000000000,2800.4382
26350,,4.9900000000000000,4.9900
26349,,27.2800000000000000,27.2800
26348,,89.9700000000000000,89.9700
26347,,24.9900000000000000,24.9900
26346,,64.9700000000000000,64.9700
26345,,49.4800000000000000,49.4800
26344,,1395.7241000000000000,2791.4482
26343,,1400.2191000000000000,2800.4382
26342,,2244.7348000000000000,4489.4696
26341,,24.9900000000000000,24.9900
26340,,64.9700000000000000,64.9700
26339,,2227.7448000000000000,4455.4896
26338,,2234.0791000000000000,4468.1582
26337,,29.9800000000000000,29.9800
26336,,27.2800000000000000,27.2800
26335,,89.4600000000000000,89.4600
26334,,27.2800000000000000,27.2800
26333,,32.2700000000000000,32.2700
26332,,49.4800000000000000,49.4800
26331,,1400.2191000000000000,2800.4382
26330,,1410.8598000000000000,2821.7196
26329,,1430.2091000000000000,2860.4182
26328,,2259.0741000000000000,4518.1482
26327,,2216.5841000000000000,4433.1682
26326,,2221.0791000000000000,4442.1582
26325,,2239.2298000000000000,4478.4596
26324,,2232.2398000000000000,4464.4796
26323,,27.2800000000000000,27.2800
26322,,1456.1298000000000000,2912.2596
26321,,777.2037500000000000,1554.4075
26320,,2232.2398000000000000,4464.4796
26319,,2228.0691000000000000,4456.1382
26318,,13.9800000000000000,13.9800
26317,,1431.3698000000000000,2862.7396
26316,,1000.4375000000000000,1000.4375
26315,,1412.7141000000000000,2825.4282
26314,,88.9800000000000000,88.9800
26313,,2243.5791000000000000,4487.1582
26312,,1440.8698000000000000,2881.7396
26311,,1411.3798000000000000,2822.7596
26310,,2181.5625000000000000,2181.5625
26309,,1400.2191000000000000,2800.4382
26308,,1433.8798000000000000,2867.7596
26307,,1424.3798000000000000,2848.7596
26306,,1400.2191000000000000,2800.4382
26305,,1636.4691000000000000,3272.9382
26304,,1631.9741000000000000,3263.9482
26303,,1660.6298000000000000,3321.2596
26302,,1678.7041000000000000,3357.4082
26301,,2242.2398000000000000,4484.4796
26300,,1649.4691000000000000,3298.9382
26299,,1698.4441000000000000,3396.8882
26298,,1670.1298000000000000,3340.2596
26297,,1643.4591000000000000,3286.9182
26296,,1677.6198000000000000,3355.2396
26295,,1649.4691000000000000,3298.9382
26294,,2443.3500000000000000,2443.3500
26293,,2227.5491000000000000,4455.0982
26292,,2228.0691000000000000,4456.1382
26291,,35.2300000000000000,35.2300
26290,,1647.6298000000000000,3295.2596
26289,,29.9800000000000000,29.9800
26288,,27.2800000000000000,27.2800
26287,,35.2300000000000000,35.2300
26286,,1654.0841000000000000,3308.1682
26285,,1654.6198000000000000,3309.2396
26284,,27.2800000000000000,27.2800
26283,,1685.6248000000000000,3371.2496
26282,,123.9500000000000000,123.9500
26281,,1667.6198000000000000,3335.2396
26280,,1649.4691000000000000,3298.9382
26279,,2181.5625000000000000,2181.5625
26278,,29.9800000000000000,29.9800
26277,,1660.6298000000000000,3321.2596
26276,,1680.9591000000000000,3361.9182
26275,,27.2800000000000000,27.2800
26274,,21.4900000000000000,21.4900
26273,,60.4700000000000000,60.4700
26272,,60.4700000000000000,60.4700
26271,,23.7800000000000000,23.7800
26270,,4.9900000000000000,4.9900
26269,,13.9800000000000000,13.9800
26268,,60.4700000000000000,60.4700
26267,,21.4900000000000000,21.4900
26266,,93.4600000000000000,93.4600
26265,,36.2700000000000000,36.2700
26264,,31.2800000000000000,31.2800
26263,,28.9900000000000000,28.9900
26262,,68.9700000000000000,68.9700
26261,,195.2700000000000000,195.2700
26260,,93.4600000000000000,93.4600
26259,,68.9700000000000000,68.9700
26258,,36.2700000000000000,36.2700
26257,,82.9500000000000000,82.9500
26256,,93.4600000000000000,93.4600
26255,,36.2700000000000000,36.2700
26254,,33.9800000000000000,33.9800
26253,,33.9800000000000000,33.9800
26252,,1650.1091000000000000,3300.2182
26251,,68.9700000000000000,68.9700
26250,,156.2700000000000000,156.2700
26249,,2071.4196000000000000,2071.4196
26248,,68.9700000000000000,68.9700
26247,,2234.0791000000000000,4468.1582
26246,,27.2800000000000000,27.2800
26245,,2245.2398000000000000,4490.4796
26244,,49.4800000000000000,49.4800
26243,,27.2800000000000000,27.2800
26242,,67.9300000000000000,67.9300
26241,,1660.1248000000000000,3320.2496
26240,,29.9800000000000000,29.9800
26239,,51.9600000000000000,51.9600
26238,,1649.4691000000000000,3298.9382
26237,,27.2800000000000000,27.2800
26236,,59.9800000000000000,59.9800
26235,,2181.5625000000000000,2181.5625
26234,,1646.4691000000000000,3292.9382
26233,,48.9700000000000000,48.9700
26232,,4.9900000000000000,4.9900
26231,,1764.9600000000000000,1764.9600
26230,,2398.0500000000000000,2398.0500
26229,,2419.0600000000000000,2419.0600
26228,,1700.9900000000000000,1700.9900
26227,,1709.9800000000000000,1709.9800
26226,,4.9900000000000000,4.9900
26225,,742.3500000000000000,742.3500
26224,,777.3400000000000000,777.3400
26223,,2407.0400000000000000,2407.0400
26222,,561.4800000000000000,561.4800
26221,,2419.0600000000000000,2419.0600
26220,,539.9900000000000000,539.9900
26219,,570.4700000000000000,570.4700
26218,,6.2800000000000000,6.2800
26217,,38.9800000000000000,38.9800
26216,,92.9700000000000000,92.9700
26215,,13.9800000000000000,13.9800
26214,,553.9700000000000000,553.9700
26213,,62.9800000000000000,62.9800
26212,,23.7800000000000000,23.7800
26211,,565.4700000000000000,565.4700
26210,,553.9700000000000000,553.9700
26209,,2384.0700000000000000,2384.0700
26208,,48.9700000000000000,48.9700
26207,,2443.3500000000000000,2443.3500
26206,,2478.3400000000000000,2478.3400
26205,,2451.3000000000000000,2451.3000
26204,,983.7250000000000000,1967.4500
26203,,188.9800000000000000,188.9800
26202,,1374.6612500000000000,2749.3225
26201,,2249.2298000000000000,4498.4596
26200,,1378.2712500000000000,2756.5425
26199,,24.9900000000000000,24.9900
26198,,27.2800000000000000,27.2800
26197,,64.9700000000000000,64.9700
26196,,29.9800000000000000,29.9800
26195,,27.2800000000000000,27.2800
26194,,66.9400000000000000,66.9400
26193,,35.2300000000000000,35.2300
26192,,951.7400000000000000,1903.4800
26191,,969.2350000000000000,1938.4700
26190,,966.2300000000000000,1932.4600
26189,,963.2250000000000000,1926.4500
26188,,969.2350000000000000,1938.4700
26187,,966.2300000000000000,1932.4600
26186,,38.9800000000000000,38.9800
26185,,67.9700000000000000,67.9700
26184,,36.2700000000000000,36.2700
26183,,2071.4196000000000000,2071.4196
26182,,6.2800000000000000,6.2800
26181,,32.2700000000000000,32.2700
26180,,4.9900000000000000,4.9900
26179,,38.9800000000000000,38.9800
26178,,101.9500000000000000,101.9500
26177,,29.4800000000000000,29.4800
26176,,4.9900000000000000,4.9900
26175,,88.9700000000000000,88.9700
26174,,2071.4196000000000000,2071.4196
26173,,4.9900000000000000,4.9900
26172,,27.2800000000000000,27.2800
26171,,27.2800000000000000,27.2800
26170,,28.9900000000000000,28.9900
26169,,36.2700000000000000,36.2700
26168,,31.2800000000000000,31.2800
26167,,951.7400000000000000,1903.4800
26166,,128.9700000000000000,128.9700
26165,,978.7350000000000000,1957.4700
26164,,69.9900000000000000,69.9900
26163,,123.9800000000000000,123.9800
26162,,951.7400000000000000,1903.4800
26161,,951.7400000000000000,1903.4800
26160,,969.2350000000000000,1938.4700
26159,,69.9900000000000000,69.9900
26158,,94.4800000000000000,94.4800
26157,,69.9900000000000000,69.9900
26156,,78.9800000000000000,78.9800
26155,,128.9700000000000000,128.9700
26154,,969.2350000000000000,1938.4700
26153,,978.7350000000000000,1957.4700
26152,,969.2350000000000000,1938.4700
26151,,69.9900000000000000,69.9900
26150,,996.2300000000000000,1992.4600
26149,,78.9800000000000000,78.9800
26148,,958.7300000000000000,1917.4600
26147,,78.9800000000000000,78.9800
26146,,69.9900000000000000,69.9900
26145,,78.9800000000000000,78.9800
26144,,27.7700000000000000,27.7700
26143,,123.9800000000000000,123.9800
26142,,976.2250000000000000,1952.4500
26141,,78.9800000000000000,78.9800
26140,,958.7300000000000000,1917.4600
26139,,34.4700000000000000,34.4700
26138,,978.7350000000000000,1957.4700
26137,,69.9900000000000000,69.9900
26136,,39.9800000000000000,39.9800
26135,,983.7250000000000000,1967.4500
26134,,963.2250000000000000,1926.4500
26133,,969.2350000000000000,1938.4700
26132,,39.9800000000000000,39.9800
26131,,976.2250000000000000,1952.4500
26130,,21.4900000000000000,21.4900
26129,,21.4900000000000000,21.4900
26128,,68.9700000000000000,68.9700
26127,,2049.0982000000000000,2049.0982
26126,,28.9900000000000000,28.9900
26125,,29.9800000000000000,29.9800
26124,,64.9700000000000000,64.9700
26123,,64.9700000000000000,64.9700
26122,,64.9700000000000000,64.9700
26121,,1650.1248000000000000,3300.2496
26120,,1667.6198000000000000,3335.2396
26119,,64.9700000000000000,64.9700
26118,,35.2300000000000000,35.2300
26117,,32.2700000000000000,32.2700
26116,,2897.0250000000000000,5794.0500
26115,,1526.4000000000000000,3052.8000
26114,,2926.5150000000000000,5853.0300
26113,,1365.2712500000000000,2730.5425
26112,,2897.0250000000000000,5794.0500
26111,,2897.0250000000000000,5794.0500
26110,,2879.5300000000000000,5759.0600
26109,,64.9700000000000000,64.9700
26108,,32.2700000000000000,32.2700
26107,,2900.1650000000000000,5800.3300
26106,,2884.0250000000000000,5768.0500
26105,,40.2200000000000000,40.2200
26104,,114.9600000000000000,114.9600
26103,,32.2700000000000000,32.2700
26102,,147.2800000000000000,147.2800
26101,,24.9900000000000000,24.9900
26100,,7.2800000000000000,7.2800
26099,,39.9800000000000000,39.9800
26098,,2896.5250000000000000,5793.0500
26097,,2886.5200000000000000,5773.0400
26096,,2921.7700000000000000,5843.5400
26095,,15.2300000000000000,15.2300
26094,,2324.1550000000000000,4648.3100
26093,,2328.9050000000000000,4657.8100
26092,,64.9700000000000000,64.9700
26091,,2914.0150000000000000,5828.0300
26090,,2909.5250000000000000,5819.0500
26089,,2899.0200000000000000,5798.0400
26088,,49.4800000000000000,49.4800
26087,,64.9700000000000000,64.9700
26086,,149.9800000000000000,149.9800
26085,,64.4700000000000000,64.4700
26084,,2884.0250000000000000,5768.0500
26083,,2897.0250000000000000,5794.0500
26082,,2884.0250000000000000,5768.0500
26081,,64.9700000000000000,64.9700
26080,,24.9900000000000000,24.9900
26079,,64.9700000000000000,64.9700
26078,,64.9700000000000000,64.9700
26077,,7.2800000000000000,7.2800
26076,,76.9600000000000000,76.9600
26075,,2884.0250000000000000,5768.0500
26074,,7.2800000000000000,7.2800
26073,,59.9800000000000000,59.9800
26072,,24.9900000000000000,24.9900
26071,,89.4600000000000000,89.4600
26070,,2884.0250000000000000,5768.0500
26069,,51.4600000000000000,51.4600
26068,,24.9900000000000000,24.9900
26067,,64.9700000000000000,64.9700
26066,,2916.0100000000000000,5832.0200
26065,,49.4800000000000000,49.4800
26064,,49.4800000000000000,49.4800
26063,,29.9800000000000000,29.9800
26062,,49.4800000000000000,49.4800
26061,,2919.0250000000000000,5838.0500
26060,,2897.0250000000000000,5794.0500
26059,,118.9600000000000000,118.9600
26058,,2919.0250000000000000,5838.0500
26057,,2963.7550000000000000,5927.5100
26056,,2919.0250000000000000,5838.0500
26055,,2892.0300000000000000,5784.0600
26054,,24.9900000000000000,24.9900
26053,,27.2800000000000000,27.2800
26052,,24.9900000000000000,24.9900
26051,,4.9900000000000000,4.9900
26050,,2312.4150000000000000,4624.8300
26049,,2181.5625000000000000,2181.5625
26048,,191.2700000000000000,191.2700
26047,,64.9700000000000000,64.9700
26046,,93.4800000000000000,93.4800
26045,,27.2800000000000000,27.2800
26044,,86.9500000000000000,86.9500
26043,,191.2700000000000000,191.2700
26042,,2879.5300000000000000,5759.0600
26041,,2930.4900000000000000,5860.9800
26040,,1509.1650000000000000,3018.3300
26039,,27.2800000000000000,27.2800
26038,,2503.0300000000000000,2503.0300
26037,,38.9800000000000000,38.9800
26036,,88.9800000000000000,88.9800
26035,,88.9800000000000000,88.9800
26034,,21.4900000000000000,21.4900
26033,,951.7400000000000000,1903.4800
26032,,7.2800000000000000,7.2800
26031,,23.7800000000000000,23.7800
26030,,21.4900000000000000,21.4900
26029,,965.3800000000000000,1930.7600
26028,,969.2350000000000000,1938.4700
26027,,969.2350000000000000,1938.4700
26026,,4.9900000000000000,4.9900
26025,,958.7300000000000000,1917.4600
26024,,976.2250000000000000,1952.4500
26023,,958.7300000000000000,1917.4600
26022,,969.2350000000000000,1938.4700
26021,,958.7300000000000000,1917.4600
26020,,966.2300000000000000,1932.4600
26019,,978.7350000000000000,1957.4700
26018,,2934.5200000000000000,5869.0400
26017,,89.4600000000000000,89.4600
26016,,2341.6500000000000000,4683.3000
26015,,2307.4200000000000000,4614.8400
26014,,2356.6650000000000000,4713.3300
26013,,2443.3500000000000000,2443.3500
26012,,2897.0250000000000000,5794.0500
26011,,2884.0250000000000000,5768.0500
26010,,24.9900000000000000,24.9900
26009,,40.2200000000000000,40.2200
26008,,49.4800000000000000,49.4800
26007,,24.9900000000000000,24.9900
26006,,24.9900000000000000,24.9900
26005,,2311.9150000000000000,4623.8300
26004,,2349.4050000000000000,4698.8100
26003,,2324.1550000000000000,4648.3100
26002,,2349.6550000000000000,4699.3100
26001,,2336.6550000000000000,4673.3100
26000,,32.2700000000000000,32.2700
25999,,2181.5625000000000000,2181.5625
25998,,2324.9150000000000000,4649.8300
25997,,2311.9150000000000000,4623.8300
25996,,2299.4150000000000000,4598.8300
25995,,2443.3500000000000000,2443.3500
25994,,2313.0550000000000000,4626.1100
25993,,2324.1550000000000000,4648.3100
25992,,1360.7762500000000000,2721.5525
25991,,1422.7612500000000000,2845.5225
25990,,2923.5200000000000000,5847.0400
25989,,1372.2612500000000000,2744.5225
25988,,64.9700000000000000,64.9700
25987,,2319.9150000000000000,4639.8300
25986,,2312.4150000000000000,4624.8300
25985,,2329.4050000000000000,4658.8100
25984,,2312.4150000000000000,4624.8300
25983,,29.9800000000000000,29.9800
25982,,2909.5250000000000000,5819.0500
25981,,1509.1650000000000000,3018.3300
25980,,2909.5250000000000000,5819.0500
25979,,2892.0300000000000000,5784.0600
25978,,2906.5250000000000000,5813.0500
25977,,2312.4150000000000000,4624.8300
25976,,2879.5300000000000000,5759.0600
25975,,2903.5150000000000000,5807.0300
25974,,2909.5250000000000000,5819.0500
25973,,2896.5250000000000000,5793.0500
25972,,2890.4950000000000000,5780.9900
25971,,1374.6612500000000000,2749.3225
25970,,2301.9100000000000000,4603.8200
25969,,2324.9150000000000000,4649.8300
25968,,24.9900000000000000,24.9900
25967,,29.9800000000000000,29.9800
25966,,27.2800000000000000,27.2800
25965,,32.2700000000000000,32.2700
25964,,2324.9150000000000000,4649.8300
25963,,24.9900000000000000,24.9900
25962,,2909.5250000000000000,5819.0500
25961,,969.2350000000000000,1938.4700
25960,,978.7350000000000000,1957.4700
25959,,27.2800000000000000,27.2800
25958,,951.7400000000000000,1903.4800
25957,,89.4600000000000000,89.4600
25956,,24.9900000000000000,24.9900
25955,,2321.9150000000000000,4643.8300
25954,,27.2800000000000000,27.2800
25953,,59.9800000000000000,59.9800
25952,,2299.4150000000000000,4598.8300
25951,,2351.6550000000000000,4703.3100
25950,,54.2500000000000000,54.2500
25949,,941.2841000000000000,1882.5682
25948,,909.7941000000000000,1819.5882
25947,,927.2891000000000000,1854.5782
25946,,936.7891000000000000,1873.5782
25945,,624.0391000000000000,1248.0782
25944,,637.0391000000000000,1274.0782
25943,,2904.0150000000000000,5808.0300
25942,,2299.4150000000000000,4598.8300
25941,,627.6791000000000000,1255.3582
25940,,638.7791000000000000,1277.5582
25939,,632.2841000000000000,1264.5682
25938,,654.0291000000000000,1308.0582
25937,,649.7791000000000000,1299.5582
25936,,624.0391000000000000,1248.0782
25935,,628.0141000000000000,1256.0282
25934,,64.9700000000000000,64.9700
25933,,49.4800000000000000,49.4800
25932,,49.4800000000000000,49.4800
25931,,27.2800000000000000,27.2800
25930,,29.9800000000000000,29.9800
25929,,27.2800000000000000,27.2800
25928,,658.0241000000000000,1316.0482
25927,,636.2591000000000000,1272.5182
25926,,654.0291000000000000,1308.0582
25925,,13.9800000000000000,13.9800
25924,,2909.5250000000000000,5819.0500
25923,,6.2800000000000000,6.2800
25922,,637.0391000000000000,1274.0782
25921,,626.5341000000000000,1253.0682
25920,,909.7941000000000000,1819.5882
25919,,624.0391000000000000,1248.0782
25918,,630.2891000000000000,1260.5782
25917,,2349.9100000000000000,4699.8200
25916,,2324.9150000000000000,4649.8300
25915,,42.9700000000000000,42.9700
25914,,37.9300000000000000,37.9300
25913,,6.2800000000000000,6.2800
25912,,63.4700000000000000,63.4700
25911,,2181.5625000000000000,2181.5625
25910,,2311.9150000000000000,4623.8300
25909,,2329.4050000000000000,4658.8100
25908,,27.2800000000000000,27.2800
25907,,6.2800000000000000,6.2800
25906,,6.2800000000000000,6.2800
25905,,2299.4150000000000000,4598.8300
25904,,89.4600000000000000,89.4600
25903,,2886.5200000000000000,5773.0400
25902,,64.9700000000000000,64.9700
25901,,2896.5250000000000000,5793.0500
25900,,41.5900000000000000,41.5900
25899,,71.5800000000000000,71.5800
25898,,38.8800000000000000,38.8800
25897,,32.6000000000000000,32.6000
25896,,121.5700000000000000,121.5700
25895,,2324.9150000000000000,4649.8300
25894,,49.4800000000000000,49.4800
25893,,24.9900000000000000,24.9900
25892,,2443.3500000000000000,2443.3500
25891,,2879.5300000000000000,5759.0600
25890,,24.9900000000000000,24.9900
25889,,2325.5550000000000000,4651.1100
25888,,2311.9100000000000000,4623.8200
25887,,2336.6550000000000000,4673.3100
25886,,2336.6550000000000000,4673.3100
25885,,59.9800000000000000,59.9800
25884,,39.9800000000000000,39.9800
25883,,2443.3500000000000000,2443.3500
25882,,64.9700000000000000,64.9700
25881,,24.9900000000000000,24.9900
25880,,32.2700000000000000,32.2700
25879,,2329.4100000000000000,4658.8200
25878,,2324.9150000000000000,4649.8300
25877,,79.9700000000000000,79.9700
25876,,2314.5350000000000000,4629.0700
25875,,2443.3500000000000000,2443.3500
25874,,34.8900000000000000,34.8900
25873,,39.9800000000000000,39.9800
25872,,2909.5250000000000000,5819.0500
25871,,64.9700000000000000,64.9700
25870,,37.9300000000000000,37.9300
25869,,79.9700000000000000,79.9700
25868,,2899.0200000000000000,5798.0400
25867,,2892.0300000000000000,5784.0600
25866,,2301.9100000000000000,4603.8200
25865,,2321.9150000000000000,4643.8300
25864,,2443.3500000000000000,2443.3500
25863,,2315.5550000000000000,4631.1100
25862,,64.9700000000000000,64.9700
25861,,3399.9900000000000000,3399.9900
25860,,27.2800000000000000,27.2800
25859,,64.9700000000000000,64.9700
25858,,32.2700000000000000,32.2700
25857,,3399.9900000000000000,3399.9900
25856,,750.3000000000000000,750.3000
25855,,40.2200000000000000,40.2200
25854,,27.2800000000000000,27.2800
25853,,27.2800000000000000,27.2800
25852,,29.9800000000000000,29.9800
25851,,24.9900000000000000,24.9900
25850,,64.4700000000000000,64.4700
25849,,35.2300000000000000,35.2300
25848,,27.2800000000000000,27.2800
25847,,24.9900000000000000,24.9900
25846,,64.9700000000000000,64.9700
25845,,13.9800000000000000,13.9800
25844,,24.9900000000000000,24.9900
25843,,27.2800000000000000,27.2800
25842,,27.2800000000000000,27.2800
25841,,64.9700000000000000,64.9700
25840,,1249.8400000000000000,1249.8400
25839,,107.9400000000000000,107.9400
25838,,64.9700000000000000,64.9700
25837,,24.9900000000000000,24.9900
25836,,34.8900000000000000,34.8900
25835,,27.2800000000000000,27.2800
25834,,27.2800000000000000,27.2800
25833,,36.5900000000000000,36.5900
25832,,925.4291000000000000,1850.8582
25831,,941.2841000000000000,1882.5682
25830,,916.7841000000000000,1833.5682
25829,,947.0341000000000000,1894.0682
25828,,936.7891000000000000,1873.5782
25827,,936.7891000000000000,1873.5782
25826,,927.2891000000000000,1854.5782
25825,,4.9900000000000000,4.9900
25824,,39.9800000000000000,39.9800
25823,,943.7791000000000000,1887.5582
25822,,909.7941000000000000,1819.5882
25821,,939.5341000000000000,1879.0682
25820,,48.9700000000000000,48.9700
25819,,936.7891000000000000,1873.5782
25818,,35.9600000000000000,35.9600
25817,,7.2800000000000000,7.2800
25816,,7.2800000000000000,7.2800
25815,,39.9800000000000000,39.9800
25814,,61.9600000000000000,61.9600
25813,,26.9700000000000000,26.9700
25812,,113.9700000000000000,113.9700
25811,,86.4500000000000000,86.4500
25810,,114.4600000000000000,114.4600
25809,,21.4900000000000000,21.4900
25808,,77.9600000000000000,77.9600
25807,,88.9800000000000000,88.9800
25806,,23.7800000000000000,23.7800
25805,,2501.3100000000000000,2501.3100
25804,,4.9900000000000000,4.9900
25803,,30.4800000000000000,30.4800
25802,,60.4700000000000000,60.4700
25801,,4.9900000000000000,4.9900
25800,,39.9800000000000000,39.9800
25799,,13.9800000000000000,13.9800
25798,,2452.3400000000000000,2452.3400
25797,,21.4900000000000000,21.4900
25796,,2475.9500000000000000,2475.9500
25795,,2482.2300000000000000,2482.2300
25794,,23.7800000000000000,23.7800
25793,,2479.9400000000000000,2479.9400
25792,,75.4800000000000000,75.4800
25791,,60.4700000000000000,60.4700
25790,,69.4600000000000000,69.4600
25789,,25.4800000000000000,25.4800
25788,,60.4700000000000000,60.4700
25787,,27.7700000000000000,27.7700
25786,,2329.9800000000000000,2329.9800
25785,,4.9900000000000000,4.9900
25784,,4.9900000000000000,4.9900
25783,,4.9900000000000000,4.9900
25782,,58.9800000000000000,58.9800
25781,,39.9800000000000000,39.9800
25780,,2479.9400000000000000,2479.9400
25779,,2479.9400000000000000,2479.9400
25778,,2443.3500000000000000,2443.3500
25777,,2309.9700000000000000,2309.9700
25776,,2514.6100000000000000,2514.6100
25775,,2451.3000000000000000,2451.3000
25774,,2537.3200000000000000,2537.3200
25773,,60.4700000000000000,60.4700
25772,,75.4800000000000000,75.4800
25771,,25.4800000000000000,25.4800
25770,,2294.9900000000000000,2294.9900
25769,,2514.9300000000000000,2514.9300
25768,,75.4700000000000000,75.4700
25767,,2453.0400000000000000,2453.0400
25766,,32.6000000000000000,32.6000
25765,,2438.0600000000000000,2438.0600
25764,,71.5800000000000000,71.5800
25763,,38.8800000000000000,38.8800
25762,,2517.0200000000000000,2517.0200
25761,,562.9600000000000000,562.9600
25760,,567.7600000000000000,567.7600
25759,,742.3500000000000000,742.3500
25758,,2428.0500000000000000,2428.0500
25757,,628.9700000000000000,628.9700
25756,,2493.5400000000000000,2493.5400
25755,,6.2800000000000000,6.2800
25754,,23.7800000000000000,23.7800
25753,,3.9900000000000000,3.9900
25752,,756.3300000000000000,756.3300
25751,,1759.9700000000000000,1759.9700
25750,,553.9700000000000000,553.9700
25749,,742.3500000000000000,742.3500
25748,,539.9900000000000000,539.9900
25747,,539.9900000000000000,539.9900
25746,,561.4800000000000000,561.4800
25745,,2473.0400000000000000,2473.0400
25744,,2428.2900000000000000,2428.2900
25743,,786.3300000000000000,786.3300
25742,,2462.0300000000000000,2462.0300
25741,,567.7600000000000000,567.7600
25740,,53.9900000000000000,53.9900
25739,,539.9900000000000000,539.9900
25738,,2398.0500000000000000,2398.0500
25737,,1764.9600000000000000,1764.9600
25736,,2453.0400000000000000,2453.0400
25735,,2407.0400000000000000,2407.0400
25734,,2384.0700000000000000,2384.0700
25733,,76.9600000000000000,76.9600
25732,,638.9500000000000000,638.9500
25731,,548.9800000000000000,548.9800
25730,,2469.0500000000000000,2469.0500
25729,,2433.0400000000000000,2433.0400
25728,,574.9800000000000000,574.9800
25727,,539.9900000000000000,539.9900
25726,,663.4400000000000000,663.4400
25725,,2419.0600000000000000,2419.0600
25724,,2442.0300000000000000,2442.0300
25723,,777.3400000000000000,777.3400
25722,,777.3400000000000000,777.3400
25721,,583.9700000000000000,583.9700
25720,,2433.0400000000000000,2433.0400
25719,,60.4700000000000000,60.4700
25718,,637.0391000000000000,1274.0782
25717,,637.0391000000000000,1274.0782
25716,,651.2941000000000000,1302.5882
25715,,637.0391000000000000,1274.0782
25714,,654.0291000000000000,1308.0582
25713,,644.0291000000000000,1288.0582
25712,,631.0291000000000000,1262.0582
25711,,637.0391000000000000,1274.0782
25710,,619.5441000000000000,1239.0882
25709,,654.0291000000000000,1308.0582
25708,,626.5341000000000000,1253.0682
25707,,631.0291000000000000,1262.0582
25706,,619.5441000000000000,1239.0882
25705,,637.0391000000000000,1274.0782
25704,,619.5441000000000000,1239.0882
25703,,607.9600000000000000,607.9600
25702,,2419.0600000000000000,2419.0600
25701,,600.4600000000000000,600.4600
25700,,1268.8400000000000000,1268.8400
25699,,47.9700000000000000,47.9700
25698,,68.9700000000000000,68.9700
25697,,68.9700000000000000,68.9700
25696,,42.9700000000000000,42.9700
25695,,33.9800000000000000,33.9800
25694,,1223.8400000000000000,1223.8400
25693,,1236.7800000000000000,1236.7800
25692,,66.9700000000000000,66.9700
25691,,27.7700000000000000,27.7700
25690,,38.9800000000000000,38.9800
25689,,6.2800000000000000,6.2800
25688,,68.9700000000000000,68.9700
25687,,12.9800000000000000,12.9800
25686,,6.2800000000000000,6.2800
25685,,21.4900000000000000,21.4900
25684,,23.7800000000000000,23.7800
25683,,1251.1200000000000000,1251.1200
25682,,38.9800000000000000,38.9800
25681,,2398.0500000000000000,2398.0500
25680,,27.7700000000000000,27.7700
25679,,39.9800000000000000,39.9800
25678,,60.4700000000000000,60.4700
25677,,59.9800000000000000,59.9800
25676,,66.9700000000000000,66.9700
25675,,548.9800000000000000,548.9800
25674,,2419.0600000000000000,2419.0600
25673,,7.2800000000000000,7.2800
25672,,7.2800000000000000,7.2800
25671,,30.4800000000000000,30.4800
25670,,48.9700000000000000,48.9700
25669,,38.9800000000000000,38.9800
25668,,88.9700000000000000,88.9700
25667,,23.7800000000000000,23.7800
25666,,39.9800000000000000,39.9800
25665,,4.9900000000000000,4.9900
25664,,27.7700000000000000,27.7700
25663,,94.9700000000000000,94.9700
25662,,94.9700000000000000,94.9700
25661,,1735.9800000000000000,1735.9800
25660,,1735.9800000000000000,1735.9800
25659,,567.7600000000000000,567.7600
25658,,1735.9800000000000000,1735.9800
25657,,609.4500000000000000,609.4500
25656,,539.9900000000000000,539.9900
25655,,571.7200000000000000,571.7200
25654,,39.9800000000000000,39.9800
25653,,30.4800000000000000,30.4800
25652,,39.9800000000000000,39.9800
25651,,1785.9700000000000000,1785.9700
25650,,60.4700000000000000,60.4700
25649,,1264.8400000000000000,1264.8400
25648,,4.9900000000000000,4.9900
25647,,563.7700000000000000,563.7700
25646,,539.9900000000000000,539.9900
25645,,21.4900000000000000,21.4900
25644,,18.9700000000000000,18.9700
25643,,39.9800000000000000,39.9800
25642,,583.9700000000000000,583.9700
25641,,561.4800000000000000,561.4800
25640,,2428.0500000000000000,2428.0500
25639,,1228.8300000000000000,1228.8300
25638,,39.9800000000000000,39.9800
25637,,2510.9400000000000000,2510.9400
25636,,1174.4800000000000000,1174.4800
25635,,1754.9800000000000000,1754.9800
25634,,1750.9800000000000000,1750.9800
25633,,110.4600000000000000,110.4600
25632,,53.9800000000000000,53.9800
25631,,38.9800000000000000,38.9800
25630,,39.9800000000000000,39.9800
25629,,23.7800000000000000,23.7800
25628,,6.2800000000000000,6.2800
25627,,47.9700000000000000,47.9700
25626,,548.9800000000000000,548.9800
25625,,2433.0400000000000000,2433.0400
25624,,38.8800000000000000,38.8800
25623,,2398.0500000000000000,2398.0500
25622,,2398.0500000000000000,2398.0500
25621,,89.9700000000000000,89.9700
25620,,39.9800000000000000,39.9800
25619,,1273.8300000000000000,1273.8300
25618,,2398.0500000000000000,2398.0500
25617,,1249.8400000000000000,1249.8400
25616,,539.9900000000000000,539.9900
25615,,574.9800000000000000,574.9800
25614,,1228.8300000000000000,1228.8300
25613,,1249.8400000000000000,1249.8400
25612,,574.9800000000000000,574.9800
25611,,564.4800000000000000,564.4800
25610,,574.9800000000000000,574.9800
25609,,565.4700000000000000,565.4700
25608,,539.9900000000000000,539.9900
25607,,1253.3200000000000000,1253.3200
25606,,1249.8400000000000000,1249.8400
25605,,600.4600000000000000,600.4600
25604,,1174.4800000000000000,1174.4800
25603,,1169.4600000000000000,1169.4600
25602,,1763.9700000000000000,1763.9700
25601,,583.9700000000000000,583.9700
25600,,1268.8400000000000000,1268.8400
25599,,1174.4800000000000000,1174.4800
25598,,1151.7600000000000000,1151.7600
25597,,539.9900000000000000,539.9900
25596,,539.9900000000000000,539.9900
25595,,553.9700000000000000,553.9700
25594,,1214.8500000000000000,1214.8500
25593,,1264.8400000000000000,1264.8400
25592,,38.9800000000000000,38.9800
25591,,548.9800000000000000,548.9800
25590,,583.9700000000000000,583.9700
25589,,539.9900000000000000,539.9900
25588,,1223.8400000000000000,1223.8400
25587,,539.9900000000000000,539.9900
25586,,1223.8400000000000000,1223.8400
25585,,1188.4600000000000000,1188.4600
25584,,1169.4600000000000000,1169.4600
25583,,583.9700000000000000,583.9700
25582,,1164.4700000000000000,1164.4700
25581,,34.4700000000000000,34.4700
25580,,39.9800000000000000,39.9800
25579,,39.9800000000000000,39.9800
25578,,1155.4800000000000000,1155.4800
25577,,1155.4800000000000000,1155.4800
25576,,1170.4800000000000000,1170.4800
25575,,539.9900000000000000,539.9900
25574,,1273.8300000000000000,1273.8300
25573,,1155.4800000000000000,1155.4800
25572,,1169.4600000000000000,1169.4600
25571,,588.9600000000000000,588.9600
25570,,29.4800000000000000,29.4800
25569,,89.9700000000000000,89.9700
25568,,626.5341000000000000,1253.0682
25567,,619.5441000000000000,1239.0882
25566,,626.5341000000000000,1253.0682
25565,,619.5441000000000000,1239.0882
25564,,626.5341000000000000,1253.0682
25563,,619.5441000000000000,1239.0882
25562,,619.5441000000000000,1239.0882
25561,,644.0291000000000000,1288.0582
25560,,644.0291000000000000,1288.0582
25559,,626.5341000000000000,1253.0682
25558,,653.5291000000000000,1307.0582
25557,,631.4341000000000000,1262.8682
25556,,626.5341000000000000,1253.0682
25555,,638.7791000000000000,1277.5582
25554,,7.2800000000000000,7.2800
25553,,1120.4900000000000000,1120.4900
25552,,553.9700000000000000,553.9700
25551,,143.7800000000000000,143.7800
25550,,574.9800000000000000,574.9800
25549,,7.2800000000000000,7.2800
25548,,603.4900000000000000,603.4900
25547,,3.9900000000000000,3.9900
25546,,1179.4700000000000000,1179.4700
25545,,38.9800000000000000,38.9800
25544,,3.9900000000000000,3.9900
25543,,49.9700000000000000,49.9700
25542,,13.9800000000000000,13.9800
25541,,21.4900000000000000,21.4900
25540,,1223.8400000000000000,1223.8400
25539,,1277.8300000000000000,1277.8300
25538,,1228.8300000000000000,1228.8300
25537,,38.9800000000000000,38.9800
25536,,21.4900000000000000,21.4900
25535,,39.9800000000000000,39.9800
25534,,4.9900000000000000,4.9900
25533,,27.7700000000000000,27.7700
25532,,1223.8400000000000000,1223.8400
25531,,1188.4600000000000000,1188.4600
25530,,23.7800000000000000,23.7800
25529,,21.4900000000000000,21.4900
25528,,565.4700000000000000,565.4700
25527,,7.2800000000000000,7.2800
25526,,60.4700000000000000,60.4700
25525,,663.4400000000000000,663.4400
25524,,25.4800000000000000,25.4800
25523,,38.9800000000000000,38.9800
25522,,628.9700000000000000,628.9700
25521,,30.4800000000000000,30.4800
25520,,114.4600000000000000,114.4600
25519,,39.9800000000000000,39.9800
25518,,39.9800000000000000,39.9800
25517,,39.9800000000000000,39.9800
25516,,21.4900000000000000,21.4900
25515,,39.9800000000000000,39.9800
25514,,7.2800000000000000,7.2800
25513,,7.2800000000000000,7.2800
25512,,38.9800000000000000,38.9800
25511,,1134.4700000000000000,1134.4700
25510,,1212.9500000000000000,1212.9500
25509,,21.4900000000000000,21.4900
25508,,539.9900000000000000,539.9900
25507,,4.9900000000000000,4.9900
25506,,1155.4800000000000000,1155.4800
25505,,38.9800000000000000,38.9800
25504,,578.4600000000000000,578.4600
25503,,48.9700000000000000,48.9700
25502,,1174.4800000000000000,1174.4800
25501,,1155.4800000000000000,1155.4800
25500,,1170.4800000000000000,1170.4800
25499,,38.9800000000000000,38.9800
25498,,1785.9700000000000000,1785.9700
25497,,1700.9900000000000000,1700.9900
25496,,13.9800000000000000,13.9800
25495,,39.9800000000000000,39.9800
25494,,39.9800000000000000,39.9800
25493,,1243.4400000000000000,1243.4400
25492,,1764.9600000000000000,1764.9600
25491,,7.2800000000000000,7.2800
25490,,7.2800000000000000,7.2800
25489,,1147.7700000000000000,1147.7700
25488,,1120.4900000000000000,1120.4900
25487,,31.7300000000000000,31.7300
25486,,548.9800000000000000,548.9800
25485,,1223.8400000000000000,1223.8400
25484,,2469.0500000000000000,2469.0500
25483,,7.2800000000000000,7.2800
25482,,162.9900000000000000,162.9900
25481,,2478.3400000000000000,2478.3400
25480,,1120.4900000000000000,1120.4900
25479,,1799.9500000000000000,1799.9500
25478,,1735.9800000000000000,1735.9800
25477,,3.9900000000000000,3.9900
25476,,4.9900000000000000,4.9900
25475,,39.9800000000000000,39.9800
25474,,38.9800000000000000,38.9800
25473,,4.9900000000000000,4.9900
25472,,27.7700000000000000,27.7700
25471,,39.9800000000000000,39.9800
25470,,162.9900000000000000,162.9900
25469,,39.9800000000000000,39.9800
25468,,548.9800000000000000,548.9800
25467,,1151.7600000000000000,1151.7600
25466,,4.9900000000000000,4.9900
25465,,1155.4800000000000000,1155.4800
25464,,2453.0400000000000000,2453.0400
25463,,2384.0700000000000000,2384.0700
25462,,1764.9600000000000000,1764.9600
25461,,1775.9700000000000000,1775.9700
25460,,553.9700000000000000,553.9700
25459,,553.9700000000000000,553.9700
25458,,2413.0600000000000000,2413.0600
25457,,2420.3400000000000000,2420.3400
25456,,4.9900000000000000,4.9900
25455,,565.4700000000000000,565.4700
25454,,1155.4800000000000000,1155.4800
25453,,1170.4800000000000000,1170.4800
25452,,2384.0700000000000000,2384.0700
25451,,574.9800000000000000,574.9800
25450,,567.7600000000000000,567.7600
25449,,608.9600000000000000,608.9600
25448,,1174.4800000000000000,1174.4800
25447,,1164.4700000000000000,1164.4700
25446,,1151.7600000000000000,1151.7600
25445,,1735.9800000000000000,1735.9800
25444,,1754.9800000000000000,1754.9800
25443,,1750.9800000000000000,1750.9800
25442,,1735.9800000000000000,1735.9800
25441,,71.5800000000000000,71.5800
25440,,57.0900000000000000,57.0900
25439,,71.5800000000000000,71.5800
25438,,95.5700000000000000,95.5700
25437,,13.9800000000000000,13.9800
25436,,1243.8400000000000000,1243.8400
25435,,36.5900000000000000,36.5900
25434,,38.8800000000000000,38.8800
25433,,4.9900000000000000,4.9900
25432,,1249.8400000000000000,1249.8400
25431,,71.5800000000000000,71.5800
25430,,2419.0600000000000000,2419.0600
25429,,2393.0600000000000000,2393.0600
25428,,36.5900000000000000,36.5900
25427,,2393.0600000000000000,2393.0600
25426,,2419.0600000000000000,2419.0600
25425,,2438.0600000000000000,2438.0600
25424,,71.5800000000000000,71.5800
25423,,2478.0400000000000000,2478.0400
25422,,71.5800000000000000,71.5800
25421,,1249.8400000000000000,1249.8400
25420,,1268.8400000000000000,1268.8400
25419,,1249.8400000000000000,1249.8400
25418,,1223.8400000000000000,1223.8400
25417,,1308.3100000000000000,1308.3100
25416,,40.2200000000000000,40.2200
25415,,2433.0400000000000000,2433.0400
25414,,2453.0400000000000000,2453.0400
25413,,1228.8300000000000000,1228.8300
25412,,1223.8400000000000000,1223.8400
25411,,1214.8500000000000000,1214.8500
25410,,2384.0700000000000000,2384.0700
25409,,2384.0700000000000000,2384.0700
25408,,1367.7662500000000000,2735.5325
25407,,2398.0500000000000000,2398.0500
25406,,2433.0400000000000000,2433.0400
25405,,2433.0400000000000000,2433.0400
25404,,2433.0400000000000000,2433.0400
25403,,1283.8200000000000000,1283.8200
25402,,1249.8400000000000000,1249.8400
25401,,2393.0600000000000000,2393.0600
25400,,2469.0500000000000000,2469.0500
25399,,2393.0600000000000000,2393.0600
25398,,2419.0600000000000000,2419.0600
25397,,2427.0400000000000000,2427.0400
25396,,2398.0500000000000000,2398.0500
25395,,1223.8400000000000000,1223.8400
25394,,1249.8400000000000000,1249.8400
25393,,2443.3500000000000000,2443.3500
25392,,1249.8400000000000000,1249.8400
25391,,1256.7800000000000000,1256.7800
25390,,1274.3300000000000000,1274.3300
25389,,1303.8300000000000000,1303.8300
25388,,1249.8400000000000000,1249.8400
25387,,1249.8400000000000000,1249.8400
25386,,1249.8400000000000000,1249.8400
25385,,1249.8400000000000000,1249.8400
25384,,1249.8400000000000000,1249.8400
25383,,1228.8300000000000000,1228.8300
25382,,1283.8200000000000000,1283.8200
25381,,1228.8300000000000000,1228.8300
25380,,1249.8400000000000000,1249.8400
25379,,1214.8500000000000000,1214.8500
25378,,38.8800000000000000,38.8800
25377,,32.6000000000000000,32.6000
25376,,32.6000000000000000,32.6000
25375,,32.6000000000000000,32.6000
25374,,71.5800000000000000,71.5800
25373,,71.5800000000000000,71.5800
25372,,32.6000000000000000,32.6000
25371,,2181.5625000000000000,2181.5625
25370,,1263.8200000000000000,1263.8200
25369,,156.5900000000000000,156.5900
25368,,1283.8200000000000000,1283.8200
25367,,4.9900000000000000,4.9900
25366,,1243.8400000000000000,1243.8400
25365,,780.8200000000000000,780.8200
25364,,751.3400000000000000,751.3400
25363,,2443.3500000000000000,2443.3500
25362,,751.3400000000000000,751.3400
25361,,2443.3500000000000000,2443.3500
25360,,32.2700000000000000,32.2700
25359,,24.9900000000000000,24.9900
25358,,27.2800000000000000,27.2800
25357,,147.2800000000000000,147.2800
25356,,27.2800000000000000,27.2800
25355,,59.9800000000000000,59.9800
25354,,24.9900000000000000,24.9900
25353,,27.2800000000000000,27.2800
25352,,29.9800000000000000,29.9800
25351,,49.4800000000000000,49.4800
25350,,32.2700000000000000,32.2700
25349,,4.9900000000000000,4.9900
25348,,64.9700000000000000,64.9700
25347,,59.9800000000000000,59.9800
25346,,114.9600000000000000,114.9600
25345,,24.9900000000000000,24.9900
25344,,801.8300000000000000,801.8300
25343,,24.9900000000000000,24.9900
25342,,24.9900000000000000,24.9900
25341,,64.9700000000000000,64.9700
25340,,4.9900000000000000,4.9900
25339,,1223.8400000000000000,1223.8400
25338,,27.2800000000000000,27.2800
25337,,29.9800000000000000,29.9800
25336,,24.9900000000000000,24.9900
25335,,59.9800000000000000,59.9800
25334,,2398.0500000000000000,2398.0500
25333,,100.0900000000000000,100.0900
25332,,39.9800000000000000,39.9800
25331,,7.2800000000000000,7.2800
25330,,100.0900000000000000,100.0900
25329,,100.0900000000000000,100.0900
25328,,89.9700000000000000,89.9700
25327,,4.9900000000000000,4.9900
25326,,78.9700000000000000,78.9700
25325,,6.2800000000000000,6.2800
25324,,39.9800000000000000,39.9800
25323,,1714.9700000000000000,1714.9700
25322,,7.2800000000000000,7.2800
25321,,1735.9800000000000000,1735.9800
25320,,2419.0600000000000000,2419.0600
25319,,2420.3400000000000000,2420.3400
25318,,25.4800000000000000,25.4800
25317,,88.9800000000000000,88.9800
25316,,4.9900000000000000,4.9900
25315,,6.2800000000000000,6.2800
25314,,7.2800000000000000,7.2800
25313,,3.9900000000000000,3.9900
25312,,1198.9700000000000000,1198.9700
25311,,1735.9800000000000000,1735.9800
25310,,60.4700000000000000,60.4700
25309,,562.9600000000000000,562.9600
25308,,1120.4900000000000000,1120.4900
25307,,1759.9700000000000000,1759.9700
25306,,1769.9600000000000000,1769.9600
25305,,1725.9800000000000000,1725.9800
25304,,67.4900000000000000,67.4900
25303,,574.9800000000000000,574.9800
25302,,69.4600000000000000,69.4600
25301,,1170.4800000000000000,1170.4800
25300,,75.4800000000000000,75.4800
25299,,4.9900000000000000,4.9900
25298,,4.9900000000000000,4.9900
25297,,23.7800000000000000,23.7800
25296,,25.4800000000000000,25.4800
25295,,39.9800000000000000,39.9800
25294,,941.2841000000000000,1882.5682
25293,,67.5900000000000000,67.5900
25292,,158.8800000000000000,158.8800
25291,,38.8800000000000000,38.8800
25290,,2419.0600000000000000,2419.0600
25289,,2453.0400000000000000,2453.0400
25288,,1360.7762500000000000,2721.5525
25287,,1491.6700000000000000,2983.3400
25286,,2393.0600000000000000,2393.0600
25285,,2438.0600000000000000,2438.0600
25284,,2419.0600000000000000,2419.0600
25283,,38.8800000000000000,38.8800
25282,,32.6000000000000000,32.6000
25281,,1249.8400000000000000,1249.8400
25280,,38.8800000000000000,38.8800
25279,,32.6000000000000000,32.6000
25278,,36.5900000000000000,36.5900
25277,,96.0700000000000000,96.0700
25276,,38.8800000000000000,38.8800
25275,,34.8900000000000000,34.8900
25274,,71.5800000000000000,71.5800
25273,,949.0341000000000000,1898.0682
25272,,936.7891000000000000,1873.5782
25271,,927.2891000000000000,1854.5782
25270,,927.2891000000000000,1854.5782
25269,,23.7800000000000000,23.7800
25268,,60.4700000000000000,60.4700
25267,,25.4800000000000000,25.4800
25266,,57.9800000000000000,57.9800
25265,,54.9800000000000000,54.9800
25264,,80.5700000000000000,80.5700
25263,,60.4700000000000000,60.4700
25262,,35.7200000000000000,35.7200
25261,,71.5800000000000000,71.5800
25260,,34.8900000000000000,34.8900
25259,,32.2700000000000000,32.2700
25258,,49.4800000000000000,49.4800
25257,,147.2800000000000000,147.2800
25256,,67.9300000000000000,67.9300
25255,,32.6000000000000000,32.6000
25254,,51.9600000000000000,51.9600
25253,,73.9600000000000000,73.9600
25252,,946.5241000000000000,1893.0482
25251,,39.9800000000000000,39.9800
25250,,941.7791000000000000,1883.5582
25249,,934.2791000000000000,1868.5582
25248,,39.9800000000000000,39.9800
25247,,4.9900000000000000,4.9900
25246,,27.7700000000000000,27.7700
25245,,58.9800000000000000,58.9800
25244,,21.9300000000000000,21.9300
25243,,1077.9587500000000000,2155.9175
25242,,1060.4637500000000000,2120.9275
25241,,4.9900000000000000,4.9900
25240,,1060.4637500000000000,2120.9275
25239,,7.2800000000000000,7.2800
25238,,7.2800000000000000,7.2800
25237,,118.4600000000000000,118.4600
25236,,39.9800000000000000,39.9800
25235,,1077.9587500000000000,2155.9175
25234,,1087.4587500000000000,2174.9175
25233,,7.2800000000000000,7.2800
25232,,12.9400000000000000,12.9400
25231,,1094.9487500000000000,2189.8975
25230,,80.9600000000000000,80.9600
25229,,1077.9587500000000000,2155.9175
25228,,1060.4637500000000000,2120.9275
25227,,39.9800000000000000,39.9800
25226,,1079.4487500000000000,2158.8975
25225,,1064.9587500000000000,2129.9175
25224,,7.2800000000000000,7.2800
25223,,102.9600000000000000,102.9600
25222,,1060.4637500000000000,2120.9275
25221,,1071.9487500000000000,2143.8975
25220,,23.7800000000000000,23.7800
25219,,39.9800000000000000,39.9800
25218,,1092.4487500000000000,2184.8975
25217,,39.9800000000000000,39.9800
25216,,79.4700000000000000,79.4700
25215,,1077.9587500000000000,2155.9175
25214,,1074.9537500000000000,2149.9075
25213,,1092.4487500000000000,2184.8975
25212,,27.7700000000000000,27.7700
25211,,79.4700000000000000,79.4700
25210,,23.7800000000000000,23.7800
25209,,98.9600000000000000,98.9600
25208,,27.2800000000000000,27.2800
25207,,86.9500000000000000,86.9500
25206,,24.9900000000000000,24.9900
25205,,32.2700000000000000,32.2700
25204,,1249.8400000000000000,1249.8400
25203,,1223.8400000000000000,1223.8400
25202,,36.5900000000000000,36.5900
25201,,96.0700000000000000,96.0700
25200,,100.0900000000000000,100.0900
25199,,1249.8400000000000000,1249.8400
25198,,1249.8400000000000000,1249.8400
25197,,36.5900000000000000,36.5900
25196,,54.9800000000000000,54.9800
25195,,36.5900000000000000,36.5900
25194,,32.6000000000000000,32.6000
25193,,2419.0600000000000000,2419.0600
25192,,2480.9900000000000000,2480.9900
25191,,2419.0600000000000000,2419.0600
25190,,36.5900000000000000,36.5900
25189,,152.6000000000000000,152.6000
25188,,13.9800000000000000,13.9800
25187,,71.5800000000000000,71.5800
25186,,2462.5500000000000000,2462.5500
25185,,2453.0400000000000000,2453.0400
25184,,2438.0600000000000000,2438.0600
25183,,82.5900000000000000,82.5900
25182,,67.5900000000000000,67.5900
25181,,32.6000000000000000,32.6000
25180,,2447.0500000000000000,2447.0500
25179,,71.5800000000000000,71.5800
25178,,36.5900000000000000,36.5900
25177,,36.9600000000000000,36.9600
25176,,36.5900000000000000,36.5900
25175,,2384.0700000000000000,2384.0700
25174,,92.0800000000000000,92.0800
25173,,36.9600000000000000,36.9600
25172,,96.0700000000000000,96.0700
25171,,36.5900000000000000,36.5900
25170,,32.6000000000000000,32.6000
25169,,2384.0700000000000000,2384.0700
25168,,38.8800000000000000,38.8800
25167,,71.5800000000000000,71.5800
25166,,134.5600000000000000,134.5600
25165,,91.5800000000000000,91.5800
25164,,34.8900000000000000,34.8900
25163,,2433.0400000000000000,2433.0400
25162,,2384.0700000000000000,2384.0700
25161,,2438.0600000000000000,2438.0600
25160,,46.8300000000000000,46.8300
25159,,71.5800000000000000,71.5800
25158,,71.5800000000000000,71.5800
25157,,7.2800000000000000,7.2800
25156,,36.5900000000000000,36.5900
25155,,2419.0600000000000000,2419.0600
25154,,45.5800000000000000,45.5800
25153,,96.0700000000000000,96.0700
25152,,34.8900000000000000,34.8900
25151,,36.5900000000000000,36.5900
25150,,2419.0600000000000000,2419.0600
25149,,45.5800000000000000,45.5800
25148,,1249.8400000000000000,1249.8400
25147,,39.9800000000000000,39.9800
25146,,1223.8400000000000000,1223.8400
25145,,23.7800000000000000,23.7800
25144,,25.4800000000000000,25.4800
25143,,39.9800000000000000,39.9800
25142,,13.9800000000000000,13.9800
25141,,4.9900000000000000,4.9900
25140,,21.4900000000000000,21.4900
25139,,60.4700000000000000,60.4700
25138,,1060.4637500000000000,2120.9275
25137,,7.2800000000000000,7.2800
25136,,39.9800000000000000,39.9800
25135,,7.2800000000000000,7.2800
25134,,39.9800000000000000,39.9800
25133,,1077.9587500000000000,2155.9175
25132,,4.9900000000000000,4.9900
25131,,4.9900000000000000,4.9900
25130,,7.2800000000000000,7.2800
25129,,60.4700000000000000,60.4700
25128,,60.4700000000000000,60.4700
25127,,1087.4587500000000000,2174.9175
25126,,1087.4587500000000000,2174.9175
25125,,68.4900000000000000,68.4900
25124,,64.4700000000000000,64.4700
25123,,39.9800000000000000,39.9800
25122,,39.9800000000000000,39.9800
25121,,1077.9587500000000000,2155.9175
25120,,1077.9587500000000000,2155.9175
25119,,1074.1037500000000000,2148.2075
25118,,7.2800000000000000,7.2800
25117,,7.2800000000000000,7.2800
25116,,39.9800000000000000,39.9800
25115,,1077.9587500000000000,2155.9175
25114,,1077.9587500000000000,2155.9175
25113,,1090.2037500000000000,2180.4075
25112,,1077.9587500000000000,2155.9175
25111,,1072.9587500000000000,2145.9175
25110,,39.9800000000000000,39.9800
25109,,4.9900000000000000,4.9900
25108,,1099.7037500000000000,2199.4075
25107,,1071.9487500000000000,2143.8975
25106,,1085.4587500000000000,2170.9175
25105,,2433.0400000000000000,2433.0400
25104,,1509.1650000000000000,3018.3300
25103,,90.5800000000000000,90.5800
25102,,71.5800000000000000,71.5800
25101,,68.4900000000000000,68.4900
25100,,2443.3500000000000000,2443.3500
25099,,1249.8400000000000000,1249.8400
25098,,1251.1200000000000000,1251.1200
25097,,1268.8400000000000000,1268.8400
25096,,1236.7800000000000000,1236.7800
25095,,2443.3500000000000000,2443.3500
25094,,2443.3500000000000000,2443.3500
25093,,2181.5625000000000000,2181.5625
25092,,1257.8200000000000000,1257.8200
25091,,36.5900000000000000,36.5900
25090,,67.9300000000000000,67.9300
25089,,34.8900000000000000,34.8900
25088,,1249.8400000000000000,1249.8400
25087,,1249.8400000000000000,1249.8400
25086,,1308.3100000000000000,1308.3100
25085,,1228.8300000000000000,1228.8300
25084,,2393.0600000000000000,2393.0600
25083,,36.5900000000000000,36.5900
25082,,34.8900000000000000,34.8900
25081,,777.3400000000000000,777.3400
25080,,2433.0400000000000000,2433.0400
25079,,2419.0600000000000000,2419.0600
25078,,2473.0400000000000000,2473.0400
25077,,2419.0600000000000000,2419.0600
25076,,2469.0500000000000000,2469.0500
25075,,2469.0500000000000000,2469.0500
25074,,2393.0600000000000000,2393.0600
25073,,2473.0500000000000000,2473.0500
25072,,2469.0500000000000000,2469.0500
25071,,38.8800000000000000,38.8800
25070,,68.4900000000000000,68.4900
25069,,71.5800000000000000,71.5800
25068,,32.6000000000000000,32.6000
25067,,71.5800000000000000,71.5800
25066,,15.2300000000000000,15.2300
25065,,71.5800000000000000,71.5800
25064,,2447.0500000000000000,2447.0500
25063,,2419.0600000000000000,2419.0600
25062,,13.9800000000000000,13.9800
25061,,2443.3500000000000000,2443.3500
25060,,2419.0600000000000000,2419.0600
25059,,2462.5500000000000000,2462.5500
25058,,7.2800000000000000,7.2800
25057,,1060.4637500000000000,2120.9275
25056,,7.2800000000000000,7.2800
25055,,7.2800000000000000,7.2800
25054,,103.4800000000000000,103.4800
25053,,1091.9537500000000000,2183.9075
25052,,1077.9587500000000000,2155.9175
25051,,1087.4587500000000000,2174.9175
25050,,2419.0600000000000000,2419.0600
25049,,2393.0600000000000000,2393.0600
25048,,1523.4200000000000000,3046.8400
25047,,2448.0400000000000000,2448.0400
25046,,2181.5625000000000000,2181.5625
25045,,38.8800000000000000,38.8800
25044,,36.5900000000000000,36.5900
25043,,161.5900000000000000,161.5900
25042,,2419.0600000000000000,2419.0600
25041,,32.6000000000000000,32.6000
25040,,2420.3400000000000000,2420.3400
25039,,32.6000000000000000,32.6000
25038,,2438.0600000000000000,2438.0600
25037,,1087.4587500000000000,2174.9175
25036,,1060.4637500000000000,2120.9275
25035,,1091.9537500000000000,2183.9075
25034,,1082.4537500000000000,2164.9075
25033,,1060.4637500000000000,2120.9275
25032,,1092.4487500000000000,2184.8975
25031,,25.4800000000000000,25.4800
25030,,1090.2037500000000000,2180.4075
25029,,1136.0987500000000000,2272.1975
25028,,23.7800000000000000,23.7800
25027,,60.4700000000000000,60.4700
25026,,6.2800000000000000,6.2800
25025,,2469.0500000000000000,2469.0500
25024,,32.6000000000000000,32.6000
25023,,38.8800000000000000,38.8800
25022,,782.4587500000000000,1564.9175
25021,,777.2037500000000000,1554.4075
25020,,774.7087500000000000,1549.4175
25019,,23.9700000000000000,23.9700
25018,,197.8800000000000000,197.8800
25017,,14.9800000000000000,14.9800
25016,,4.9900000000000000,4.9900
25015,,2461.5500000000000000,2461.5500
25014,,2419.0600000000000000,2419.0600
25013,,69.9700000000000000,69.9700
25012,,74.4600000000000000,74.4600
25011,,794.6987500000000000,1589.3975
25010,,770.2137500000000000,1540.4275
25009,,14.9800000000000000,14.9800
25008,,2438.0600000000000000,2438.0600
25007,,27.2800000000000000,27.2800
25006,,29.9800000000000000,29.9800
25005,,64.9700000000000000,64.9700
25004,,24.9900000000000000,24.9900
25003,,49.4800000000000000,49.4800
25002,,4.9900000000000000,4.9900
25001,,49.9700000000000000,49.9700
25000,,2418.0500000000000000,2418.0500
24999,,32.6000000000000000,32.6000
24998,,2438.0600000000000000,2438.0600
24997,,2438.0600000000000000,2438.0600
24996,,2418.0500000000000000,2418.0500
24995,,4.9900000000000000,4.9900
24994,,34.8900000000000000,34.8900
24993,,61.0800000000000000,61.0800
24992,,42.8400000000000000,42.8400
24991,,34.8900000000000000,34.8900
24990,,2468.0400000000000000,2468.0400
24989,,36.5900000000000000,36.5900
24988,,2419.0600000000000000,2419.0600
24987,,2413.0600000000000000,2413.0600
24986,,4.9900000000000000,4.9900
24985,,96.0700000000000000,96.0700
24984,,36.5900000000000000,36.5900
24983,,38.8800000000000000,38.8800
24982,,34.8900000000000000,34.8900
24981,,32.6000000000000000,32.6000
24980,,32.6000000000000000,32.6000
24979,,2419.0600000000000000,2419.0600
24978,,155.0800000000000000,155.0800
24977,,2181.5625000000000000,2181.5625
24976,,2181.5625000000000000,2181.5625
24975,,67.9300000000000000,67.9300
24974,,100.0900000000000000,100.0900
24973,,71.5800000000000000,71.5800
24972,,2398.0500000000000000,2398.0500
24971,,152.6000000000000000,152.6000
24970,,38.8800000000000000,38.8800
24969,,34.8900000000000000,34.8900
24968,,44.5400000000000000,44.5400
24967,,4.9900000000000000,4.9900
24966,,2419.0600000000000000,2419.0600
24965,,71.5800000000000000,71.5800
24964,,121.5700000000000000,121.5700
24963,,32.6000000000000000,32.6000
24962,,32.6000000000000000,32.6000
24961,,71.5800000000000000,71.5800
24960,,1504.4100000000000000,3008.8200
24959,,2419.0600000000000000,2419.0600
24958,,2384.0700000000000000,2384.0700
24957,,777.3400000000000000,777.3400
24956,,751.3400000000000000,751.3400
24955,,742.3500000000000000,742.3500
24954,,71.5800000000000000,71.5800
24953,,27.2800000000000000,27.2800
24952,,71.5800000000000000,71.5800
24951,,32.6000000000000000,32.6000
24950,,38.8800000000000000,38.8800
24949,,32.6000000000000000,32.6000
24948,,36.5900000000000000,36.5900
24947,,39.9800000000000000,39.9800
24946,,38.8800000000000000,38.8800
24945,,152.6000000000000000,152.6000
24944,,125.5700000000000000,125.5700
24943,,71.5800000000000000,71.5800
24942,,2419.0600000000000000,2419.0600
24941,,32.6000000000000000,32.6000
24940,,34.8900000000000000,34.8900
24939,,7.2800000000000000,7.2800
24938,,38.8800000000000000,38.8800
24937,,32.6000000000000000,32.6000
24936,,38.8800000000000000,38.8800
24935,,38.8800000000000000,38.8800
24934,,32.6000000000000000,32.6000
24933,,32.6000000000000000,32.6000
24932,,71.5800000000000000,71.5800
24931,,36.5900000000000000,36.5900
24930,,64.9700000000000000,64.9700
24929,,64.9700000000000000,64.9700
24928,,27.2800000000000000,27.2800
24927,,191.2700000000000000,191.2700
24926,,64.9700000000000000,64.9700
24925,,32.2700000000000000,32.2700
24924,,1071.9487500000000000,2143.8975
24923,,1079.6987500000000000,2159.3975
24922,,1072.9587500000000000,2145.9175
24921,,1090.2037500000000000,2180.4075
24920,,1077.9587500000000000,2155.9175
24919,,1106.4437500000000000,2212.8875
24918,,1060.4637500000000000,2120.9275
24917,,1089.9537500000000000,2179.9075
24916,,1084.9487500000000000,2169.8975
24915,,1072.9587500000000000,2145.9175
24914,,1074.9537500000000000,2149.9075
24913,,1077.9587500000000000,2155.9175
24912,,1060.4637500000000000,2120.9275
24911,,102.9600000000000000,102.9600
24910,,1091.9537500000000000,2183.9075
24909,,1074.9537500000000000,2149.9075
24908,,1077.9587500000000000,2155.9175
24907,,1091.9537500000000000,2183.9075
24906,,61.9600000000000000,61.9600
24905,,1097.9537500000000000,2195.9075
24904,,1099.9487500000000000,2199.8975
24903,,1082.4537500000000000,2164.9075
24902,,1060.4637500000000000,2120.9275
24901,,1087.4587500000000000,2174.9175
24900,,1077.9587500000000000,2155.9175
24899,,105.4500000000000000,105.4500
24898,,7.2800000000000000,7.2800
24897,,4.9900000000000000,4.9900
24896,,15.2300000000000000,15.2300
24895,,4.9900000000000000,4.9900
24894,,4.9900000000000000,4.9900
24893,,23.7800000000000000,23.7800
24892,,7.2800000000000000,7.2800
24891,,4.9900000000000000,4.9900
24890,,39.9800000000000000,39.9800
24889,,1134.9537500000000000,2269.9075
24888,,1087.4587500000000000,2174.9175
24887,,1109.4487500000000000,2218.8975
24886,,80.4700000000000000,80.4700
24885,,31.7300000000000000,31.7300
24884,,23.7800000000000000,23.7800
24883,,2487.3300000000000000,2487.3300
24882,,23.7800000000000000,23.7800
24881,,4.9900000000000000,4.9900
24880,,39.9800000000000000,39.9800
24879,,21.4900000000000000,21.4900
24878,,23.7800000000000000,23.7800
24877,,34.4700000000000000,34.4700
24876,,49.9700000000000000,49.9700
24875,,27.7700000000000000,27.7700
24874,,21.4900000000000000,21.4900
24873,,548.9800000000000000,548.9800
24872,,23.7800000000000000,23.7800
24871,,35.7200000000000000,35.7200
24870,,2457.3300000000000000,2457.3300
24869,,39.9800000000000000,39.9800
24868,,2501.3100000000000000,2501.3100
24867,,21.4900000000000000,21.4900
24866,,27.7700000000000000,27.7700
24865,,2478.3400000000000000,2478.3400
24864,,155.7200000000000000,155.7200
24863,,27.7700000000000000,27.7700
24862,,75.4800000000000000,75.4800
24861,,75.4800000000000000,75.4800
24860,,2520.3100000000000000,2520.3100
24859,,39.9800000000000000,39.9800
24858,,39.9800000000000000,39.9800
24857,,4.9900000000000000,4.9900
24856,,27.7700000000000000,27.7700
24855,,25.4800000000000000,25.4800
24854,,23.7800000000000000,23.7800
24853,,39.9800000000000000,39.9800
24852,,2457.3300000000000000,2457.3300
24851,,29.4800000000000000,29.4800
24850,,624.9700000000000000,624.9700
24849,,27.7700000000000000,27.7700
24848,,21.4900000000000000,21.4900
24847,,2552.8200000000000000,2552.8200
24846,,23.7800000000000000,23.7800
24845,,69.4600000000000000,69.4600
24844,,25.4800000000000000,25.4800
24843,,88.9800000000000000,88.9800
24842,,23.7800000000000000,23.7800
24841,,2319.2600000000000000,2319.2600
24840,,29.4800000000000000,29.4800
24839,,33.4300000000000000,33.4300
24838,,23.7800000000000000,23.7800
24837,,587.9200000000000000,587.9200
24836,,29.4800000000000000,29.4800
24835,,1170.4800000000000000,1170.4800
24834,,1744.9700000000000000,1744.9700
24833,,1754.9800000000000000,1754.9800
24832,,2181.5625000000000000,2181.5625
24831,,2398.0500000000000000,2398.0500
24830,,96.0700000000000000,96.0700
24829,,34.8900000000000000,34.8900
24828,,2419.0600000000000000,2419.0600
24827,,34.8900000000000000,34.8900
24826,,96.0700000000000000,96.0700
24825,,4.9900000000000000,4.9900
24824,,2181.5625000000000000,2181.5625
24823,,95.5700000000000000,95.5700
24822,,195.5900000000000000,195.5900
24821,,42.8400000000000000,42.8400
24820,,38.8800000000000000,38.8800
24819,,2393.0600000000000000,2393.0600
24818,,2438.0600000000000000,2438.0600
24817,,2181.5625000000000000,2181.5625
24816,,4.9900000000000000,4.9900
24815,,2438.0600000000000000,2438.0600
24814,,2419.0600000000000000,2419.0600
24813,,71.5800000000000000,71.5800
24812,,82.5900000000000000,82.5900
24811,,2438.0600000000000000,2438.0600
24810,,2419.0600000000000000,2419.0600
24809,,2419.0600000000000000,2419.0600
24808,,2407.0400000000000000,2407.0400
24807,,2469.0500000000000000,2469.0500
24806,,2413.0600000000000000,2413.0600
24805,,4.9900000000000000,4.9900
24804,,2384.0700000000000000,2384.0700
24803,,32.6000000000000000,32.6000
24802,,2407.0400000000000000,2407.0400
24801,,2419.0600000000000000,2419.0600
24800,,2419.0600000000000000,2419.0600
24799,,2452.0400000000000000,2452.0400
24798,,2407.0400000000000000,2407.0400
24797,,2393.0600000000000000,2393.0600
24796,,2398.0500000000000000,2398.0500
24795,,2507.0300000000000000,2507.0300
24794,,2448.0400000000000000,2448.0400
24793,,2419.0600000000000000,2419.0600
24792,,2419.0600000000000000,2419.0600
24791,,2419.0600000000000000,2419.0600
24790,,2433.0400000000000000,2433.0400
24789,,2419.0600000000000000,2419.0600
24788,,2418.0500000000000000,2418.0500
24787,,2393.0600000000000000,2393.0600
24786,,2443.3500000000000000,2443.3500
24785,,2406.0000000000000000,2406.0000
24784,,2393.0600000000000000,2393.0600
24783,,2420.3400000000000000,2420.3400
24782,,2420.3400000000000000,2420.3400
24781,,2181.5625000000000000,2181.5625
24780,,2384.0700000000000000,2384.0700
24779,,2419.0600000000000000,2419.0600
24778,,1429.2462500000000000,2858.4925
24777,,71.5800000000000000,71.5800
24776,,91.5800000000000000,91.5800
24775,,36.5900000000000000,36.5900
24774,,32.6000000000000000,32.6000
24773,,7.2800000000000000,7.2800
24772,,195.5900000000000000,195.5900
24771,,59.9800000000000000,59.9800
24770,,2398.0500000000000000,2398.0500
24769,,34.8900000000000000,34.8900
24768,,32.6000000000000000,32.6000
24767,,86.5800000000000000,86.5800
24766,,71.5800000000000000,71.5800
24765,,99.5700000000000000,99.5700
24764,,2398.0500000000000000,2398.0500
24763,,4.9900000000000000,4.9900
24762,,2393.0600000000000000,2393.0600
24761,,2419.0600000000000000,2419.0600
24760,,2419.0600000000000000,2419.0600
24759,,2184.7950000000000000,4369.5900
24758,,34.8900000000000000,34.8900
24757,,2171.7950000000000000,4343.5900
24756,,2398.0500000000000000,2398.0500
24755,,39.9800000000000000,39.9800
24754,,2439.9800000000000000,2439.9800
24753,,791.3200000000000000,791.3200
24752,,756.3300000000000000,756.3300
24751,,147.2800000000000000,147.2800
24750,,29.9800000000000000,29.9800
24749,,64.9700000000000000,64.9700
24748,,39.9800000000000000,39.9800
24747,,64.9700000000000000,64.9700
24746,,13.9800000000000000,13.9800
24745,,29.9800000000000000,29.9800
24744,,4.9900000000000000,4.9900
24743,,37.9300000000000000,37.9300
24742,,36.5900000000000000,36.5900
24741,,32.6000000000000000,32.6000
24740,,96.0700000000000000,96.0700
24739,,2453.0400000000000000,2453.0400
24738,,2433.0400000000000000,2433.0400
24737,,46.8300000000000000,46.8300
24736,,71.5800000000000000,71.5800
24735,,2478.0400000000000000,2478.0400
24734,,2492.0200000000000000,2492.0200
24733,,7.2800000000000000,7.2800
24732,,99.5700000000000000,99.5700
24731,,4.9900000000000000,4.9900
24730,,39.9800000000000000,39.9800
24729,,58.9800000000000000,58.9800
24728,,57.0900000000000000,57.0900
24727,,71.5800000000000000,71.5800
24726,,71.5800000000000000,71.5800
24725,,38.8800000000000000,38.8800
24724,,28.9800000000000000,28.9800
24723,,1793.4700000000000000,1793.4700
24722,,33.9800000000000000,33.9800
24721,,89.9700000000000000,89.9700
24720,,15.2300000000000000,15.2300
24719,,68.9700000000000000,68.9700
24718,,1750.9800000000000000,1750.9800
24717,,539.9900000000000000,539.9900
24716,,561.9200000000000000,561.9200
24715,,29.4800000000000000,29.4800
24714,,67.9700000000000000,67.9700
24713,,7.2800000000000000,7.2800
24712,,1120.4900000000000000,1120.4900
24711,,1750.9800000000000000,1750.9800
24710,,1732.2600000000000000,1732.2600
24709,,1735.9800000000000000,1735.9800
24708,,2419.0600000000000000,2419.0600
24707,,2393.0600000000000000,2393.0600
24706,,578.4600000000000000,578.4600
24705,,1155.4800000000000000,1155.4800
24704,,21.4900000000000000,21.4900
24703,,4.9900000000000000,4.9900
24702,,1174.4800000000000000,1174.4800
24701,,1744.9700000000000000,1744.9700
24700,,2452.0400000000000000,2452.0400
24699,,29.4800000000000000,29.4800
24698,,574.9800000000000000,574.9800
24697,,1170.4800000000000000,1170.4800
24696,,23.7800000000000000,23.7800
24695,,166.2800000000000000,166.2800
24694,,57.9800000000000000,57.9800
24693,,7.2800000000000000,7.2800
24692,,38.9800000000000000,38.9800
24691,,3.9900000000000000,3.9900
24690,,609.4500000000000000,609.4500
24689,,1155.4800000000000000,1155.4800
24688,,2393.0600000000000000,2393.0600
24687,,91.5800000000000000,91.5800
24686,,38.8800000000000000,38.8800
24685,,2393.0600000000000000,2393.0600
24684,,2393.0600000000000000,2393.0600
24683,,2393.0600000000000000,2393.0600
24682,,59.9800000000000000,59.9800
24681,,2453.0400000000000000,2453.0400
24680,,2418.0500000000000000,2418.0500
24679,,71.5800000000000000,71.5800
24678,,100.0900000000000000,100.0900
24677,,32.6000000000000000,32.6000
24676,,2461.5500000000000000,2461.5500
24675,,2419.0600000000000000,2419.0600
24674,,2384.0700000000000000,2384.0700
24673,,2428.0500000000000000,2428.0500
24672,,71.5800000000000000,71.5800
24671,,2177.3000000000000000,4354.6000
24670,,2419.0600000000000000,2419.0600
24669,,2419.0600000000000000,2419.0600
24668,,2473.0400000000000000,2473.0400
24667,,36.5900000000000000,36.5900
24666,,2185.3050000000000000,4370.6100
24665,,109.9700000000000000,109.9700
24664,,2184.2900000000000000,4368.5800
24663,,58.9800000000000000,58.9800
24662,,2493.5400000000000000,2493.5400
24661,,2090.8800000000000000,4181.7600
24660,,2419.0600000000000000,2419.0600
24659,,15.2300000000000000,15.2300
24658,,38.8800000000000000,38.8800
24657,,100.0900000000000000,100.0900
24656,,34.8900000000000000,34.8900
24655,,32.6000000000000000,32.6000
24654,,2453.0400000000000000,2453.0400
24653,,2393.0600000000000000,2393.0600
24652,,91.5800000000000000,91.5800
24651,,71.5800000000000000,71.5800
24650,,36.5900000000000000,36.5900
24649,,4.9900000000000000,4.9900
24648,,791.3200000000000000,791.3200
24647,,39.9800000000000000,39.9800
24646,,3578.2700000000000000,3578.2700
24645,,2438.0600000000000000,2438.0600
24644,,2393.0600000000000000,2393.0600
24643,,34.8900000000000000,34.8900
24642,,38.8800000000000000,38.8800
24641,,2384.0700000000000000,2384.0700
24640,,2419.0600000000000000,2419.0600
24639,,39.9800000000000000,39.9800
24638,,57.0900000000000000,57.0900
24637,,13.9800000000000000,13.9800
24636,,32.6000000000000000,32.6000
24635,,71.5800000000000000,71.5800
24634,,130.5600000000000000,130.5600
24633,,2447.0500000000000000,2447.0500
24632,,2483.0300000000000000,2483.0300
24631,,146.0600000000000000,146.0600
24630,,4.9900000000000000,4.9900
24629,,100.0900000000000000,100.0900
24628,,32.6000000000000000,32.6000
24627,,68.4900000000000000,68.4900
24626,,38.8800000000000000,38.8800
24625,,13.9800000000000000,13.9800
24624,,38.8800000000000000,38.8800
24623,,32.6000000000000000,32.6000
24622,,96.0700000000000000,96.0700
24621,,12.9400000000000000,12.9400
24620,,195.5900000000000000,195.5900
24619,,32.6000000000000000,32.6000
24618,,32.6000000000000000,32.6000
24617,,34.8900000000000000,34.8900
24616,,71.5800000000000000,71.5800
24615,,1077.9587500000000000,2155.9175
24614,,1060.4637500000000000,2120.9275
24613,,1074.1037500000000000,2148.2075
24612,,1076.0987500000000000,2152.1975
24611,,1109.7087500000000000,2219.4175
24610,,39.9800000000000000,39.9800
24609,,1060.4637500000000000,2120.9275
24608,,1060.4637500000000000,2120.9275
24607,,4.9900000000000000,4.9900
24606,,1077.9587500000000000,2155.9175
24605,,1813.9050000000000000,3627.8100
24604,,1840.9000000000000000,3681.8000
24603,,39.9800000000000000,39.9800
24602,,1941.2762500000000000,3882.5525
24601,,1941.2762500000000000,3882.5525
24600,,4.9900000000000000,4.9900
24599,,26.9700000000000000,26.9700
24598,,2114.1550000000000000,4228.3100
24597,,2004.7512500000000000,4009.5025
24596,,2084.4150000000000000,4168.8300
24595,,61.9600000000000000,61.9600
24594,,39.9800000000000000,39.9800
24593,,4.9900000000000000,4.9900
24592,,1948.2662500000000000,3896.5325
24591,,58.9800000000000000,58.9800
24590,,1955.7662500000000000,3911.5325
24589,,68.9700000000000000,68.9700
24588,,13.9800000000000000,13.9800
24587,,1941.2762500000000000,3882.5525
24586,,2072.1700000000000000,4144.3400
24585,,1683.0112500000000000,3366.0225
24584,,30.4800000000000000,30.4800
24583,,2487.3300000000000000,2487.3300
24582,,2466.3200000000000000,2466.3200
24581,,39.9800000000000000,39.9800
24580,,596.9600000000000000,596.9600
24579,,38.9800000000000000,38.9800
24578,,27.7700000000000000,27.7700
24577,,2487.3300000000000000,2487.3300
24576,,89.9700000000000000,89.9700
24575,,4.9900000000000000,4.9900
24574,,98.9600000000000000,98.9600
24573,,2563.3500000000000000,2563.3500
24572,,3.9900000000000000,3.9900
24571,,27.7700000000000000,27.7700
24570,,58.9800000000000000,58.9800
24569,,2479.9400000000000000,2479.9400
24568,,13.9800000000000000,13.9800
24567,,6.2800000000000000,6.2800
24566,,4.9900000000000000,4.9900
24565,,574.9800000000000000,574.9800
24564,,38.9800000000000000,38.9800
24563,,6.2800000000000000,6.2800
24562,,3.9900000000000000,3.9900
24561,,3.9900000000000000,3.9900
24560,,2404.9700000000000000,2404.9700
24559,,6.2800000000000000,6.2800
24558,,2487.3300000000000000,2487.3300
24557,,69.9700000000000000,69.9700
24556,,6.2800000000000000,6.2800
24555,,58.9500000000000000,58.9500
24554,,69.9700000000000000,69.9700
24553,,3.9900000000000000,3.9900
24552,,38.9800000000000000,38.9800
24551,,142.4500000000000000,142.4500
24550,,37.2700000000000000,37.2700
24549,,2514.9300000000000000,2514.9300
24548,,38.9800000000000000,38.9800
24547,,38.9800000000000000,38.9800
24546,,37.2700000000000000,37.2700
24545,,69.9700000000000000,69.9700
24544,,6.2800000000000000,6.2800
24543,,53.9800000000000000,53.9800
24542,,123.9900000000000000,123.9900
24541,,37.2700000000000000,37.2700
24540,,69.9700000000000000,69.9700
24539,,38.9800000000000000,38.9800
24538,,3.9900000000000000,3.9900
24537,,2511.3200000000000000,2511.3200
24536,,586.9700000000000000,586.9700
24535,,3.9900000000000000,3.9900
24534,,2533.9300000000000000,2533.9300
24533,,32.2800000000000000,32.2800
24532,,38.9800000000000000,38.9800
24531,,67.4900000000000000,67.4900
24530,,36.5900000000000000,36.5900
24529,,2398.0500000000000000,2398.0500
24528,,2420.3400000000000000,2420.3400
24527,,2419.0600000000000000,2419.0600
24526,,2419.0600000000000000,2419.0600
24525,,7.2800000000000000,7.2800
24524,,34.8900000000000000,34.8900
24523,,2492.0200000000000000,2492.0200
24522,,2482.5600000000000000,2482.5600
24521,,2419.0600000000000000,2419.0600
24520,,2462.5500000000000000,2462.5500
24519,,38.8800000000000000,38.8800
24518,,36.5900000000000000,36.5900
24517,,86.5800000000000000,86.5800
24516,,38.8800000000000000,38.8800
24515,,71.5800000000000000,71.5800
24514,,36.5900000000000000,36.5900
24513,,38.8800000000000000,38.8800
24512,,32.6000000000000000,32.6000
24511,,36.5900000000000000,36.5900
24510,,61.0800000000000000,61.0800
24509,,34.8900000000000000,34.8900
24508,,121.5700000000000000,121.5700
24507,,32.6000000000000000,32.6000
24506,,1781.9200000000000000,3563.8400
24505,,1651.0262500000000000,3302.0525
24504,,1781.9200000000000000,3563.8400
24503,,1808.9150000000000000,3617.8300
24502,,1811.6600000000000000,3623.3200
24501,,3578.2700000000000000,3578.2700
24500,,71.5800000000000000,71.5800
24499,,32.6000000000000000,32.6000
24498,,2407.0400000000000000,2407.0400
24497,,71.5800000000000000,71.5800
24496,,2174.8050000000000000,4349.6100
24495,,14.9800000000000000,14.9800
24494,,9.9900000000000000,9.9900
24493,,3578.2700000000000000,3578.2700
24492,,791.3200000000000000,791.3200
24491,,3578.2700000000000000,3578.2700
24490,,36.5900000000000000,36.5900
24489,,4.9900000000000000,4.9900
24488,,13.9800000000000000,13.9800
24487,,4.9900000000000000,4.9900
24486,,36.5900000000000000,36.5900
24485,,1678.0212500000000000,3356.0425
24484,,1781.9200000000000000,3563.8400
24483,,23.9700000000000000,23.9700
24482,,1941.2762500000000000,3882.5525
24481,,2089.6650000000000000,4179.3300
24480,,2087.8050000000000000,4175.6100
24479,,7.2800000000000000,7.2800
24478,,1668.5212500000000000,3337.0425
24477,,1651.0262500000000000,3302.0525
24476,,1781.9200000000000000,3563.8400
24475,,1972.7662500000000000,3945.5325
24474,,1941.2762500000000000,3882.5525
24473,,13.9800000000000000,13.9800
24472,,12.9400000000000000,12.9400
24471,,4.9900000000000000,4.9900
24470,,39.9800000000000000,39.9800
24469,,64.4700000000000000,64.4700
24468,,2072.1700000000000000,4144.3400
24467,,1668.5212500000000000,3337.0425
24466,,1668.5212500000000000,3337.0425
24465,,1678.0212500000000000,3356.0425
24464,,4.9900000000000000,4.9900
24463,,1958.7712500000000000,3917.5425
24462,,1808.9150000000000000,3617.8300
24461,,1651.0262500000000000,3302.0525
24460,,1651.0262500000000000,3302.0525
24459,,1980.5162500000000000,3961.0325
24458,,2072.1700000000000000,4144.3400
24457,,1678.0212500000000000,3356.0425
24456,,21.4900000000000000,21.4900
24455,,75.4700000000000000,75.4700
24454,,21.4900000000000000,21.4900
24453,,60.4700000000000000,60.4700
24452,,32.6000000000000000,32.6000
24451,,38.8800000000000000,38.8800
24450,,67.5900000000000000,67.5900
24449,,38.8800000000000000,38.8800
24448,,71.5800000000000000,71.5800
24447,,751.3400000000000000,751.3400
24446,,2447.0500000000000000,2447.0500
24445,,2419.0600000000000000,2419.0600
24444,,2443.5500000000000000,2443.5500
24443,,34.8900000000000000,34.8900
24442,,82.5900000000000000,82.5900
24441,,2419.0600000000000000,2419.0600
24440,,61.0800000000000000,61.0800
24439,,71.5800000000000000,71.5800
24438,,96.0700000000000000,96.0700
24437,,2427.0400000000000000,2427.0400
24436,,2438.0600000000000000,2438.0600
24435,,46.8300000000000000,46.8300
24434,,2398.0500000000000000,2398.0500
24433,,2442.5400000000000000,2442.5400
24432,,2438.0600000000000000,2438.0600
24431,,2167.3000000000000000,4334.6000
24430,,130.5600000000000000,130.5600
24429,,146.0600000000000000,146.0600
24428,,152.6000000000000000,152.6000
24427,,2400.3400000000000000,2400.3400
24426,,71.5800000000000000,71.5800
24425,,2419.0600000000000000,2419.0600
24424,,249.5800000000000000,249.5800
24423,,32.6000000000000000,32.6000
24422,,152.6000000000000000,152.6000
24421,,2447.0500000000000000,2447.0500
24420,,2393.0600000000000000,2393.0600
24419,,71.5800000000000000,71.5800
24418,,2164.8050000000000000,4329.6100
24417,,2467.0200000000000000,2467.0200
24416,,96.0700000000000000,96.0700
24415,,4.9900000000000000,4.9900
24414,,2398.0500000000000000,2398.0500
24413,,2407.0400000000000000,2407.0400
24412,,38.8800000000000000,38.8800
24411,,71.5800000000000000,71.5800
24410,,193.8900000000000000,193.8900
24409,,71.5800000000000000,71.5800
24408,,96.0700000000000000,96.0700
24407,,71.5800000000000000,71.5800
24406,,195.5900000000000000,195.5900
24405,,2419.0600000000000000,2419.0600
24404,,2384.0700000000000000,2384.0700
24403,,2393.0600000000000000,2393.0600
24402,,574.9800000000000000,574.9800
24401,,45.5800000000000000,45.5800
24400,,608.9600000000000000,608.9600
24399,,132.9400000000000000,132.9400
24398,,42.8400000000000000,42.8400
24397,,38.8800000000000000,38.8800
24396,,38.8800000000000000,38.8800
24395,,36.5900000000000000,36.5900
24394,,36.5900000000000000,36.5900
24393,,36.5900000000000000,36.5900
24392,,2164.8050000000000000,4329.6100
24391,,42.8400000000000000,42.8400
24390,,32.6000000000000000,32.6000
24389,,45.5800000000000000,45.5800
24388,,588.9600000000000000,588.9600
24387,,539.9900000000000000,539.9900
24386,,2071.8700000000000000,4143.7400
24385,,562.9600000000000000,562.9600
24384,,2428.0500000000000000,2428.0500
24383,,2384.0700000000000000,2384.0700
24382,,143.7800000000000000,143.7800
24381,,1985.2612500000000000,3970.5225
24380,,4.9900000000000000,4.9900
24379,,13.9800000000000000,13.9800
24378,,2086.6600000000000000,4173.3200
24377,,1972.7662500000000000,3945.5325
24376,,4.9900000000000000,4.9900
24375,,31.7300000000000000,31.7300
24374,,21.4900000000000000,21.4900
24373,,27.7700000000000000,27.7700
24372,,1678.0212500000000000,3356.0425
24371,,2096.9100000000000000,4193.8200
24370,,67.9300000000000000,67.9300
24369,,4.9900000000000000,4.9900
24368,,1973.2612500000000000,3946.5225
24367,,2089.6650000000000000,4179.3300
24366,,2072.1700000000000000,4144.3400
24365,,1665.5162500000000000,3331.0325
24364,,1982.7612500000000000,3965.5225
24363,,13.9800000000000000,13.9800
24362,,1800.3850000000000000,3600.7700
24361,,1695.5162500000000000,3391.0325
24360,,1813.4100000000000000,3626.8200
24359,,2420.3400000000000000,2420.3400
24358,,2418.0500000000000000,2418.0500
24357,,2443.5500000000000000,2443.5500
24356,,615.4700000000000000,615.4700
24355,,36.5900000000000000,36.5900
24354,,2418.0500000000000000,2418.0500
24353,,2398.0500000000000000,2398.0500
24352,,2393.0600000000000000,2393.0600
24351,,2393.0600000000000000,2393.0600
24350,,71.5800000000000000,71.5800
24349,,2419.0600000000000000,2419.0600
24348,,2443.5500000000000000,2443.5500
24347,,2419.0600000000000000,2419.0600
24346,,2473.0400000000000000,2473.0400
24345,,2398.0500000000000000,2398.0500
24344,,2164.8050000000000000,4329.6100
24343,,2443.5500000000000000,2443.5500
24342,,2414.0550000000000000,4828.1100
24341,,2453.0400000000000000,2453.0400
24340,,2393.0600000000000000,2393.0600
24339,,2384.0700000000000000,2384.0700
24338,,553.9700000000000000,553.9700
24337,,600.4600000000000000,600.4600
24336,,548.9800000000000000,548.9800
24335,,574.9800000000000000,574.9800
24334,,574.9800000000000000,574.9800
24333,,616.9500000000000000,616.9500
24332,,2408.0450000000000000,4816.0900
24331,,548.9800000000000000,548.9800
24330,,574.9800000000000000,574.9800
24329,,603.4900000000000000,603.4900
24328,,574.9800000000000000,574.9800
24327,,548.9800000000000000,548.9800
24326,,556.2600000000000000,556.2600
24325,,567.7600000000000000,567.7600
24324,,600.4600000000000000,600.4600
24323,,600.4600000000000000,600.4600
24322,,68.4900000000000000,68.4900
24321,,548.9800000000000000,548.9800
24320,,38.8800000000000000,38.8800
24319,,36.5900000000000000,36.5900
24318,,71.5800000000000000,71.5800
24317,,34.8900000000000000,34.8900
24316,,38.8800000000000000,38.8800
24315,,32.6000000000000000,32.6000
24314,,57.0900000000000000,57.0900
24313,,45.5800000000000000,45.5800
24312,,36.5900000000000000,36.5900
24311,,624.9700000000000000,624.9700
24310,,2414.6950000000000000,4829.3900
24309,,2396.5600000000000000,4793.1200
24308,,612.9500000000000000,612.9500
24307,,2079.1600000000000000,4158.3200
24306,,7.2800000000000000,7.2800
24305,,1972.7662500000000000,3945.5325
24304,,1973.2612500000000000,3946.5225
24303,,2103.6600000000000000,4207.3200
24302,,1941.2762500000000000,3882.5525
24301,,2072.1700000000000000,4144.3400
24300,,2072.1700000000000000,4144.3400
24299,,38.8800000000000000,38.8800
24298,,86.5800000000000000,86.5800
24297,,38.8800000000000000,38.8800
24296,,574.9800000000000000,574.9800
24295,,608.9600000000000000,608.9600
24294,,45.5800000000000000,45.5800
24293,,34.8900000000000000,34.8900
24292,,38.8800000000000000,38.8800
24291,,539.9900000000000000,539.9900
24290,,32.6000000000000000,32.6000
24289,,32.6000000000000000,32.6000
24288,,71.5800000000000000,71.5800
24287,,100.0900000000000000,100.0900
24286,,575.7100000000000000,575.7100
24285,,32.6000000000000000,32.6000
24284,,2418.6700000000000000,4837.3400
24283,,1973.2612500000000000,3946.5225
24282,,1958.7712500000000000,3917.5425
24281,,1651.0262500000000000,3302.0525
24280,,27.7700000000000000,27.7700
24279,,79.4700000000000000,79.4700
24278,,184.4800000000000000,184.4800
24277,,9.9900000000000000,9.9900
24276,,23.9700000000000000,23.9700
24275,,831.3300000000000000,831.3300
24274,,1509.1650000000000000,3018.3300
24273,,1360.7762500000000000,2721.5525
24272,,1367.7662500000000000,2735.5325
24271,,1372.6662500000000000,2745.3325
24270,,1422.2562500000000000,2844.5125
24269,,14.9800000000000000,14.9800
24268,,49.9700000000000000,49.9700
24267,,22.9300000000000000,22.9300
24266,,1374.6612500000000000,2749.3225
24265,,96.0700000000000000,96.0700
24264,,71.5800000000000000,71.5800
24263,,34.8900000000000000,34.8900
24262,,38.8800000000000000,38.8800
24261,,71.5800000000000000,71.5800
24260,,44.9700000000000000,44.9700
24259,,29.9900000000000000,29.9900
24258,,4.9900000000000000,4.9900
24257,,1385.2612500000000000,2770.5225
24256,,39.9800000000000000,39.9800
24255,,13.9800000000000000,13.9800
24254,,603.4900000000000000,603.4900
24253,,9.9900000000000000,9.9900
24252,,1372.2612500000000000,2744.5225
24251,,1491.6700000000000000,2983.3400
24250,,1369.2462500000000000,2738.4925
24249,,1378.2712500000000000,2756.5425
24248,,1385.2612500000000000,2770.5225
24247,,1360.7762500000000000,2721.5525
24246,,9.9900000000000000,9.9900
24245,,17.2700000000000000,17.2700
24244,,1808.9150000000000000,3617.8300
24243,,48.9700000000000000,48.9700
24242,,1378.2712500000000000,2756.5425
24241,,1498.6600000000000000,2997.3200
24240,,4.9900000000000000,4.9900
24239,,588.9600000000000000,588.9600
24238,,608.9600000000000000,608.9600
24237,,71.5800000000000000,71.5800
24236,,121.5700000000000000,121.5700
24235,,2414.6950000000000000,4829.3900
24234,,563.7700000000000000,563.7700
24233,,553.9700000000000000,553.9700
24232,,553.9700000000000000,553.9700
24231,,563.7700000000000000,563.7700
24230,,13.9800000000000000,13.9800
24229,,7.2800000000000000,7.2800
24228,,15.2300000000000000,15.2300
24227,,34.9800000000000000,34.9800
24226,,69.9700000000000000,69.9700
24225,,93.4900000000000000,93.4900
24224,,539.9900000000000000,539.9900
24223,,32.2800000000000000,32.2800
24222,,37.2700000000000000,37.2700
24221,,553.9700000000000000,553.9700
24220,,67.9300000000000000,67.9300
24219,,2433.0400000000000000,2433.0400
24218,,4.9900000000000000,4.9900
24217,,1209.4700000000000000,1209.4700
24216,,48.9700000000000000,48.9700
24215,,88.9700000000000000,88.9700
24214,,583.9700000000000000,583.9700
24213,,1214.4600000000000000,1214.4600
24212,,1155.4800000000000000,1155.4800
24211,,1170.4800000000000000,1170.4800
24210,,1729.9700000000000000,1729.9700
24209,,1735.9800000000000000,1735.9800
24208,,1709.9800000000000000,1709.9800
24207,,4.9900000000000000,4.9900
24206,,1754.9800000000000000,1754.9800
24205,,615.4700000000000000,615.4700
24204,,597.9500000000000000,597.9500
24203,,2469.0500000000000000,2469.0500
24202,,1120.4900000000000000,1120.4900
24201,,2428.0500000000000000,2428.0500
24200,,1120.4900000000000000,1120.4900
24199,,1155.4800000000000000,1155.4800
24198,,2433.0400000000000000,2433.0400
24197,,1155.4800000000000000,1155.4800
24196,,39.9800000000000000,39.9800
24195,,59.9800000000000000,59.9800
24194,,2418.0500000000000000,2418.0500
24193,,1199.4600000000000000,1199.4600
24192,,1155.4800000000000000,1155.4800
24191,,539.9900000000000000,539.9900
24190,,2428.0500000000000000,2428.0500
24189,,1174.4800000000000000,1174.4800
24188,,12.9400000000000000,12.9400
24187,,1155.4800000000000000,1155.4800
24186,,1147.7700000000000000,1147.7700
24185,,7.2800000000000000,7.2800
24184,,1155.4800000000000000,1155.4800
24183,,2461.5500000000000000,2461.5500
24182,,562.9600000000000000,562.9600
24181,,6.2800000000000000,6.2800
24180,,38.9800000000000000,38.9800
24179,,1526.1550000000000000,3052.3100
24178,,1405.2662500000000000,2810.5325
24177,,1360.7762500000000000,2721.5525
24176,,1521.4100000000000000,3042.8200
24175,,1371.5212500000000000,2743.0425
24174,,1491.6700000000000000,2983.3400
24173,,1385.7612500000000000,2771.5225
24172,,1367.7662500000000000,2735.5325
24171,,1503.1550000000000000,3006.3100
24170,,1509.1650000000000000,3018.3300
24169,,1367.7662500000000000,2735.5325
24168,,1395.2612500000000000,2790.5225
24167,,1491.6700000000000000,2983.3400
24166,,1394.7612500000000000,2789.5225
24165,,1523.4200000000000000,3046.8400
24164,,1380.0112500000000000,2760.0225
24163,,1378.2712500000000000,2756.5425
24162,,1502.4150000000000000,3004.8300
24161,,1491.6700000000000000,2983.3400
24160,,1523.4200000000000000,3046.8400
24159,,1378.2712500000000000,2756.5425
24158,,2398.0500000000000000,2398.0500
24157,,2419.0600000000000000,2419.0600
24156,,6.2800000000000000,6.2800
24155,,539.9900000000000000,539.9900
24154,,29.4800000000000000,29.4800
24153,,2418.0500000000000000,2418.0500
24152,,4.9900000000000000,4.9900
24151,,58.9800000000000000,58.9800
24150,,3.9900000000000000,3.9900
24149,,7.2800000000000000,7.2800
24148,,11.9400000000000000,11.9400
24147,,38.9800000000000000,38.9800
24146,,59.9800000000000000,59.9800
24145,,13.9800000000000000,13.9800
24144,,39.9800000000000000,39.9800
24143,,6.2800000000000000,6.2800
24142,,7.2800000000000000,7.2800
24141,,15.2300000000000000,15.2300
24140,,2419.0600000000000000,2419.0600
24139,,38.9800000000000000,38.9800
24138,,1194.9700000000000000,1194.9700
24137,,6.2800000000000000,6.2800
24136,,2413.0600000000000000,2413.0600
24135,,2419.0600000000000000,2419.0600
24134,,4.9900000000000000,4.9900
24133,,48.9700000000000000,48.9700
24132,,4.9900000000000000,4.9900
24131,,13.9800000000000000,13.9800
24130,,47.9700000000000000,47.9700
24129,,3.9900000000000000,3.9900
24128,,93.9700000000000000,93.9700
24127,,548.9800000000000000,548.9800
24126,,29.4800000000000000,29.4800
24125,,13.9800000000000000,13.9800
24124,,59.9800000000000000,59.9800
24123,,7.2800000000000000,7.2800
24122,,4.9900000000000000,4.9900
24121,,539.9900000000000000,539.9900
24120,,3.9900000000000000,3.9900
24119,,13.9800000000000000,13.9800
24118,,7.2800000000000000,7.2800
24117,,12.9800000000000000,12.9800
24116,,1700.9900000000000000,1700.9900
24115,,1164.4700000000000000,1164.4700
24114,,1179.4700000000000000,1179.4700
24113,,39.9800000000000000,39.9800
24112,,1155.4800000000000000,1155.4800
24111,,4.9900000000000000,4.9900
24110,,2393.0600000000000000,2393.0600
24109,,4.9900000000000000,4.9900
24108,,3.9900000000000000,3.9900
24107,,123.9900000000000000,123.9900
24106,,39.9800000000000000,39.9800
24105,,2419.0600000000000000,2419.0600
24104,,1155.4800000000000000,1155.4800
24103,,1754.9800000000000000,1754.9800
24102,,1779.4700000000000000,1779.4700
24101,,1170.4800000000000000,1170.4800
24100,,1169.4600000000000000,1169.4600
24099,,563.7700000000000000,563.7700
24098,,655.4500000000000000,655.4500
24097,,6.2800000000000000,6.2800
24096,,7.2800000000000000,7.2800
24095,,29.4800000000000000,29.4800
24094,,39.9800000000000000,39.9800
24093,,2466.3200000000000000,2466.3200
24092,,2481.8200000000000000,2481.8200
24091,,2478.3400000000000000,2478.3400
24090,,1735.9800000000000000,1735.9800
24089,,1744.9700000000000000,1744.9700
24088,,6.2800000000000000,6.2800
24087,,38.9800000000000000,38.9800
24086,,53.9800000000000000,53.9800
24085,,39.9800000000000000,39.9800
24084,,2407.0400000000000000,2407.0400
24083,,2419.0600000000000000,2419.0600
24082,,39.9800000000000000,39.9800
24081,,31.2800000000000000,31.2800
24080,,53.9800000000000000,53.9800
24079,,39.9800000000000000,39.9800
24078,,3.9900000000000000,3.9900
24077,,588.9600000000000000,588.9600
24076,,77.9600000000000000,77.9600
24075,,68.9700000000000000,68.9700
24074,,38.9800000000000000,38.9800
24073,,68.4900000000000000,68.4900
24072,,6.2800000000000000,6.2800
24071,,12.9400000000000000,12.9400
24070,,36.2700000000000000,36.2700
24069,,1174.4800000000000000,1174.4800
24068,,2457.3300000000000000,2457.3300
24067,,2492.3200000000000000,2492.3200
24066,,2514.9300000000000000,2514.9300
24065,,1170.4800000000000000,1170.4800
24064,,4.9900000000000000,4.9900
24063,,2433.0400000000000000,2433.0400
24062,,28.9900000000000000,28.9900
24061,,2413.0600000000000000,2413.0600
24060,,603.4900000000000000,603.4900
24059,,583.9700000000000000,583.9700
24058,,1164.4700000000000000,1164.4700
24057,,574.9800000000000000,574.9800
24056,,628.9700000000000000,628.9700
24055,,1170.4800000000000000,1170.4800
24054,,1174.4800000000000000,1174.4800
24053,,2443.3500000000000000,2443.3500
24052,,548.9800000000000000,548.9800
24051,,1170.4800000000000000,1170.4800
24050,,1164.4700000000000000,1164.4700
24049,,574.9800000000000000,574.9800
24048,,1174.4800000000000000,1174.4800
24047,,1174.4800000000000000,1174.4800
24046,,553.9700000000000000,553.9700
24045,,4.9900000000000000,4.9900
24044,,1174.4800000000000000,1174.4800
24043,,31.2800000000000000,31.2800
24042,,12.9800000000000000,12.9800
24041,,93.9700000000000000,93.9700
24040,,2482.2300000000000000,2482.2300
24039,,1700.9900000000000000,1700.9900
24038,,570.4700000000000000,570.4700
24037,,539.9900000000000000,539.9900
24036,,607.9600000000000000,607.9600
24035,,13.9800000000000000,13.9800
24034,,1203.4600000000000000,1203.4600
24033,,574.9800000000000000,574.9800
24032,,563.7700000000000000,563.7700
24031,,1170.4800000000000000,1170.4800
24030,,1170.4800000000000000,1170.4800
24029,,562.9600000000000000,562.9600
24028,,597.9500000000000000,597.9500
24027,,561.9200000000000000,561.9200
24026,,1212.9700000000000000,1212.9700
24025,,578.4600000000000000,578.4600
24024,,603.4900000000000000,603.4900
24023,,588.9600000000000000,588.9600
24022,,561.4800000000000000,561.4800
24021,,156.2700000000000000,156.2700
24020,,13.9800000000000000,13.9800
24019,,1120.4900000000000000,1120.4900
24018,,574.9800000000000000,574.9800
24017,,553.9700000000000000,553.9700
24016,,44.2200000000000000,44.2200
24015,,1155.4800000000000000,1155.4800
24014,,38.9800000000000000,38.9800
24013,,88.9700000000000000,88.9700
24012,,68.9700000000000000,68.9700
24011,,1179.4700000000000000,1179.4700
24010,,565.4700000000000000,565.4700
24009,,1373.0212500000000000,2746.0425
24008,,1365.2712500000000000,2730.5425
24007,,1521.4100000000000000,3042.8200
24006,,1360.7762500000000000,2721.5525
24005,,1378.2712500000000000,2756.5425
24004,,1372.2612500000000000,2744.5225
24003,,1403.2662500000000000,2806.5325
24002,,1372.2612500000000000,2744.5225
24001,,1491.6700000000000000,2983.3400
24000,,1491.6700000000000000,2983.3400
23999,,1365.2712500000000000,2730.5425
23998,,1378.2712500000000000,2756.5425
23997,,39.9800000000000000,39.9800
23996,,1372.2612500000000000,2744.5225
23995,,1491.6700000000000000,2983.3400
23994,,1395.2612500000000000,2790.5225
23993,,1536.1600000000000000,3072.3200
23992,,1583.9100000000000000,3167.8200
23991,,548.9800000000000000,548.9800
23990,,548.9800000000000000,548.9800
23989,,58.9800000000000000,58.9800
23988,,1179.4700000000000000,1179.4700
23987,,1147.7700000000000000,1147.7700
23986,,1184.4600000000000000,1184.4600
23985,,39.9800000000000000,39.9800
23984,,1155.4800000000000000,1155.4800
23983,,1195.4700000000000000,1195.4700
23982,,548.9800000000000000,548.9800
23981,,33.9800000000000000,33.9800
23980,,68.9700000000000000,68.9700
23979,,6.2800000000000000,6.2800
23978,,39.9800000000000000,39.9800
23977,,123.9600000000000000,123.9600
23976,,4.9900000000000000,4.9900
23975,,38.9800000000000000,38.9800
23974,,36.2700000000000000,36.2700
23973,,33.9800000000000000,33.9800
23972,,68.9700000000000000,68.9700
23971,,98.9600000000000000,98.9600
23970,,36.2700000000000000,36.2700
23969,,36.2700000000000000,36.2700
23968,,39.9800000000000000,39.9800
23967,,4.9900000000000000,4.9900
23966,,29.4800000000000000,29.4800
23965,,38.9800000000000000,38.9800
23964,,36.2700000000000000,36.2700
23963,,68.9700000000000000,68.9700
23962,,28.9900000000000000,28.9900
23961,,685.4700000000000000,685.4700
23960,,600.4600000000000000,600.4600
23959,,38.9800000000000000,38.9800
23958,,663.4400000000000000,663.4400
23957,,38.9800000000000000,38.9800
23956,,67.4900000000000000,67.4900
23955,,44.2200000000000000,44.2200
23954,,1178.4500000000000000,1178.4500
23953,,3.9900000000000000,3.9900
23952,,38.9800000000000000,38.9800
23951,,36.2700000000000000,36.2700
23950,,88.9700000000000000,88.9700
23949,,92.9600000000000000,92.9600
23948,,68.4900000000000000,68.4900
23947,,38.9800000000000000,38.9800
23946,,53.9800000000000000,53.9800
23945,,4.9900000000000000,4.9900
23944,,1155.4800000000000000,1155.4800
23943,,39.9800000000000000,39.9800
23942,,6.2800000000000000,6.2800
23941,,38.9800000000000000,38.9800
23940,,1120.4900000000000000,1120.4900
23939,,1709.9800000000000000,1709.9800
23938,,1120.4900000000000000,1120.4900
23937,,38.9800000000000000,38.9800
23936,,123.9600000000000000,123.9600
23935,,4.9900000000000000,4.9900
23934,,36.2700000000000000,36.2700
23933,,563.7700000000000000,563.7700
23932,,588.9600000000000000,588.9600
23931,,68.9700000000000000,68.9700
23930,,1243.4400000000000000,1243.4400
23929,,83.9700000000000000,83.9700
23928,,36.2700000000000000,36.2700
23927,,36.2700000000000000,36.2700
23926,,2443.3500000000000000,2443.3500
23925,,2457.3300000000000000,2457.3300
23924,,1129.4800000000000000,1129.4800
23923,,1174.4800000000000000,1174.4800
23922,,2466.3200000000000000,2466.3200
23921,,2465.2800000000000000,2465.2800
23920,,1735.9800000000000000,1735.9800
23919,,58.4700000000000000,58.4700
23918,,68.9700000000000000,68.9700
23917,,553.9700000000000000,553.9700
23916,,3.9900000000000000,3.9900
23915,,28.4800000000000000,28.4800
23914,,6.2800000000000000,6.2800
23913,,47.9600000000000000,47.9600
23912,,3.9900000000000000,3.9900
23911,,36.2700000000000000,36.2700
23910,,6.2800000000000000,6.2800
23909,,548.9800000000000000,548.9800
23908,,574.9800000000000000,574.9800
23907,,1120.4900000000000000,1120.4900
23906,,2443.3500000000000000,2443.3500
23905,,574.9800000000000000,574.9800
23904,,1198.9700000000000000,1198.9700
23903,,539.9900000000000000,539.9900
23902,,564.4800000000000000,564.4800
23901,,574.9800000000000000,574.9800
23900,,539.9900000000000000,539.9900
23899,,574.4600000000000000,574.4600
23898,,603.4900000000000000,603.4900
23897,,38.9800000000000000,38.9800
23896,,548.9800000000000000,548.9800
23895,,539.9900000000000000,539.9900
23894,,69.9700000000000000,69.9700
23893,,58.9800000000000000,58.9800
23892,,4.9900000000000000,4.9900
23891,,29.9900000000000000,29.9900
23890,,32.2800000000000000,32.2800
23889,,69.9700000000000000,69.9700
23888,,34.9800000000000000,34.9800
23887,,548.9800000000000000,548.9800
23886,,562.9600000000000000,562.9600
23885,,539.9900000000000000,539.9900
23884,,603.4900000000000000,603.4900
23883,,575.7100000000000000,575.7100
23882,,603.4900000000000000,603.4900
23881,,548.9800000000000000,548.9800
23880,,553.9700000000000000,553.9700
23879,,64.4700000000000000,64.4700
23878,,588.9600000000000000,588.9600
23877,,78.9600000000000000,78.9600
23876,,36.5900000000000000,36.5900
23875,,37.2700000000000000,37.2700
23874,,539.9900000000000000,539.9900
23873,,628.9700000000000000,628.9700
23872,,556.2600000000000000,556.2600
23871,,673.9700000000000000,673.9700
23870,,624.9500000000000000,624.9500
23869,,34.9800000000000000,34.9800
23868,,2414.6950000000000000,4829.3900
23867,,2401.0550000000000000,4802.1100
23866,,2414.0550000000000000,4828.1100
23865,,2445.8050000000000000,4891.6100
23864,,84.9700000000000000,84.9700
23863,,69.9700000000000000,69.9700
23862,,69.9700000000000000,69.9700
23861,,152.6000000000000000,152.6000
23860,,548.9800000000000000,548.9800
23859,,2076.6250000000000000,4153.2500
23858,,2356.3700000000000000,4712.7400
23857,,600.4600000000000000,600.4600
23856,,603.4900000000000000,603.4900
23855,,624.4600000000000000,624.4600
23854,,583.9700000000000000,583.9700
23853,,588.9600000000000000,588.9600
23852,,588.9600000000000000,588.9600
23851,,539.9900000000000000,539.9900
23850,,539.9900000000000000,539.9900
23849,,600.4600000000000000,600.4600
23848,,561.4800000000000000,561.4800
23847,,722.7700000000000000,722.7700
23846,,2414.0550000000000000,4828.1100
23845,,607.9600000000000000,607.9600
23844,,563.7700000000000000,563.7700
23843,,38.9800000000000000,38.9800
23842,,2414.0550000000000000,4828.1100
23841,,659.4400000000000000,659.4400
23840,,539.9900000000000000,539.9900
23839,,29.9900000000000000,29.9900
23838,,539.9900000000000000,539.9900
23837,,574.9800000000000000,574.9800
23836,,599.4700000000000000,599.4700
23835,,603.9600000000000000,603.9600
23834,,561.9200000000000000,561.9200
23833,,722.7700000000000000,722.7700
23832,,687.7600000000000000,687.7600
23831,,69.9700000000000000,69.9700
23830,,2401.0550000000000000,4802.1100
23829,,2401.0550000000000000,4802.1100
23828,,548.9800000000000000,548.9800
23827,,13.9800000000000000,13.9800
23826,,32.2800000000000000,32.2800
23825,,32.2800000000000000,32.2800
23824,,69.9700000000000000,69.9700
23823,,59.4700000000000000,59.4700
23822,,37.2700000000000000,37.2700
23821,,638.9500000000000000,638.9500
23820,,37.2700000000000000,37.2700
23819,,2401.0550000000000000,4802.1100
23818,,553.9700000000000000,553.9700
23817,,29.9900000000000000,29.9900
23816,,563.7700000000000000,563.7700
23815,,724.4700000000000000,724.4700
23814,,29.9900000000000000,29.9900
23813,,564.4800000000000000,564.4800
23812,,69.9700000000000000,69.9700
23811,,548.9800000000000000,548.9800
23810,,32.2800000000000000,32.2800
23809,,29.9900000000000000,29.9900
23808,,29.9900000000000000,29.9900
23807,,607.9600000000000000,607.9600
23806,,3578.2700000000000000,3578.2700
23805,,32.6000000000000000,32.6000
23804,,71.5800000000000000,71.5800
23803,,68.4900000000000000,68.4900
23802,,32.6000000000000000,32.6000
23801,,82.5900000000000000,82.5900
23800,,71.5800000000000000,71.5800
23799,,1228.8300000000000000,1228.8300
23798,,67.9300000000000000,67.9300
23797,,67.5900000000000000,67.5900
23796,,36.5900000000000000,36.5900
23795,,71.5800000000000000,71.5800
23794,,1249.8400000000000000,1249.8400
23793,,38.8800000000000000,38.8800
23792,,32.6000000000000000,32.6000
23791,,71.5800000000000000,71.5800
23790,,46.8300000000000000,46.8300
23789,,1251.1200000000000000,1251.1200
23788,,1214.8500000000000000,1214.8500
23787,,71.5800000000000000,71.5800
23786,,38.9800000000000000,38.9800
23785,,37.2700000000000000,37.2700
23784,,34.9800000000000000,34.9800
23783,,58.9800000000000000,58.9800
23782,,69.9700000000000000,69.9700
23781,,567.7600000000000000,567.7600
23780,,1750.9800000000000000,1750.9800
23779,,1147.7700000000000000,1147.7700
23778,,588.9600000000000000,588.9600
23777,,1179.4700000000000000,1179.4700
23776,,2478.3400000000000000,2478.3400
23775,,1155.4800000000000000,1155.4800
23774,,1234.4500000000000000,1234.4500
23773,,88.9700000000000000,88.9700
23772,,38.9800000000000000,38.9800
23771,,82.9500000000000000,82.9500
23770,,4.9900000000000000,4.9900
23769,,29.4800000000000000,29.4800
23768,,29.4800000000000000,29.4800
23767,,13.9800000000000000,13.9800
23766,,68.9700000000000000,68.9700
23765,,2535.8100000000000000,2535.8100
23764,,2457.3300000000000000,2457.3300
23763,,1735.9800000000000000,1735.9800
23762,,1164.4700000000000000,1164.4700
23761,,68.9700000000000000,68.9700
23760,,1183.4700000000000000,1183.4700
23759,,2475.9500000000000000,2475.9500
23758,,1754.9800000000000000,1754.9800
23757,,38.9800000000000000,38.9800
23756,,151.2800000000000000,151.2800
23755,,6.2800000000000000,6.2800
23754,,68.9700000000000000,68.9700
23753,,1193.4500000000000000,1193.4500
23752,,1164.4700000000000000,1164.4700
23751,,1155.4800000000000000,1155.4800
23750,,1155.4800000000000000,1155.4800
23749,,77.9600000000000000,77.9600
23748,,36.2700000000000000,36.2700
23747,,1142.4200000000000000,1142.4200
23746,,539.9900000000000000,539.9900
23745,,44.2200000000000000,44.2200
23744,,567.7600000000000000,567.7600
23743,,39.9800000000000000,39.9800
23742,,615.4700000000000000,615.4700
23741,,32.6000000000000000,32.6000
23740,,36.5900000000000000,36.5900
23739,,573.4200000000000000,573.4200
23738,,36.5900000000000000,36.5900
23737,,34.9800000000000000,34.9800
23736,,42.9300000000000000,42.9300
23735,,34.9800000000000000,34.9800
23734,,69.9700000000000000,69.9700
23733,,567.7600000000000000,567.7600
23732,,74.4500000000000000,74.4500
23731,,2414.0550000000000000,4828.1100
23730,,2414.0550000000000000,4828.1100
23729,,71.5800000000000000,71.5800
23728,,69.9700000000000000,69.9700
23727,,34.9800000000000000,34.9800
23726,,562.9600000000000000,562.9600
23725,,2414.0550000000000000,4828.1100
23724,,588.9600000000000000,588.9600
23723,,628.4500000000000000,628.4500
23722,,32.2800000000000000,32.2800
23721,,588.9600000000000000,588.9600
23720,,34.9800000000000000,34.9800
23719,,39.9800000000000000,39.9800
23718,,567.7600000000000000,567.7600
23717,,29.9900000000000000,29.9900
23716,,26.9700000000000000,26.9700
23715,,539.9900000000000000,539.9900
23714,,44.5400000000000000,44.5400
23713,,34.9800000000000000,34.9800
23712,,38.9800000000000000,38.9800
23711,,34.9800000000000000,34.9800
23710,,29.9900000000000000,29.9900
23709,,548.9800000000000000,548.9800
23708,,574.9800000000000000,574.9800
23707,,565.4700000000000000,565.4700
23706,,539.9900000000000000,539.9900
23705,,94.4600000000000000,94.4600
23704,,600.4600000000000000,600.4600
23703,,34.9800000000000000,34.9800
23702,,93.4900000000000000,93.4900
23701,,588.9600000000000000,588.9600
23700,,29.9900000000000000,29.9900
23699,,1274.3300000000000000,1274.3300
23698,,29.9900000000000000,29.9900
23697,,69.9700000000000000,69.9700
23696,,233.2300000000000000,233.2300
23695,,150.9300000000000000,150.9300
23694,,69.9700000000000000,69.9700
23693,,119.9600000000000000,119.9600
23692,,42.9300000000000000,42.9300
23691,,29.9900000000000000,29.9900
23690,,38.9800000000000000,38.9800
23689,,43.9700000000000000,43.9700
23688,,1214.8500000000000000,1214.8500
23687,,29.9900000000000000,29.9900
23686,,94.4600000000000000,94.4600
23685,,29.9900000000000000,29.9900
23684,,34.9800000000000000,34.9800
23683,,553.9700000000000000,553.9700
23682,,59.9800000000000000,59.9800
23681,,13.9800000000000000,13.9800
23680,,539.9900000000000000,539.9900
23679,,39.9800000000000000,39.9800
23678,,29.9900000000000000,29.9900
23677,,29.9900000000000000,29.9900
23676,,4.9900000000000000,4.9900
23675,,29.9900000000000000,29.9900
23674,,69.9700000000000000,69.9700
23673,,4.9900000000000000,4.9900
23672,,29.9900000000000000,29.9900
23671,,193.9800000000000000,193.9800
23670,,42.9300000000000000,42.9300
23669,,29.9900000000000000,29.9900
23668,,564.4800000000000000,564.4800
23667,,2398.0500000000000000,2398.0500
23666,,2453.0400000000000000,2453.0400
23665,,2103.6600000000000000,4207.3200
23664,,1970.7662500000000000,3941.5325
23663,,1941.2762500000000000,3882.5525
23662,,1958.7712500000000000,3917.5425
23661,,1980.5162500000000000,3961.0325
23660,,1958.7712500000000000,3917.5425
23659,,2089.6650000000000000,4179.3300
23658,,1968.2712500000000000,3936.5425
23657,,4.9900000000000000,4.9900
23656,,2072.1700000000000000,4144.3400
23655,,2072.1700000000000000,4144.3400
23654,,59.9800000000000000,59.9800
23653,,1987.5162500000000000,3975.0325
23652,,1953.7712500000000000,3907.5425
23651,,1958.7712500000000000,3917.5425
23650,,39.9800000000000000,39.9800
23649,,1972.7662500000000000,3945.5325
23648,,2072.1700000000000000,4144.3400
23647,,12.9400000000000000,12.9400
23646,,13.9800000000000000,13.9800
23645,,2099.1650000000000000,4198.3300
23644,,39.9800000000000000,39.9800
23643,,4.9900000000000000,4.9900
23642,,13.9800000000000000,13.9800
23641,,64.4700000000000000,64.4700
23640,,1968.2712500000000000,3936.5425
23639,,69.9700000000000000,69.9700
23638,,29.9900000000000000,29.9900
23637,,28.4800000000000000,28.4800
23636,,2479.9400000000000000,2479.9400
23635,,2452.3400000000000000,2452.3400
23634,,3.9900000000000000,3.9900
23633,,38.9800000000000000,38.9800
23632,,162.9900000000000000,162.9900
23631,,47.9700000000000000,47.9700
23630,,2481.8200000000000000,2481.8200
23629,,2466.3200000000000000,2466.3200
23628,,69.9700000000000000,69.9700
23627,,38.9800000000000000,38.9800
23626,,38.9800000000000000,38.9800
23625,,78.9600000000000000,78.9600
23624,,62.9700000000000000,62.9700
23623,,3.9900000000000000,3.9900
23622,,572.2600000000000000,572.2600
23621,,2309.9700000000000000,2309.9700
23620,,78.9600000000000000,78.9600
23619,,806.7600000000000000,806.7600
23618,,2481.8200000000000000,2481.8200
23617,,34.9800000000000000,34.9800
23616,,819.4800000000000000,819.4800
23615,,32.2800000000000000,32.2800
23614,,144.4500000000000000,144.4500
23613,,34.9800000000000000,34.9800
23612,,2395.9600000000000000,2395.9600
23611,,3.9900000000000000,3.9900
23610,,38.9800000000000000,38.9800
23609,,12.9800000000000000,12.9800
23608,,2510.9400000000000000,2510.9400
23607,,2451.3000000000000000,2451.3000
23606,,2543.4400000000000000,2543.4400
23605,,2344.9600000000000000,2344.9600
23604,,3.9900000000000000,3.9900
23603,,2372.9500000000000000,2372.9500
23602,,38.9800000000000000,38.9800
23601,,6.2800000000000000,6.2800
23600,,6.2800000000000000,6.2800
23599,,42.9300000000000000,42.9300
23598,,32.2800000000000000,32.2800
23597,,2482.2300000000000000,2482.2300
23596,,38.9800000000000000,38.9800
23595,,67.9700000000000000,67.9700
23594,,29.9900000000000000,29.9900
23593,,1995.0062500000000000,3990.0125
23592,,2639.6300000000000000,5279.2600
23591,,7.2800000000000000,7.2800
23590,,69.9700000000000000,69.9700
23589,,588.9600000000000000,588.9600
23588,,37.2700000000000000,37.2700
23587,,565.4700000000000000,565.4700
23586,,562.9600000000000000,562.9600
23585,,565.4700000000000000,565.4700
23584,,574.9800000000000000,574.9800
23583,,2414.6950000000000000,4829.3900
23582,,628.9700000000000000,628.9700
23581,,69.9700000000000000,69.9700
23580,,69.9700000000000000,69.9700
23579,,34.9800000000000000,34.9800
23578,,37.2700000000000000,37.2700
23577,,94.4600000000000000,94.4600
23576,,39.9800000000000000,39.9800
23575,,1651.0262500000000000,3302.0525
23574,,1668.5212500000000000,3337.0425
23573,,1668.5212500000000000,3337.0425
23572,,1808.9150000000000000,3617.8300
23571,,1781.9200000000000000,3563.8400
23570,,21.9800000000000000,21.9800
23569,,39.9800000000000000,39.9800
23568,,567.7600000000000000,567.7600
23567,,39.9800000000000000,39.9800
23566,,3578.2700000000000000,3578.2700
23565,,34.9800000000000000,34.9800
23564,,34.9800000000000000,34.9800
23563,,56.9700000000000000,56.9700
23562,,4.9900000000000000,4.9900
23561,,29.9900000000000000,29.9900
23560,,553.9700000000000000,553.9700
23559,,64.4700000000000000,64.4700
23558,,34.9800000000000000,34.9800
23557,,7.2800000000000000,7.2800
23556,,29.9900000000000000,29.9900
23555,,34.9800000000000000,34.9800
23554,,4.9900000000000000,4.9900
23553,,4.9900000000000000,4.9900
23552,,103.4800000000000000,103.4800
23551,,39.9800000000000000,39.9800
23550,,111.9500000000000000,111.9500
23549,,93.4900000000000000,93.4900
23548,,48.9700000000000000,48.9700
23547,,1799.4150000000000000,3598.8300
23546,,1668.5212500000000000,3337.0425
23545,,1941.2762500000000000,3882.5525
23544,,1985.5062500000000000,3971.0125
23543,,12.9400000000000000,12.9400
23542,,1668.5212500000000000,3337.0425
23541,,1668.5212500000000000,3337.0425
23540,,1813.4100000000000000,3626.8200
23539,,2072.1700000000000000,4144.3400
23538,,2099.1650000000000000,4198.3300
23537,,59.9800000000000000,59.9800
23536,,39.9800000000000000,39.9800
23535,,4.9900000000000000,4.9900
23534,,2089.6650000000000000,4179.3300
23533,,1958.7712500000000000,3917.5425
23532,,1668.5212500000000000,3337.0425
23531,,1668.6412500000000000,3337.2825
23530,,39.9800000000000000,39.9800
23529,,1808.9150000000000000,3617.8300
23528,,75.9700000000000000,75.9700
23527,,56.9700000000000000,56.9700
23526,,1781.9200000000000000,3563.8400
23525,,1651.0262500000000000,3302.0525
23524,,1799.4150000000000000,3598.8300
23523,,1668.5212500000000000,3337.0425
23522,,120.4700000000000000,120.4700
23521,,21.9800000000000000,21.9800
23520,,548.9800000000000000,548.9800
23519,,23.9700000000000000,23.9700
23518,,4.9900000000000000,4.9900
23517,,78.9600000000000000,78.9600
23516,,599.4700000000000000,599.4700
23515,,539.9900000000000000,539.9900
23514,,69.9700000000000000,69.9700
23513,,64.4700000000000000,64.4700
23512,,29.9900000000000000,29.9900
23511,,2421.5550000000000000,4843.1100
23510,,553.9700000000000000,553.9700
23509,,575.7100000000000000,575.7100
23508,,561.4800000000000000,561.4800
23507,,574.9800000000000000,574.9800
23506,,539.9900000000000000,539.9900
23505,,616.9500000000000000,616.9500
23504,,32.2800000000000000,32.2800
23503,,7.2800000000000000,7.2800
23502,,32.2800000000000000,32.2800
23501,,37.2700000000000000,37.2700
23500,,34.9800000000000000,34.9800
23499,,539.9900000000000000,539.9900
23498,,4.9900000000000000,4.9900
23497,,29.9900000000000000,29.9900
23496,,69.9700000000000000,69.9700
23495,,69.9700000000000000,69.9700
23494,,89.9700000000000000,89.9700
23493,,548.9800000000000000,548.9800
23492,,588.9600000000000000,588.9600
23491,,43.9700000000000000,43.9700
23490,,43.9700000000000000,43.9700
23489,,34.9800000000000000,34.9800
23488,,4.9900000000000000,4.9900
23487,,89.9700000000000000,89.9700
23486,,2671.6150000000000000,5343.2300
23485,,89.9700000000000000,89.9700
23484,,539.9900000000000000,539.9900
23483,,32.2800000000000000,32.2800
23482,,29.9900000000000000,29.9900
23481,,29.9900000000000000,29.9900
23480,,539.9900000000000000,539.9900
23479,,588.9600000000000000,588.9600
23478,,588.9600000000000000,588.9600
23477,,69.9700000000000000,69.9700
23476,,4.9900000000000000,4.9900
23475,,121.9400000000000000,121.9400
23474,,600.4600000000000000,600.4600
23473,,132.9500000000000000,132.9500
23472,,32.2800000000000000,32.2800
23471,,600.4600000000000000,600.4600
23470,,106.9300000000000000,106.9300
23469,,29.9900000000000000,29.9900
23468,,69.9700000000000000,69.9700
23467,,29.9900000000000000,29.9900
23466,,29.9900000000000000,29.9900
23465,,34.9800000000000000,34.9800
23464,,29.9900000000000000,29.9900
23463,,574.9800000000000000,574.9800
23462,,567.7600000000000000,567.7600
23461,,34.9800000000000000,34.9800
23460,,649.4600000000000000,649.4600
23459,,39.9800000000000000,39.9800
23458,,41.9500000000000000,41.9500
23457,,69.9700000000000000,69.9700
23456,,157.2700000000000000,157.2700
23455,,12.9400000000000000,12.9400
23454,,567.7600000000000000,567.7600
23453,,632.4500000000000000,632.4500
23452,,32.2800000000000000,32.2800
23451,,34.9800000000000000,34.9800
23450,,578.4600000000000000,578.4600
23449,,7.2800000000000000,7.2800
23448,,32.2800000000000000,32.2800
23447,,6.2800000000000000,6.2800
23446,,6.2800000000000000,6.2800
23445,,28.9900000000000000,28.9900
23444,,548.9800000000000000,548.9800
23443,,722.7700000000000000,722.7700
23442,,4.9900000000000000,4.9900
23441,,88.9700000000000000,88.9700
23440,,33.9800000000000000,33.9800
23439,,68.9700000000000000,68.9700
23438,,123.4800000000000000,123.4800
23437,,4.9900000000000000,4.9900
23436,,1975.2612500000000000,3950.5225
23435,,1958.7712500000000000,3917.5425
23434,,1941.2762500000000000,3882.5525
23433,,1941.2762500000000000,3882.5525
23432,,2089.6650000000000000,4179.3300
23431,,2079.1600000000000000,4158.3200
23430,,4.9900000000000000,4.9900
23429,,1968.2712500000000000,3936.5425
23428,,39.9800000000000000,39.9800
23427,,4.9900000000000000,4.9900
23426,,39.9800000000000000,39.9800
23425,,1975.7612500000000000,3951.5225
23424,,29.4800000000000000,29.4800
23423,,1968.2712500000000000,3936.5425
23422,,1955.7662500000000000,3911.5325
23421,,2104.1550000000000000,4208.3100
23420,,2072.1700000000000000,4144.3400
23419,,39.9800000000000000,39.9800
23418,,1700.0112500000000000,3400.0225
23417,,1668.5212500000000000,3337.0425
23416,,1799.4150000000000000,3598.8300
23415,,1794.4150000000000000,3588.8300
23414,,1695.5162500000000000,3391.0325
23413,,1808.9150000000000000,3617.8300
23412,,1793.4050000000000000,3586.8100
23411,,1788.9100000000000000,3577.8200
23410,,2008.2662500000000000,4016.5325
23409,,1958.7712500000000000,3917.5425
23408,,2109.4100000000000000,4218.8200
23407,,561.4800000000000000,561.4800
23406,,29.9900000000000000,29.9900
23405,,69.9700000000000000,69.9700
23404,,624.9700000000000000,624.9700
23403,,553.9700000000000000,553.9700
23402,,29.9900000000000000,29.9900
23401,,39.9800000000000000,39.9800
23400,,29.9900000000000000,29.9900
23399,,561.4800000000000000,561.4800
23398,,553.9700000000000000,553.9700
23397,,2414.0550000000000000,4828.1100
23396,,2445.8050000000000000,4891.6100
23395,,553.9700000000000000,553.9700
23394,,539.9900000000000000,539.9900
23393,,615.4700000000000000,615.4700
23392,,553.9700000000000000,553.9700
23391,,613.4500000000000000,613.4500
23390,,539.9900000000000000,539.9900
23389,,37.2700000000000000,37.2700
23388,,69.9700000000000000,69.9700
23387,,93.9600000000000000,93.9600
23386,,548.9800000000000000,548.9800
23385,,2414.6950000000000000,4829.3900
23384,,548.9800000000000000,548.9800
23383,,600.4600000000000000,600.4600
23382,,600.4600000000000000,600.4600
23381,,37.2700000000000000,37.2700
23380,,69.9700000000000000,69.9700
23379,,14.9800000000000000,14.9800
23378,,2658.6150000000000000,5317.2300
23377,,556.9300000000000000,556.9300
23376,,2657.1250000000000000,5314.2500
23375,,564.4800000000000000,564.4800
23374,,588.9600000000000000,588.9600
23373,,561.4800000000000000,561.4800
23372,,553.9700000000000000,553.9700
23371,,564.4800000000000000,564.4800
23370,,563.7700000000000000,563.7700
23369,,608.9600000000000000,608.9600
23368,,4.9900000000000000,4.9900
23367,,69.9700000000000000,69.9700
23366,,59.2500000000000000,59.2500
23365,,539.9900000000000000,539.9900
23364,,32.2800000000000000,32.2800
23363,,4.9900000000000000,4.9900
23362,,7.2800000000000000,7.2800
23361,,32.2800000000000000,32.2800
23360,,29.9900000000000000,29.9900
23359,,539.9900000000000000,539.9900
23358,,561.9200000000000000,561.9200
23357,,98.4800000000000000,98.4800
23356,,588.9600000000000000,588.9600
23355,,603.4900000000000000,603.4900
23354,,69.9700000000000000,69.9700
23353,,45.2200000000000000,45.2200
23352,,539.9900000000000000,539.9900
23351,,2414.0550000000000000,4828.1100
23350,,59.9800000000000000,59.9800
23349,,65.9500000000000000,65.9500
23348,,2083.6550000000000000,4167.3100
23347,,4.9900000000000000,4.9900
23346,,4.9900000000000000,4.9900
23345,,4.9900000000000000,4.9900
23344,,1941.2762500000000000,3882.5525
23343,,1968.2712500000000000,3936.5425
23342,,556.2600000000000000,556.2600
23341,,561.4800000000000000,561.4800
23340,,553.9700000000000000,553.9700
23339,,574.9800000000000000,574.9800
23338,,567.7600000000000000,567.7600
23337,,29.9900000000000000,29.9900
23336,,32.2800000000000000,32.2800
23335,,32.2800000000000000,32.2800
23334,,553.9700000000000000,553.9700
23333,,119.9600000000000000,119.9600
23332,,2072.1700000000000000,4144.3400
23331,,2072.1700000000000000,4144.3400
23330,,31.9700000000000000,31.9700
23329,,39.9800000000000000,39.9800
23328,,2442.5400000000000000,2442.5400
23327,,73.9600000000000000,73.9600
23326,,561.4800000000000000,561.4800
23325,,1498.6600000000000000,2997.3200
23324,,1365.2712500000000000,2730.5425
23323,,1372.6662500000000000,2745.3325
23322,,1521.4100000000000000,3042.8200
23321,,1530.4100000000000000,3060.8200
23320,,1365.2712500000000000,2730.5425
23319,,574.9800000000000000,574.9800
23318,,561.4800000000000000,561.4800
23317,,39.9800000000000000,39.9800
23316,,1417.5112500000000000,2835.0225
23315,,15.2300000000000000,15.2300
23314,,1372.2612500000000000,2744.5225
23313,,1453.0162500000000000,2906.0325
23312,,13.9800000000000000,13.9800
23311,,1668.5212500000000000,3337.0425
23310,,1666.6612500000000000,3333.3225
23309,,59.9800000000000000,59.9800
23308,,4.9900000000000000,4.9900
23307,,67.9300000000000000,67.9300
23306,,2414.0550000000000000,4828.1100
23305,,7.2800000000000000,7.2800
23304,,37.2700000000000000,37.2700
23303,,37.2700000000000000,37.2700
23302,,553.9700000000000000,553.9700
23301,,56.9600000000000000,56.9600
23300,,133.4700000000000000,133.4700
23299,,29.9900000000000000,29.9900
23298,,69.9700000000000000,69.9700
23297,,37.2700000000000000,37.2700
23296,,570.4700000000000000,570.4700
23295,,34.9800000000000000,34.9800
23294,,37.2700000000000000,37.2700
23293,,152.2800000000000000,152.2800
23292,,34.9800000000000000,34.9800
23291,,42.9300000000000000,42.9300
23290,,7.2800000000000000,7.2800
23289,,34.9800000000000000,34.9800
23288,,38.9800000000000000,38.9800
23287,,608.9600000000000000,608.9600
23286,,29.9900000000000000,29.9900
23285,,69.9700000000000000,69.9700
23284,,39.9800000000000000,39.9800
23283,,2414.0550000000000000,4828.1100
23282,,37.2700000000000000,37.2700
23281,,2414.0550000000000000,4828.1100
23280,,14.9800000000000000,14.9800
23279,,124.9900000000000000,124.9900
23278,,9.9900000000000000,9.9900
23277,,22.9300000000000000,22.9300
23276,,2393.0600000000000000,2393.0600
23275,,68.9700000000000000,68.9700
23274,,49.9700000000000000,49.9700
23273,,39.4700000000000000,39.4700
23272,,39.4700000000000000,39.4700
23271,,49.9700000000000000,49.9700
23270,,617.4700000000000000,617.4700
23269,,574.9800000000000000,574.9800
23268,,567.7600000000000000,567.7600
23267,,2431.0450000000000000,4862.0900
23266,,603.9600000000000000,603.9600
23265,,562.9600000000000000,562.9600
23264,,539.9900000000000000,539.9900
23263,,23.9700000000000000,23.9700
23262,,49.9700000000000000,49.9700
23261,,77.9200000000000000,77.9200
23260,,93.4600000000000000,93.4600
23259,,49.9700000000000000,49.9700
23258,,14.9800000000000000,14.9800
23257,,539.9900000000000000,539.9900
23256,,74.4600000000000000,74.4600
23255,,39.9800000000000000,39.9800
23254,,9.9900000000000000,9.9900
23253,,39.9800000000000000,39.9800
23252,,14.9800000000000000,14.9800
23251,,44.9800000000000000,44.9800
23250,,64.9800000000000000,64.9800
23249,,49.9700000000000000,49.9700
23248,,49.9700000000000000,49.9700
23247,,110.9500000000000000,110.9500
23246,,32.2800000000000000,32.2800
23245,,39.9800000000000000,39.9800
23244,,39.9800000000000000,39.9800
23243,,34.9800000000000000,34.9800
23242,,553.9700000000000000,553.9700
23241,,69.9700000000000000,69.9700
23240,,69.9700000000000000,69.9700
23239,,539.9900000000000000,539.9900
23238,,617.4700000000000000,617.4700
23237,,68.9700000000000000,68.9700
23236,,7.2800000000000000,7.2800
23235,,39.9800000000000000,39.9800
23234,,2478.3400000000000000,2478.3400
23233,,639.9500000000000000,639.9500
23232,,1120.4900000000000000,1120.4900
23231,,597.9500000000000000,597.9500
23230,,1155.4800000000000000,1155.4800
23229,,28.4800000000000000,28.4800
23228,,62.9700000000000000,62.9700
23227,,597.9500000000000000,597.9500
23226,,588.9600000000000000,588.9600
23225,,1184.4600000000000000,1184.4600
23224,,1183.4700000000000000,1183.4700
23223,,1155.4800000000000000,1155.4800
23222,,574.9800000000000000,574.9800
23221,,38.9800000000000000,38.9800
23220,,1174.4800000000000000,1174.4800
23219,,39.9800000000000000,39.9800
23218,,38.9800000000000000,38.9800
23217,,563.7700000000000000,563.7700
23216,,613.4500000000000000,613.4500
23215,,49.9600000000000000,49.9600
23214,,628.9700000000000000,628.9700
23213,,617.4700000000000000,617.4700
23212,,29.9900000000000000,29.9900
23211,,583.9700000000000000,583.9700
23210,,553.9700000000000000,553.9700
23209,,2401.0550000000000000,4802.1100
23208,,59.9800000000000000,59.9800
23207,,29.9900000000000000,29.9900
23206,,69.9700000000000000,69.9700
23205,,69.9700000000000000,69.9700
23204,,562.9600000000000000,562.9600
23203,,69.9700000000000000,69.9700
23202,,32.2800000000000000,32.2800
23201,,29.9900000000000000,29.9900
23200,,91.9500000000000000,91.9500
23199,,45.2200000000000000,45.2200
23198,,34.9800000000000000,34.9800
23197,,38.9800000000000000,38.9800
23196,,39.9800000000000000,39.9800
23195,,638.9500000000000000,638.9500
23194,,69.9700000000000000,69.9700
23193,,32.2800000000000000,32.2800
23192,,32.2800000000000000,32.2800
23191,,34.9800000000000000,34.9800
23190,,14.9800000000000000,14.9800
23189,,600.4600000000000000,600.4600
23188,,119.9600000000000000,119.9600
23187,,574.9800000000000000,574.9800
23186,,548.9800000000000000,548.9800
23185,,638.9500000000000000,638.9500
23184,,45.2200000000000000,45.2200
23183,,548.9800000000000000,548.9800
23182,,37.2700000000000000,37.2700
23181,,588.9600000000000000,588.9600
23180,,152.2800000000000000,152.2800
23179,,539.9900000000000000,539.9900
23178,,539.9900000000000000,539.9900
23177,,553.9700000000000000,553.9700
23176,,539.9900000000000000,539.9900
23175,,570.4700000000000000,570.4700
23174,,553.9700000000000000,553.9700
23173,,588.9600000000000000,588.9600
23172,,2404.6950000000000000,4809.3900
23171,,123.9600000000000000,123.9600
23170,,574.9800000000000000,574.9800
23169,,685.4700000000000000,685.4700
23168,,539.9900000000000000,539.9900
23167,,539.9900000000000000,539.9900
23166,,556.9300000000000000,556.9300
23165,,548.9800000000000000,548.9800
23164,,2403.5500000000000000,4807.1000
23163,,600.4600000000000000,600.4600
23162,,563.7700000000000000,563.7700
23161,,574.9800000000000000,574.9800
23160,,673.9700000000000000,673.9700
23159,,562.9600000000000000,562.9600
23158,,599.4700000000000000,599.4700
23157,,69.9700000000000000,69.9700
23156,,616.9500000000000000,616.9500
23155,,608.9600000000000000,608.9600
23154,,563.7700000000000000,563.7700
23153,,34.9800000000000000,34.9800
23152,,37.2700000000000000,37.2700
23151,,607.9600000000000000,607.9600
23150,,49.2200000000000000,49.2200
23149,,32.2800000000000000,32.2800
23148,,539.9900000000000000,539.9900
23147,,157.2700000000000000,157.2700
23146,,603.4900000000000000,603.4900
23145,,574.9800000000000000,574.9800
23144,,548.9800000000000000,548.9800
23143,,563.7700000000000000,563.7700
23142,,556.9300000000000000,556.9300
23141,,603.4900000000000000,603.4900
23140,,38.9800000000000000,38.9800
23139,,553.9700000000000000,553.9700
23138,,599.4700000000000000,599.4700
23137,,2657.1250000000000000,5314.2500
23136,,574.9800000000000000,574.9800
23135,,553.9700000000000000,553.9700
23134,,39.9800000000000000,39.9800
23133,,69.9700000000000000,69.9700
23132,,160.2300000000000000,160.2300
23131,,29.9900000000000000,29.9900
23130,,32.2800000000000000,32.2800
23129,,4.9900000000000000,4.9900
23128,,39.9800000000000000,39.9800
23127,,565.4700000000000000,565.4700
23126,,45.2200000000000000,45.2200
23125,,603.4900000000000000,603.4900
23124,,29.9900000000000000,29.9900
23123,,39.9800000000000000,39.9800
23122,,13.9800000000000000,13.9800
23121,,2072.1700000000000000,4144.3400
23120,,2072.1700000000000000,4144.3400
23119,,1972.7662500000000000,3945.5325
23118,,1956.9112500000000000,3913.8225
23117,,1965.7612500000000000,3931.5225
23116,,1968.2712500000000000,3936.5425
23115,,34.9800000000000000,34.9800
23114,,2998.1600000000000000,5996.3200
23113,,2998.6650000000000000,5997.3300
23112,,561.4800000000000000,561.4800
23111,,553.9700000000000000,553.9700
23110,,539.9900000000000000,539.9900
23109,,37.2700000000000000,37.2700
23108,,32.2800000000000000,32.2800
23107,,1948.2662500000000000,3896.5325
23106,,1978.0062500000000000,3956.0125
23105,,1680.7662500000000000,3361.5325
23104,,1745.0162500000000000,3490.0325
23103,,85.4800000000000000,85.4800
23102,,1365.2712500000000000,2730.5425
23101,,1397.5062500000000000,2795.0125
23100,,1503.5600000000000000,3007.1200
23099,,1491.6700000000000000,2983.3400
23098,,1372.6662500000000000,2745.3325
23097,,1385.2612500000000000,2770.5225
23096,,7.2800000000000000,7.2800
23095,,4.9900000000000000,4.9900
23094,,67.9300000000000000,67.9300
23093,,69.9700000000000000,69.9700
23092,,29.9900000000000000,29.9900
23091,,97.9600000000000000,97.9600
23090,,37.2700000000000000,37.2700
23089,,37.2700000000000000,37.2700
23088,,32.2800000000000000,32.2800
23087,,39.9800000000000000,39.9800
23086,,12.9400000000000000,12.9400
23085,,7.2800000000000000,7.2800
23084,,39.9800000000000000,39.9800
23083,,49.9000000000000000,49.9000
23082,,603.4900000000000000,603.4900
23081,,608.9600000000000000,608.9600
23080,,548.9800000000000000,548.9800
23079,,7.2800000000000000,7.2800
23078,,15.2300000000000000,15.2300
23077,,7.2800000000000000,7.2800
23076,,29.9900000000000000,29.9900
23075,,563.7700000000000000,563.7700
23074,,3010.9100000000000000,6021.8200
23073,,539.9900000000000000,539.9900
23072,,37.2700000000000000,37.2700
23071,,32.2800000000000000,32.2800
23070,,4.9900000000000000,4.9900
23069,,69.9700000000000000,69.9700
23068,,37.2700000000000000,37.2700
23067,,84.9700000000000000,84.9700
23066,,617.4700000000000000,617.4700
23065,,69.9700000000000000,69.9700
23064,,29.9900000000000000,29.9900
23063,,37.2700000000000000,37.2700
23062,,119.9600000000000000,119.9600
23061,,29.9900000000000000,29.9900
23060,,126.9300000000000000,126.9300
23059,,600.4600000000000000,600.4600
23058,,588.9600000000000000,588.9600
23057,,3010.9100000000000000,6021.8200
23056,,599.4700000000000000,599.4700
23055,,69.9700000000000000,69.9700
23054,,29.9900000000000000,29.9900
23053,,69.9700000000000000,69.9700
23052,,29.9900000000000000,29.9900
23051,,34.9800000000000000,34.9800
23050,,69.9700000000000000,69.9700
23049,,34.9800000000000000,34.9800
23048,,51.4600000000000000,51.4600
23047,,553.9700000000000000,553.9700
23046,,37.2700000000000000,37.2700
23045,,34.9800000000000000,34.9800
23044,,37.2700000000000000,37.2700
23043,,29.9900000000000000,29.9900
23042,,589.9600000000000000,589.9600
23041,,561.4800000000000000,561.4800
23040,,565.4700000000000000,565.4700
23039,,561.4800000000000000,561.4800
23038,,564.4800000000000000,564.4800
23037,,32.2800000000000000,32.2800
23036,,624.9500000000000000,624.9500
23035,,561.9200000000000000,561.9200
23034,,539.9900000000000000,539.9900
23033,,588.9600000000000000,588.9600
23032,,548.9800000000000000,548.9800
23031,,69.9700000000000000,69.9700
23030,,29.9900000000000000,29.9900
23029,,120.4600000000000000,120.4600
23028,,600.4600000000000000,600.4600
23027,,37.2700000000000000,37.2700
23026,,603.4900000000000000,603.4900
23025,,29.9900000000000000,29.9900
23024,,106.9500000000000000,106.9500
23023,,32.2800000000000000,32.2800
23022,,7.2800000000000000,7.2800
23021,,564.4800000000000000,564.4800
23020,,106.9300000000000000,106.9300
23019,,613.4500000000000000,613.4500
23018,,607.9600000000000000,607.9600
23017,,563.7700000000000000,563.7700
23016,,561.4800000000000000,561.4800
23015,,563.7700000000000000,563.7700
23014,,13.9800000000000000,13.9800
23013,,12.9400000000000000,12.9400
23012,,4.9900000000000000,4.9900
23011,,14.9800000000000000,14.9800
23010,,64.4700000000000000,64.4700
23009,,7.2800000000000000,7.2800
23008,,59.9800000000000000,59.9800
23007,,14.9800000000000000,14.9800
23006,,39.4700000000000000,39.4700
23005,,32.2800000000000000,32.2800
23004,,56.9600000000000000,56.9600
23003,,32.2800000000000000,32.2800
23002,,67.2000000000000000,67.2000
23001,,37.2700000000000000,37.2700
23000,,94.4600000000000000,94.4600
22999,,553.9700000000000000,553.9700
22998,,2664.6250000000000000,5329.2500
22997,,607.9600000000000000,607.9600
22996,,3017.8000000000000000,6035.6000
22995,,3030.2500000000000000,6060.5000
22994,,539.9900000000000000,539.9900
22993,,565.4700000000000000,565.4700
22992,,607.9600000000000000,607.9600
22991,,34.9800000000000000,34.9800
22990,,29.9900000000000000,29.9900
22989,,69.9700000000000000,69.9700
22988,,2097.1650000000000000,4194.3300
22987,,1971.0162500000000000,3942.0325
22986,,1378.2712500000000000,2756.5425
22985,,81.4500000000000000,81.4500
22984,,34.9800000000000000,34.9800
22983,,7.2800000000000000,7.2800
22982,,69.9700000000000000,69.9700
22981,,91.9500000000000000,91.9500
22980,,29.9900000000000000,29.9900
22979,,78.9600000000000000,78.9600
22978,,81.4600000000000000,81.4600
22977,,69.9700000000000000,69.9700
22976,,2985.6650000000000000,5971.3300
22975,,3578.2700000000000000,3578.2700
22974,,7.2800000000000000,7.2800
22973,,7.2800000000000000,7.2800
22972,,539.9900000000000000,539.9900
22971,,3578.2700000000000000,3578.2700
22970,,78.9600000000000000,78.9600
22969,,39.9800000000000000,39.9800
22968,,32.2800000000000000,32.2800
22967,,69.9700000000000000,69.9700
22966,,1958.7712500000000000,3917.5425
22965,,7.2800000000000000,7.2800
22964,,123.9800000000000000,123.9800
22963,,58.9800000000000000,58.9800
22962,,39.9800000000000000,39.9800
22961,,1945.7712500000000000,3891.5425
22960,,4.9900000000000000,4.9900
22959,,1958.7712500000000000,3917.5425
22958,,2104.1550000000000000,4208.3100
22957,,39.9800000000000000,39.9800
22956,,64.4700000000000000,64.4700
22955,,13.9800000000000000,13.9800
22954,,2089.6650000000000000,4179.3300
22953,,1949.7462500000000000,3899.4925
22952,,39.9800000000000000,39.9800
22951,,2121.1550000000000000,4242.3100
22950,,1958.7712500000000000,3917.5425
22949,,71.9700000000000000,71.9700
22948,,39.9800000000000000,39.9800
22947,,75.9700000000000000,75.9700
22946,,1955.7662500000000000,3911.5325
22945,,12.9400000000000000,12.9400
22944,,64.4700000000000000,64.4700
22943,,2072.1700000000000000,4144.3400
22942,,1985.7662500000000000,3971.5325
22941,,58.9800000000000000,58.9800
22940,,2103.6600000000000000,4207.3200
22939,,1980.5162500000000000,3961.0325
22938,,2086.6600000000000000,4173.3200
22937,,2089.6650000000000000,4179.3300
22936,,1973.2612500000000000,3946.5225
22935,,1975.7612500000000000,3951.5225
22934,,2086.6600000000000000,4173.3200
22933,,1958.7712500000000000,3917.5425
22932,,2084.6650000000000000,4169.3300
22931,,1941.2762500000000000,3882.5525
22930,,2450.3400000000000000,4900.6800
22929,,2336.9412500000000000,4673.8825
22928,,58.9800000000000000,58.9800
22927,,1956.9112500000000000,3913.8225
22926,,1968.2712500000000000,3936.5425
22925,,134.9300000000000000,134.9300
22924,,90.9500000000000000,90.9500
22923,,21.9800000000000000,21.9800
22922,,68.9700000000000000,68.9700
22921,,2323.9412500000000000,4647.8825
22920,,91.9500000000000000,91.9500
22919,,58.9800000000000000,58.9800
22918,,4.9900000000000000,4.9900
22917,,4.9900000000000000,4.9900
22916,,58.9800000000000000,58.9800
22915,,13.9800000000000000,13.9800
22914,,59.9800000000000000,59.9800
22913,,2342.1962500000000000,4684.3925
22912,,2329.9512500000000000,4659.9025
22911,,39.9800000000000000,39.9800
22910,,1941.2762500000000000,3882.5525
22909,,1990.2612500000000000,3980.5225
22908,,2330.7512500000000000,4661.5025
22907,,2084.6650000000000000,4169.3300
22906,,2312.4562500000000000,4624.9125
22905,,2312.4562500000000000,4624.9125
22904,,2379.9962500000000000,4759.9925
22903,,3027.1100000000000000,6054.2200
22902,,32.2800000000000000,32.2800
22901,,2985.6650000000000000,5971.3300
22900,,539.9900000000000000,539.9900
22899,,600.4600000000000000,600.4600
22898,,539.9900000000000000,539.9900
22897,,561.9200000000000000,561.9200
22896,,600.4600000000000000,600.4600
22895,,3014.7850000000000000,6029.5700
22894,,32.2800000000000000,32.2800
22893,,3028.2550000000000000,6056.5100
22892,,561.4800000000000000,561.4800
22891,,69.9700000000000000,69.9700
22890,,69.9700000000000000,69.9700
22889,,2985.6650000000000000,5971.3300
22888,,539.9900000000000000,539.9900
22887,,578.4600000000000000,578.4600
22886,,599.4700000000000000,599.4700
22885,,548.9800000000000000,548.9800
22884,,34.9800000000000000,34.9800
22883,,29.9900000000000000,29.9900
22882,,101.4500000000000000,101.4500
22881,,2998.6650000000000000,5997.3300
22880,,548.9800000000000000,548.9800
22879,,562.9600000000000000,562.9600
22878,,553.9700000000000000,553.9700
22877,,2981.1700000000000000,5962.3400
22876,,574.9800000000000000,574.9800
22875,,556.2600000000000000,556.2600
22874,,548.9800000000000000,548.9800
22873,,539.9900000000000000,539.9900
22872,,539.9900000000000000,539.9900
22871,,561.4800000000000000,561.4800
22870,,68.9700000000000000,68.9700
22869,,39.9800000000000000,39.9800
22868,,33.9800000000000000,33.9800
22867,,38.9800000000000000,38.9800
22866,,6.2800000000000000,6.2800
22865,,37.2700000000000000,37.2700
22864,,571.7200000000000000,571.7200
22863,,29.9900000000000000,29.9900
22862,,539.9900000000000000,539.9900
22861,,69.9700000000000000,69.9700
22860,,2331.8962500000000000,4663.7925
22859,,4.9900000000000000,4.9900
22858,,4.9900000000000000,4.9900
22857,,2443.3500000000000000,4886.7000
22856,,4.9900000000000000,4.9900
22855,,70.9600000000000000,70.9600
22854,,2329.9512500000000000,4659.9025
22853,,39.9900000000000000,39.9900
22852,,39.9900000000000000,39.9900
22851,,2316.4312500000000000,4632.8625
22850,,2328.7562500000000000,4657.5125
22849,,50.2300000000000000,50.2300
22848,,39.9900000000000000,39.9900
22847,,37.2900000000000000,37.2900
22846,,74.9800000000000000,74.9800
22845,,2316.9512500000000000,4633.9025
22844,,39.9900000000000000,39.9900
22843,,48.9800000000000000,48.9800
22842,,86.4600000000000000,86.4600
22841,,35.0000000000000000,35.0000
22840,,37.2900000000000000,37.2900
22839,,39.2500000000000000,39.2500
22838,,29.9900000000000000,29.9900
22837,,69.9700000000000000,69.9700
22836,,2334.9800000000000000,2334.9800
22835,,38.9800000000000000,38.9800
22834,,12.9800000000000000,12.9800
22833,,29.4800000000000000,29.4800
22832,,13.9800000000000000,13.9800
22831,,39.9800000000000000,39.9800
22830,,14.2300000000000000,14.2300
22829,,4.9900000000000000,4.9900
22828,,2451.3000000000000000,2451.3000
22827,,89.9700000000000000,89.9700
22826,,34.9800000000000000,34.9800
22825,,78.9600000000000000,78.9600
22824,,2304.9800000000000000,2304.9800
22823,,43.9700000000000000,43.9700
22822,,2475.9500000000000000,2475.9500
22821,,38.9800000000000000,38.9800
22820,,29.4800000000000000,29.4800
22819,,69.9700000000000000,69.9700
22818,,56.9600000000000000,56.9600
22817,,2400.9300000000000000,2400.9300
22816,,2340.9400000000000000,2340.9400
22815,,12.9800000000000000,12.9800
22814,,4.9900000000000000,4.9900
22813,,119.9600000000000000,119.9600
22812,,32.2800000000000000,32.2800
22811,,34.9800000000000000,34.9800
22810,,2354.9800000000000000,2354.9800
22809,,38.9800000000000000,38.9800
22808,,2478.3400000000000000,2478.3400
22807,,71.9400000000000000,71.9400
22806,,38.9800000000000000,38.9800
22805,,3.9900000000000000,3.9900
22804,,53.9800000000000000,53.9800
22803,,2364.9800000000000000,2364.9800
22802,,4.9900000000000000,4.9900
22801,,4.9900000000000000,4.9900
22800,,2359.9800000000000000,2359.9800
22799,,34.9800000000000000,34.9800
22798,,24.9900000000000000,24.9900
22797,,2309.9700000000000000,2309.9700
22796,,48.9700000000000000,48.9700
22795,,67.9700000000000000,67.9700
22794,,27.2800000000000000,27.2800
22793,,69.9700000000000000,69.9700
22792,,69.9700000000000000,69.9700
22791,,600.4600000000000000,600.4600
22790,,574.9800000000000000,574.9800
22789,,574.9800000000000000,574.9800
22788,,603.9600000000000000,603.9600
22787,,620.4600000000000000,620.4600
22786,,37.2700000000000000,37.2700
22785,,3014.7850000000000000,6029.5700
22784,,564.4800000000000000,564.4800
22783,,69.9700000000000000,69.9700
22782,,567.7600000000000000,567.7600
22781,,37.2700000000000000,37.2700
22780,,722.7700000000000000,722.7700
22779,,29.9900000000000000,29.9900
22778,,722.7700000000000000,722.7700
22777,,193.9800000000000000,193.9800
22776,,69.9700000000000000,69.9700
22775,,37.2700000000000000,37.2700
22774,,29.9900000000000000,29.9900
22773,,215.9600000000000000,215.9600
22772,,4.9900000000000000,4.9900
22771,,76.9600000000000000,76.9600
22770,,539.9900000000000000,539.9900
22769,,29.9900000000000000,29.9900
22768,,600.4600000000000000,600.4600
22767,,69.9700000000000000,69.9700
22766,,29.9900000000000000,29.9900
22765,,2989.3050000000000000,5978.6100
22764,,29.9900000000000000,29.9900
22763,,69.9700000000000000,69.9700
22762,,94.4600000000000000,94.4600
22761,,69.9700000000000000,69.9700
22760,,548.9800000000000000,548.9800
22759,,37.2700000000000000,37.2700
22758,,562.9600000000000000,562.9600
22757,,94.4600000000000000,94.4600
22756,,69.9700000000000000,69.9700
22755,,4.9900000000000000,4.9900
22754,,193.9800000000000000,193.9800
22753,,724.4700000000000000,724.4700
22752,,32.2800000000000000,32.2800
22751,,133.4700000000000000,133.4700
22750,,29.9900000000000000,29.9900
22749,,600.4600000000000000,600.4600
22748,,2094.1200000000000000,4188.2400
22747,,32.2800000000000000,32.2800
22746,,40.2300000000000000,40.2300
22745,,588.9600000000000000,588.9600
22744,,54.2100000000000000,54.2100
22743,,65.9500000000000000,65.9500
22742,,71.9400000000000000,71.9400
22741,,34.9800000000000000,34.9800
22740,,29.9900000000000000,29.9900
22739,,7.2800000000000000,7.2800
22738,,119.9600000000000000,119.9600
22737,,165.2200000000000000,165.2200
22736,,29.9900000000000000,29.9900
22735,,34.9800000000000000,34.9800
22734,,73.9600000000000000,73.9600
22733,,548.9800000000000000,548.9800
22732,,2066.6200000000000000,4133.2400
22731,,69.9700000000000000,69.9700
22730,,4.9900000000000000,4.9900
22729,,69.9700000000000000,69.9700
22728,,149.9300000000000000,149.9300
22727,,34.9800000000000000,34.9800
22726,,29.9900000000000000,29.9900
22725,,38.9800000000000000,38.9800
22724,,69.9700000000000000,69.9700
22723,,69.9700000000000000,69.9700
22722,,562.9600000000000000,562.9600
22721,,37.2700000000000000,37.2700
22720,,29.9900000000000000,29.9900
22719,,567.7600000000000000,567.7600
22718,,600.4600000000000000,600.4600
22717,,574.9800000000000000,574.9800
22716,,553.9700000000000000,553.9700
22715,,85.4800000000000000,85.4800
22714,,71.9500000000000000,71.9500
22713,,2074.0950000000000000,4148.1900
22712,,574.9800000000000000,574.9800
22711,,588.9600000000000000,588.9600
22710,,3.9900000000000000,3.9900
22709,,28.9900000000000000,28.9900
22708,,88.9700000000000000,88.9700
22707,,62.9700000000000000,62.9700
22706,,66.9700000000000000,66.9700
22705,,38.9800000000000000,38.9800
22704,,41.9300000000000000,41.9300
22703,,68.9700000000000000,68.9700
22702,,28.9900000000000000,28.9900
22701,,57.9800000000000000,57.9800
22700,,6.2800000000000000,6.2800
22699,,162.9900000000000000,162.9900
22698,,68.9700000000000000,68.9700
22697,,83.9700000000000000,83.9700
22696,,68.9700000000000000,68.9700
22695,,1174.4800000000000000,1174.4800
22694,,574.9800000000000000,574.9800
22693,,1754.9800000000000000,1754.9800
22692,,2481.8200000000000000,2481.8200
22691,,2457.3300000000000000,2457.3300
22690,,2523.9200000000000000,2523.9200
22689,,548.9800000000000000,548.9800
22688,,38.9800000000000000,38.9800
22687,,1155.4800000000000000,1155.4800
22686,,1243.4400000000000000,1243.4400
22685,,600.4600000000000000,600.4600
22684,,548.9800000000000000,548.9800
22683,,58.4700000000000000,58.4700
22682,,28.9900000000000000,28.9900
22681,,131.9500000000000000,131.9500
22680,,620.9500000000000000,620.9500
22679,,611.9600000000000000,611.9600
22678,,653.9700000000000000,653.9700
22677,,12.9800000000000000,12.9800
22676,,28.9900000000000000,28.9900
22675,,628.9700000000000000,628.9700
22674,,574.9800000000000000,574.9800
22673,,608.9600000000000000,608.9600
22672,,29.4800000000000000,29.4800
22671,,1155.4800000000000000,1155.4800
22670,,39.9800000000000000,39.9800
22669,,1120.4900000000000000,1120.4900
22668,,1174.4800000000000000,1174.4800
22667,,1170.4800000000000000,1170.4800
22666,,574.9800000000000000,574.9800
22665,,586.9700000000000000,586.9700
22664,,2511.3200000000000000,2511.3200
22663,,574.9800000000000000,574.9800
22662,,4.9900000000000000,4.9900
22661,,68.9700000000000000,68.9700
22660,,3.9900000000000000,3.9900
22659,,38.9800000000000000,38.9800
22658,,28.9900000000000000,28.9900
22657,,39.9800000000000000,39.9800
22656,,1169.4600000000000000,1169.4600
22655,,565.4700000000000000,565.4700
22654,,563.7700000000000000,563.7700
22653,,1188.4600000000000000,1188.4600
22652,,553.9700000000000000,553.9700
22651,,574.9800000000000000,574.9800
22650,,574.9800000000000000,574.9800
22649,,588.9600000000000000,588.9600
22648,,2475.9500000000000000,2475.9500
22647,,2563.3500000000000000,2563.3500
22646,,1155.4800000000000000,1155.4800
22645,,553.9700000000000000,553.9700
22644,,603.4900000000000000,603.4900
22643,,1120.4900000000000000,1120.4900
22642,,1198.9700000000000000,1198.9700
22641,,588.9600000000000000,588.9600
22640,,1149.4700000000000000,1149.4700
22639,,1155.4800000000000000,1155.4800
22638,,548.9800000000000000,548.9800
22637,,1714.9700000000000000,1714.9700
22636,,1700.9900000000000000,1700.9900
22635,,1728.2700000000000000,1728.2700
22634,,1775.4700000000000000,1775.4700
22633,,564.9900000000000000,564.9900
22632,,2492.3200000000000000,2492.3200
22631,,1149.4700000000000000,1149.4700
22630,,1164.4700000000000000,1164.4700
22629,,59.9800000000000000,59.9800
22628,,562.9600000000000000,562.9600
22627,,588.9600000000000000,588.9600
22626,,565.4700000000000000,565.4700
22625,,77.9600000000000000,77.9600
22624,,33.9800000000000000,33.9800
22623,,553.9700000000000000,553.9700
22622,,58.9800000000000000,58.9800
22621,,589.9600000000000000,589.9600
22620,,573.9800000000000000,573.9800
22619,,819.4800000000000000,819.4800
22618,,1700.9900000000000000,1700.9900
22617,,806.7600000000000000,806.7600
22616,,1735.9800000000000000,1735.9800
22615,,539.9900000000000000,539.9900
22614,,1155.4800000000000000,1155.4800
22613,,1183.4700000000000000,1183.4700
22612,,561.9200000000000000,561.9200
22611,,1775.4700000000000000,1775.4700
22610,,574.9800000000000000,574.9800
22609,,608.9600000000000000,608.9600
22608,,1744.9700000000000000,1744.9700
22607,,609.4500000000000000,609.4500
22606,,588.9600000000000000,588.9600
22605,,1750.9800000000000000,1750.9800
22604,,1735.9800000000000000,1735.9800
22603,,561.4800000000000000,561.4800
22602,,1754.9800000000000000,1754.9800
22601,,565.4700000000000000,565.4700
22600,,1735.9800000000000000,1735.9800
22599,,1700.9900000000000000,1700.9900
22598,,597.9500000000000000,597.9500
22597,,615.4600000000000000,615.4600
22596,,1750.9800000000000000,1750.9800
22595,,2519.9300000000000000,2519.9300
22594,,1709.9800000000000000,1709.9800
22593,,553.9700000000000000,553.9700
22592,,1754.9800000000000000,1754.9800
22591,,567.7600000000000000,567.7600
22590,,583.9700000000000000,583.9700
22589,,4.9900000000000000,4.9900
22588,,48.9700000000000000,48.9700
22587,,548.9800000000000000,548.9800
22586,,1739.4600000000000000,1739.4600
22585,,553.9700000000000000,553.9700
22584,,33.9800000000000000,33.9800
22583,,1410.7562500000000000,2821.5125
22582,,1378.2712500000000000,2756.5425
22581,,1374.6612500000000000,2749.3225
22580,,1525.6550000000000000,3051.3100
22579,,1365.2712500000000000,2730.5425
22578,,1367.7662500000000000,2735.5325
22577,,1371.5212500000000000,2743.0425
22576,,1360.7762500000000000,2721.5525
22575,,1509.1650000000000000,3018.3300
22574,,69.9900000000000000,69.9900
22573,,1360.7762500000000000,2721.5525
22572,,1498.6600000000000000,2997.3200
22571,,1417.5112500000000000,2835.0225
22570,,1735.9800000000000000,1735.9800
22569,,48.9700000000000000,48.9700
22568,,3.9900000000000000,3.9900
22567,,23.7800000000000000,23.7800
22566,,1700.9900000000000000,1700.9900
22565,,6.2800000000000000,6.2800
22564,,58.9800000000000000,58.9800
22563,,12.9800000000000000,12.9800
22562,,30.4800000000000000,30.4800
22561,,25.4800000000000000,25.4800
22560,,93.9700000000000000,93.9700
22559,,4.9900000000000000,4.9900
22558,,4.9900000000000000,4.9900
22557,,4.9900000000000000,4.9900
22556,,60.4700000000000000,60.4700
22555,,143.7800000000000000,143.7800
22554,,4.9900000000000000,4.9900
22553,,48.9700000000000000,48.9700
22552,,21.4900000000000000,21.4900
22551,,67.4900000000000000,67.4900
22550,,29.4800000000000000,29.4800
22549,,34.9800000000000000,34.9800
22548,,37.2700000000000000,37.2700
22547,,37.2700000000000000,37.2700
22546,,29.9900000000000000,29.9900
22545,,48.9700000000000000,48.9700
22544,,127.2800000000000000,127.2800
22543,,562.9600000000000000,562.9600
22542,,23.7800000000000000,23.7800
22541,,588.9600000000000000,588.9600
22540,,29.4800000000000000,29.4800
22539,,98.9600000000000000,98.9600
22538,,21.4900000000000000,21.4900
22537,,13.9800000000000000,13.9800
22536,,1775.4700000000000000,1775.4700
22535,,1750.9800000000000000,1750.9800
22534,,25.4800000000000000,25.4800
22533,,29.4800000000000000,29.4800
22532,,4.9900000000000000,4.9900
22531,,184.4800000000000000,184.4800
22530,,4.9900000000000000,4.9900
22529,,23.7800000000000000,23.7800
22528,,39.9800000000000000,39.9800
22527,,75.4800000000000000,75.4800
22526,,1732.2600000000000000,1732.2600
22525,,574.9800000000000000,574.9800
22524,,2478.2400000000000000,2478.2400
22523,,806.7600000000000000,806.7600
22522,,539.9900000000000000,539.9900
22521,,4.9900000000000000,4.9900
22520,,1775.4700000000000000,1775.4700
22519,,921.7700000000000000,921.7700
22518,,1735.9800000000000000,1735.9800
22517,,562.9600000000000000,562.9600
22516,,4.9900000000000000,4.9900
22515,,553.9700000000000000,553.9700
22514,,58.9800000000000000,58.9800
22513,,23.7800000000000000,23.7800
22512,,30.4800000000000000,30.4800
22511,,80.4700000000000000,80.4700
22510,,1763.9700000000000000,1763.9700
22509,,804.4700000000000000,804.4700
22508,,799.4800000000000000,799.4800
22507,,48.9700000000000000,48.9700
22506,,561.4800000000000000,561.4800
22505,,1735.9800000000000000,1735.9800
22504,,1735.9800000000000000,1735.9800
22503,,1775.4700000000000000,1775.4700
22502,,1735.9800000000000000,1735.9800
22501,,2566.8000000000000000,2566.8000
22500,,2481.8200000000000000,2481.8200
22499,,23.7800000000000000,23.7800
22498,,35.7200000000000000,35.7200
22497,,58.9800000000000000,58.9800
22496,,48.9700000000000000,48.9700
22495,,607.9600000000000000,607.9600
22494,,4.9900000000000000,4.9900
22493,,4.9900000000000000,4.9900
22492,,67.9700000000000000,67.9700
22491,,4.9900000000000000,4.9900
22490,,548.9800000000000000,548.9800
22489,,30.4800000000000000,30.4800
22488,,4.9900000000000000,4.9900
22487,,588.9600000000000000,588.9600
22486,,588.9600000000000000,588.9600
22485,,23.7800000000000000,23.7800
22484,,589.9600000000000000,589.9600
22483,,110.4600000000000000,110.4600
22482,,39.9800000000000000,39.9800
22481,,564.4800000000000000,564.4800
22480,,616.9500000000000000,616.9500
22479,,600.4600000000000000,600.4600
22478,,553.9700000000000000,553.9700
22477,,574.9800000000000000,574.9800
22476,,58.9800000000000000,58.9800
22475,,98.9600000000000000,98.9600
22474,,13.9800000000000000,13.9800
22473,,607.9600000000000000,607.9600
22472,,539.9900000000000000,539.9900
22471,,561.4800000000000000,561.4800
22470,,1735.9800000000000000,1735.9800
22469,,563.7700000000000000,563.7700
22468,,1700.9900000000000000,1700.9900
22467,,1732.2600000000000000,1732.2600
22466,,548.9800000000000000,548.9800
22465,,2492.3200000000000000,2492.3200
22464,,2443.3500000000000000,2443.3500
22463,,574.9800000000000000,574.9800
22462,,553.9700000000000000,553.9700
22461,,1754.9800000000000000,1754.9800
22460,,1750.9800000000000000,1750.9800
22459,,539.9900000000000000,539.9900
22458,,563.7700000000000000,563.7700
22457,,4.9900000000000000,4.9900
22456,,1728.2700000000000000,1728.2700
22455,,29.4800000000000000,29.4800
22454,,12.9400000000000000,12.9400
22453,,39.9800000000000000,39.9800
22452,,1735.9800000000000000,1735.9800
22451,,1709.9800000000000000,1709.9800
22450,,799.4800000000000000,799.4800
22449,,2514.9300000000000000,2514.9300
22448,,2479.9400000000000000,2479.9400
22447,,793.7600000000000000,793.7600
22446,,1739.4600000000000000,1739.4600
22445,,2490.1800000000000000,2490.1800
22444,,828.4700000000000000,828.4700
22443,,553.9700000000000000,553.9700
22442,,1709.9800000000000000,1709.9800
22441,,597.9500000000000000,597.9500
22440,,553.9700000000000000,553.9700
22439,,1700.9900000000000000,1700.9900
22438,,616.9500000000000000,616.9500
22437,,1739.4600000000000000,1739.4600
22436,,607.9600000000000000,607.9600
22435,,23.7800000000000000,23.7800
22434,,1735.9800000000000000,1735.9800
22433,,1764.9600000000000000,1764.9600
22432,,578.4600000000000000,578.4600
22431,,60.4700000000000000,60.4700
22430,,2638.9400000000000000,2638.9400
22429,,1777.9500000000000000,1777.9500
22428,,1739.4600000000000000,1739.4600
22427,,1700.9900000000000000,1700.9900
22426,,553.9700000000000000,553.9700
22425,,25.4800000000000000,25.4800
22424,,75.4800000000000000,75.4800
22423,,583.9700000000000000,583.9700
22422,,1735.9800000000000000,1735.9800
22421,,58.9800000000000000,58.9800
22420,,23.7800000000000000,23.7800
22419,,60.4700000000000000,60.4700
22418,,1732.2600000000000000,1732.2600
22417,,21.4900000000000000,21.4900
22416,,1764.9600000000000000,1764.9600
22415,,615.4700000000000000,615.4700
22414,,574.9800000000000000,574.9800
22413,,23.7800000000000000,23.7800
22412,,1509.1650000000000000,3018.3300
22411,,1385.2612500000000000,2770.5225
22410,,1491.6700000000000000,2983.3400
22409,,1373.0212500000000000,2746.0425
22408,,1385.2612500000000000,2770.5225
22407,,1378.2712500000000000,2756.5425
22406,,1509.1650000000000000,3018.3300
22405,,123.9800000000000000,123.9800
22404,,1491.6700000000000000,2983.3400
22403,,69.9900000000000000,69.9900
22402,,1360.7762500000000000,2721.5525
22401,,1491.6700000000000000,2983.3400
22400,,1368.9112500000000000,2737.8225
22399,,1392.5262500000000000,2785.0525
22398,,539.9900000000000000,539.9900
22397,,27.7700000000000000,27.7700
22396,,1725.9800000000000000,1725.9800
22395,,571.7200000000000000,571.7200
22394,,25.4800000000000000,25.4800
22393,,588.9600000000000000,588.9600
22392,,642.9500000000000000,642.9500
22391,,1174.4800000000000000,1174.4800
22390,,29.4800000000000000,29.4800
22389,,39.9800000000000000,39.9800
22388,,68.4900000000000000,68.4900
22387,,4.9900000000000000,4.9900
22386,,4.9900000000000000,4.9900
22385,,58.9800000000000000,58.9800
22384,,39.9800000000000000,39.9800
22383,,67.9700000000000000,67.9700
22382,,4.9900000000000000,4.9900
22381,,29.4800000000000000,29.4800
22380,,4.9900000000000000,4.9900
22379,,27.7700000000000000,27.7700
22378,,30.4800000000000000,30.4800
22377,,184.4800000000000000,184.4800
22376,,29.9900000000000000,29.9900
22375,,34.9800000000000000,34.9800
22374,,600.4600000000000000,600.4600
22373,,2988.1600000000000000,5976.3200
22372,,574.9800000000000000,574.9800
22371,,39.9800000000000000,39.9800
22370,,160.2300000000000000,160.2300
22369,,69.9700000000000000,69.9700
22368,,615.4700000000000000,615.4700
22367,,69.9700000000000000,69.9700
22366,,56.9700000000000000,56.9700
22365,,32.2800000000000000,32.2800
22364,,45.2200000000000000,45.2200
22363,,56.9700000000000000,56.9700
22362,,34.9800000000000000,34.9800
22361,,34.9800000000000000,34.9800
22360,,58.9500000000000000,58.9500
22359,,7.2800000000000000,7.2800
22358,,38.9800000000000000,38.9800
22357,,49.9700000000000000,49.9700
22356,,49.9700000000000000,49.9700
22355,,9.9900000000000000,9.9900
22354,,39.9800000000000000,39.9800
22353,,39.9800000000000000,39.9800
22352,,9.9900000000000000,9.9900
22351,,69.9700000000000000,69.9700
22350,,14.9800000000000000,14.9800
22349,,124.9900000000000000,124.9900
22348,,14.9800000000000000,14.9800
22347,,49.9700000000000000,49.9700
22346,,574.9800000000000000,574.9800
22345,,73.9700000000000000,73.9700
22344,,2419.0600000000000000,2419.0600
22343,,2422.5400000000000000,2422.5400
22342,,68.9700000000000000,68.9700
22341,,73.9600000000000000,73.9600
22340,,14.9800000000000000,14.9800
22339,,14.9800000000000000,14.9800
22338,,68.9700000000000000,68.9700
22337,,49.9700000000000000,49.9700
22336,,600.4600000000000000,600.4600
22335,,578.4600000000000000,578.4600
22334,,548.9800000000000000,548.9800
22333,,69.9700000000000000,69.9700
22332,,39.9800000000000000,39.9800
22331,,14.9800000000000000,14.9800
22330,,608.9600000000000000,608.9600
22329,,574.9800000000000000,574.9800
22328,,548.9800000000000000,548.9800
22327,,574.9800000000000000,574.9800
22326,,40.2300000000000000,40.2300
22325,,13.9800000000000000,13.9800
22324,,24.9900000000000000,24.9900
22323,,2443.3500000000000000,2443.3500
22322,,600.4600000000000000,600.4600
22321,,1700.9900000000000000,1700.9900
22320,,1735.9800000000000000,1735.9800
22319,,553.9700000000000000,553.9700
22318,,1174.4800000000000000,1174.4800
22317,,13.9800000000000000,13.9800
22316,,617.4700000000000000,617.4700
22315,,39.9800000000000000,39.9800
22314,,84.4700000000000000,84.4700
22313,,1735.9800000000000000,1735.9800
22312,,2478.2400000000000000,2478.2400
22311,,1739.4600000000000000,1739.4600
22310,,93.9700000000000000,93.9700
22309,,1785.9700000000000000,1785.9700
22308,,1768.9600000000000000,1768.9600
22307,,804.4700000000000000,804.4700
22306,,561.4800000000000000,561.4800
22305,,119.9600000000000000,119.9600
22304,,37.2700000000000000,37.2700
22303,,21.4900000000000000,21.4900
22302,,1763.9700000000000000,1763.9700
22301,,539.9900000000000000,539.9900
22300,,548.9800000000000000,548.9800
22299,,2072.7700000000000000,4145.5400
22298,,578.4600000000000000,578.4600
22297,,600.4600000000000000,600.4600
22296,,132.9500000000000000,132.9500
22295,,600.4600000000000000,600.4600
22294,,650.4500000000000000,650.4500
22293,,561.4800000000000000,561.4800
22292,,553.9700000000000000,553.9700
22291,,574.9800000000000000,574.9800
22290,,600.4600000000000000,600.4600
22289,,561.4800000000000000,561.4800
22288,,561.4800000000000000,561.4800
22287,,539.9900000000000000,539.9900
22286,,34.9800000000000000,34.9800
22285,,89.9700000000000000,89.9700
22284,,600.4600000000000000,600.4600
22283,,157.2700000000000000,157.2700
22282,,574.9800000000000000,574.9800
22281,,539.9900000000000000,539.9900
22280,,32.2800000000000000,32.2800
22279,,29.9900000000000000,29.9900
22278,,7.2800000000000000,7.2800
22277,,29.9900000000000000,29.9900
22276,,599.4700000000000000,599.4700
22275,,615.4700000000000000,615.4700
22274,,574.9800000000000000,574.9800
22273,,574.9800000000000000,574.9800
22272,,571.7200000000000000,571.7200
22271,,612.9500000000000000,612.9500
22270,,608.9600000000000000,608.9600
22269,,94.4600000000000000,94.4600
22268,,3015.6550000000000000,6031.3100
22267,,2083.6150000000000000,4167.2300
22266,,724.4700000000000000,724.4700
22265,,21.9800000000000000,21.9800
22264,,89.9700000000000000,89.9700
22263,,34.9800000000000000,34.9800
22262,,539.9900000000000000,539.9900
22261,,561.4800000000000000,561.4800
22260,,563.7700000000000000,563.7700
22259,,562.9600000000000000,562.9600
22258,,548.9800000000000000,548.9800
22257,,539.9900000000000000,539.9900
22256,,570.4700000000000000,570.4700
22255,,599.4700000000000000,599.4700
22254,,553.9700000000000000,553.9700
22253,,1174.4800000000000000,1174.4800
22252,,3023.6600000000000000,6047.3200
22251,,2985.6650000000000000,5971.3300
22250,,548.9800000000000000,548.9800
22249,,539.9900000000000000,539.9900
22248,,1134.4700000000000000,1134.4700
22247,,2989.3050000000000000,5978.6100
22246,,1170.4800000000000000,1170.4800
22245,,1188.4600000000000000,1188.4600
22244,,29.9900000000000000,29.9900
22243,,1170.4800000000000000,1170.4800
22242,,37.2700000000000000,37.2700
22241,,1149.4700000000000000,1149.4700
22240,,32.2800000000000000,32.2800
22239,,32.2800000000000000,32.2800
22238,,1155.4800000000000000,1155.4800
22237,,29.9900000000000000,29.9900
22236,,1179.9700000000000000,1179.9700
22235,,1155.4800000000000000,1155.4800
22234,,2988.1600000000000000,5976.3200
22233,,2998.6650000000000000,5997.3300
22232,,2992.6550000000000000,5985.3100
22231,,608.9600000000000000,608.9600
22230,,2111.6150000000000000,4223.2300
22229,,1147.7700000000000000,1147.7700
22228,,37.2700000000000000,37.2700
22227,,34.9800000000000000,34.9800
22226,,34.9800000000000000,34.9800
22225,,603.4900000000000000,603.4900
22224,,624.9500000000000000,624.9500
22223,,34.9800000000000000,34.9800
22222,,94.4600000000000000,94.4600
22221,,1155.4800000000000000,1155.4800
22220,,1179.9700000000000000,1179.9700
22219,,12.9400000000000000,12.9400
22218,,1155.4800000000000000,1155.4800
22217,,61.4500000000000000,61.4500
22216,,564.4800000000000000,564.4800
22215,,78.9600000000000000,78.9600
22214,,42.2800000000000000,42.2800
22213,,59.2700000000000000,59.2700
22212,,39.9900000000000000,39.9900
22211,,37.2700000000000000,37.2700
22210,,35.0000000000000000,35.0000
22209,,74.9800000000000000,74.9800
22208,,42.2800000000000000,42.2800
22207,,2460.8450000000000000,4921.6900
22206,,201.2800000000000000,201.2800
22205,,120.4800000000000000,120.4800
22204,,42.2800000000000000,42.2800
22203,,2312.4562500000000000,4624.9125
22202,,2335.8712500000000000,4671.7425
22201,,2506.1350000000000000,5012.2700
22200,,2329.9512500000000000,4659.9025
22199,,2346.9412500000000000,4693.8825
22198,,2330.7512500000000000,4661.5025
22197,,2370.4912500000000000,4740.9825
22196,,2316.4312500000000000,4632.8625
22195,,2454.8350000000000000,4909.6700
22194,,2316.9512500000000000,4633.9025
22193,,2443.3500000000000000,4886.7000
22192,,84.9700000000000000,84.9700
22191,,94.4600000000000000,94.4600
22190,,37.2700000000000000,37.2700
22189,,548.9800000000000000,548.9800
22188,,1179.9700000000000000,1179.9700
22187,,32.2800000000000000,32.2800
22186,,1174.4800000000000000,1174.4800
22185,,38.9800000000000000,38.9800
22184,,37.2700000000000000,37.2700
22183,,32.2800000000000000,32.2800
22182,,3003.1600000000000000,6006.3200
22181,,2336.9412500000000000,4673.8825
22180,,2316.4312500000000000,4632.8625
22179,,21.9800000000000000,21.9800
22178,,2116.6600000000000000,4233.3200
22177,,24.2700000000000000,24.2700
22176,,100.4600000000000000,100.4600
22175,,1509.1650000000000000,3018.3300
22174,,1503.9150000000000000,3007.8300
22173,,1367.7662500000000000,2735.5325
22172,,1466.1512500000000000,2932.3025
22171,,1360.7762500000000000,2721.5525
22170,,1372.6662500000000000,2745.3325
22169,,78.9800000000000000,78.9800
22168,,1498.6600000000000000,2997.3200
22167,,123.9800000000000000,123.9800
22166,,69.9700000000000000,69.9700
22165,,191.2800000000000000,191.2800
22164,,563.7700000000000000,563.7700
22163,,37.2700000000000000,37.2700
22162,,69.9700000000000000,69.9700
22161,,71.9400000000000000,71.9400
22160,,37.2700000000000000,37.2700
22159,,32.2800000000000000,32.2800
22158,,37.2700000000000000,37.2700
22157,,32.2800000000000000,32.2800
22156,,69.9900000000000000,69.9900
22155,,69.9900000000000000,69.9900
22154,,36.9600000000000000,36.9600
22153,,548.9800000000000000,548.9800
22152,,1205.4700000000000000,1205.4700
22151,,133.4900000000000000,133.4900
22150,,69.9900000000000000,69.9900
22149,,123.9800000000000000,123.9800
22148,,69.9900000000000000,69.9900
22147,,69.9900000000000000,69.9900
22146,,37.2700000000000000,37.2700
22145,,37.2700000000000000,37.2700
22144,,89.9700000000000000,89.9700
22143,,39.9800000000000000,39.9800
22142,,71.9400000000000000,71.9400
22141,,166.2800000000000000,166.2800
22140,,1120.4900000000000000,1120.4900
22139,,548.9800000000000000,548.9800
22138,,37.2700000000000000,37.2700
22137,,1184.4600000000000000,1184.4600
22136,,553.9700000000000000,553.9700
22135,,574.9800000000000000,574.9800
22134,,144.4500000000000000,144.4500
22133,,556.2600000000000000,556.2600
22132,,562.9600000000000000,562.9600
22131,,561.4800000000000000,561.4800
22130,,574.9800000000000000,574.9800
22129,,574.9800000000000000,574.9800
22128,,2071.1150000000000000,4142.2300
22127,,89.9700000000000000,89.9700
22126,,34.9800000000000000,34.9800
22125,,34.9800000000000000,34.9800
22124,,34.9800000000000000,34.9800
22123,,29.9900000000000000,29.9900
22122,,94.4600000000000000,94.4600
22121,,2998.6650000000000000,5997.3300
22120,,2981.1700000000000000,5962.3400
22119,,563.7700000000000000,563.7700
22118,,2079.1200000000000000,4158.2400
22117,,2079.1200000000000000,4158.2400
22116,,563.7700000000000000,563.7700
22115,,624.9700000000000000,624.9700
22114,,2091.6150000000000000,4183.2300
22113,,588.9600000000000000,588.9600
22112,,3023.6600000000000000,6047.3200
22111,,1174.4800000000000000,1174.4800
22110,,34.9800000000000000,34.9800
22109,,2985.6650000000000000,5971.3300
22108,,84.9700000000000000,84.9700
22107,,71.9700000000000000,71.9700
22106,,553.9700000000000000,553.9700
22105,,45.2200000000000000,45.2200
22104,,553.9700000000000000,553.9700
22103,,69.9700000000000000,69.9700
22102,,84.9700000000000000,84.9700
22101,,32.2800000000000000,32.2800
22100,,90.9500000000000000,90.9500
22099,,563.7700000000000000,563.7700
22098,,69.9700000000000000,69.9700
22097,,61.9600000000000000,61.9600
22096,,133.4700000000000000,133.4700
22095,,141.9800000000000000,141.9800
22094,,539.9900000000000000,539.9900
22093,,588.9600000000000000,588.9600
22092,,563.7700000000000000,563.7700
22091,,548.9800000000000000,548.9800
22090,,32.2800000000000000,32.2800
22089,,553.9700000000000000,553.9700
22088,,570.4700000000000000,570.4700
22087,,94.4600000000000000,94.4600
22086,,29.9900000000000000,29.9900
22085,,34.9800000000000000,34.9800
22084,,69.9700000000000000,69.9700
22083,,154.9800000000000000,154.9800
22082,,574.9800000000000000,574.9800
22081,,29.9900000000000000,29.9900
22080,,56.9700000000000000,56.9700
22079,,24.2700000000000000,24.2700
22078,,563.7700000000000000,563.7700
22077,,29.9900000000000000,29.9900
22076,,65.9500000000000000,65.9500
22075,,144.4500000000000000,144.4500
22074,,553.9700000000000000,553.9700
22073,,74.4600000000000000,74.4600
22072,,617.4700000000000000,617.4700
22071,,73.9600000000000000,73.9600
22070,,14.9800000000000000,14.9800
22069,,22.9300000000000000,22.9300
22068,,23.9700000000000000,23.9700
22067,,539.9900000000000000,539.9900
22066,,539.9900000000000000,539.9900
22065,,69.9900000000000000,69.9900
22064,,69.9900000000000000,69.9900
22063,,78.9800000000000000,78.9800
22062,,1120.4900000000000000,1120.4900
22061,,1145.4800000000000000,1145.4800
22060,,37.2700000000000000,37.2700
22059,,7.2800000000000000,7.2800
22058,,2059.1300000000000000,4118.2600
22057,,69.9700000000000000,69.9700
22056,,34.9800000000000000,34.9800
22055,,23.9700000000000000,23.9700
22054,,563.7700000000000000,563.7700
22053,,9.9900000000000000,9.9900
22052,,14.9800000000000000,14.9800
22051,,49.9700000000000000,49.9700
22050,,2080.2650000000000000,4160.5300
22049,,14.9800000000000000,14.9800
22048,,548.9800000000000000,548.9800
22047,,23.9700000000000000,23.9700
22046,,563.7700000000000000,563.7700
22045,,561.9200000000000000,561.9200
22044,,607.9600000000000000,607.9600
22043,,588.9600000000000000,588.9600
22042,,539.9900000000000000,539.9900
22041,,2083.6150000000000000,4167.2300
22040,,37.2700000000000000,37.2700
22039,,34.9800000000000000,34.9800
22038,,84.9500000000000000,84.9500
22037,,45.2200000000000000,45.2200
22036,,1155.4800000000000000,1155.4800
22035,,69.9700000000000000,69.9700
22034,,14.9800000000000000,14.9800
22033,,1958.7712500000000000,3917.5425
22032,,1941.2762500000000000,3882.5525
22031,,1948.2662500000000000,3896.5325
22030,,2072.1700000000000000,4144.3400
22029,,30.9700000000000000,30.9700
22028,,69.9900000000000000,69.9900
22027,,59.9800000000000000,59.9800
22026,,39.9800000000000000,39.9800
22025,,14.9800000000000000,14.9800
22024,,23.9700000000000000,23.9700
22023,,78.9600000000000000,78.9600
22022,,49.9700000000000000,49.9700
22021,,23.9700000000000000,23.9700
22020,,56.9700000000000000,56.9700
22019,,7.2800000000000000,7.2800
22018,,76.9700000000000000,76.9700
22017,,69.9900000000000000,69.9900
22016,,574.9800000000000000,574.9800
22015,,4.9900000000000000,4.9900
22014,,40.1000000000000000,80.2000
22013,,565.4700000000000000,565.4700
22012,,14.9800000000000000,14.9800
22011,,68.9700000000000000,68.9700
22010,,49.9700000000000000,49.9700
22009,,9.9900000000000000,9.9900
22008,,2070.6150000000000000,4141.2300
22007,,44.9800000000000000,44.9800
22006,,42.2800000000000000,42.2800
22005,,135.4600000000000000,135.4600
22004,,1958.7712500000000000,3917.5425
22003,,56.9700000000000000,56.9700
22002,,78.9800000000000000,78.9800
22001,,74.9800000000000000,74.9800
22000,,2331.8962500000000000,4663.7925
21999,,2460.8450000000000000,4921.6900
21998,,56.9800000000000000,56.9800
21997,,39.9900000000000000,39.9900
21996,,1973.2612500000000000,3946.5225
21995,,37.2900000000000000,37.2900
21994,,2329.9512500000000000,4659.9025
21993,,74.9800000000000000,74.9800
21992,,184.2600000000000000,184.2600
21991,,121.4500000000000000,121.4500
21990,,99.4700000000000000,99.4700
21989,,35.0000000000000000,35.0000
21988,,35.0000000000000000,35.0000
21987,,2319.4462500000000000,4638.8925
21986,,1941.2762500000000000,3882.5525
21985,,1968.2712500000000000,3936.5425
21984,,2087.8050000000000000,4175.6100
21983,,2072.1700000000000000,4144.3400
21982,,1941.2762500000000000,3882.5525
21981,,75.9700000000000000,75.9700
21980,,2167.3050000000000000,4334.6100
21979,,1968.2712500000000000,3936.5425
21978,,37.2900000000000000,37.2900
21977,,74.9800000000000000,74.9800
21976,,2099.1650000000000000,4198.3300
21975,,85.4800000000000000,85.4800
21974,,2462.5850000000000000,4925.1700
21973,,56.9700000000000000,56.9700
21972,,40.2300000000000000,40.2300
21971,,32.2800000000000000,32.2800
21970,,32.2800000000000000,32.2800
21969,,2379.7362500000000000,4759.4725
21968,,2361.4412500000000000,4722.8825
21967,,123.9600000000000000,123.9600
21966,,2329.9512500000000000,4659.9025
21965,,99.4700000000000000,99.4700
21964,,103.4900000000000000,103.4900
21963,,39.9900000000000000,39.9900
21962,,35.0000000000000000,35.0000
21961,,42.2800000000000000,42.2800
21960,,39.9900000000000000,39.9900
21959,,2351.1962500000000000,4702.3925
21958,,2348.2462500000000000,4696.4925
21957,,2459.6500000000000000,4919.3000
21956,,2316.4312500000000000,4632.8625
21955,,2450.3400000000000000,4900.6800
21954,,35.0000000000000000,35.0000
21953,,35.0000000000000000,35.0000
21952,,99.4700000000000000,99.4700
21951,,2461.6450000000000000,4923.2900
21950,,2450.3400000000000000,4900.6800
21949,,2329.9512500000000000,4659.9025
21948,,2443.3500000000000000,4886.7000
21947,,2316.4312500000000000,4632.8625
21946,,2329.9012500000000000,4659.8025
21945,,2443.3500000000000000,4886.7000
21944,,2356.9462500000000000,4713.8925
21943,,2312.4562500000000000,4624.9125
21942,,574.9800000000000000,574.9800
21941,,1174.4800000000000000,1174.4800
21940,,571.7200000000000000,571.7200
21939,,2081.6200000000000000,4163.2400
21938,,14.9800000000000000,14.9800
21937,,1134.4700000000000000,1134.4700
21936,,99.9600000000000000,99.9600
21935,,39.4700000000000000,39.4700
21934,,9.9900000000000000,9.9900
21933,,49.9700000000000000,49.9700
21932,,1158.4600000000000000,1158.4600
21931,,1120.4900000000000000,1120.4900
21930,,1233.9600000000000000,1233.9600
21929,,1183.4700000000000000,1183.4700
21928,,1170.4800000000000000,1170.4800
21927,,1145.4800000000000000,1145.4800
21926,,1198.9700000000000000,1198.9700
21925,,7.2800000000000000,7.2800
21924,,1120.4900000000000000,1120.4900
21923,,1120.4900000000000000,1120.4900
21922,,1120.4900000000000000,1120.4900
21921,,2071.3750000000000000,4142.7500
21920,,1184.4600000000000000,1184.4600
21919,,1120.4900000000000000,1120.4900
21918,,68.9700000000000000,68.9700
21917,,69.9700000000000000,69.9700
21916,,39.9800000000000000,39.9800
21915,,570.4700000000000000,570.4700
21914,,39.9800000000000000,39.9800
21913,,60.4700000000000000,60.4700
21912,,574.9800000000000000,574.9800
21911,,27.7700000000000000,27.7700
21910,,1174.4800000000000000,1174.4800
21909,,563.7700000000000000,563.7700
21908,,64.9700000000000000,64.9700
21907,,14.9800000000000000,14.9800
21906,,14.9800000000000000,14.9800
21905,,14.9800000000000000,14.9800
21904,,75.9700000000000000,75.9700
21903,,548.9800000000000000,548.9800
21902,,23.9700000000000000,23.9700
21901,,14.9800000000000000,14.9800
21900,,69.9700000000000000,69.9700
21899,,2331.8962500000000000,4663.7925
21898,,74.9800000000000000,74.9800
21897,,2454.8350000000000000,4909.6700
21896,,74.9800000000000000,74.9800
21895,,2328.7562500000000000,4657.5125
21894,,2312.4562500000000000,4624.9125
21893,,2331.8962500000000000,4663.7925
21892,,2460.8450000000000000,4921.6900
21891,,2460.8450000000000000,4921.6900
21890,,39.9900000000000000,39.9900
21889,,2312.4562500000000000,4624.9125
21888,,2462.7900000000000000,4925.5800
21887,,39.9900000000000000,39.9900
21886,,2348.2462500000000000,4696.4925
21885,,2320.9262500000000000,4641.8525
21884,,74.9800000000000000,74.9800
21883,,42.2800000000000000,42.2800
21882,,2443.3500000000000000,4886.7000
21881,,128.9700000000000000,128.9700
21880,,39.9900000000000000,39.9900
21879,,35.0000000000000000,35.0000
21878,,2331.8962500000000000,4663.7925
21877,,2312.4562500000000000,4624.9125
21876,,2331.6912500000000000,4663.3825
21875,,2460.8450000000000000,4921.6900
21874,,2319.4462500000000000,4638.8925
21873,,2330.7512500000000000,4661.5025
21872,,34.9800000000000000,34.9800
21871,,29.9900000000000000,29.9900
21870,,72.9600000000000000,72.9600
21869,,4.9900000000000000,4.9900
21868,,4.9900000000000000,4.9900
21867,,13.9800000000000000,13.9800
21866,,4.9900000000000000,4.9900
21865,,148.9800000000000000,148.9800
21864,,28.9800000000000000,28.9800
21863,,39.9800000000000000,39.9800
21862,,13.9800000000000000,13.9800
21861,,39.9800000000000000,39.9800
21860,,4.9900000000000000,4.9900
21859,,4.9900000000000000,4.9900
21858,,2492.3200000000000000,2492.3200
21857,,2487.3300000000000000,2487.3300
21856,,24.9900000000000000,24.9900
21855,,579.9700000000000000,579.9700
21854,,24.9900000000000000,24.9900
21853,,89.9700000000000000,89.9700
21852,,4.9900000000000000,4.9900
21851,,4.9900000000000000,4.9900
21850,,4.9900000000000000,4.9900
21849,,39.9800000000000000,39.9800
21848,,564.9900000000000000,564.9900
21847,,187.9800000000000000,187.9800
21846,,39.9800000000000000,39.9800
21845,,4.9900000000000000,4.9900
21844,,39.9800000000000000,39.9800
21843,,13.9800000000000000,13.9800
21842,,48.9700000000000000,48.9700
21841,,24.9900000000000000,24.9900
21840,,31.2700000000000000,31.2700
21839,,92.4800000000000000,92.4800
21838,,4.9900000000000000,4.9900
21837,,68.4900000000000000,68.4900
21836,,4.9900000000000000,4.9900
21835,,2360.9500000000000000,2360.9500
21834,,58.9800000000000000,58.9800
21833,,2294.9900000000000000,2294.9900
21832,,39.9800000000000000,39.9800
21831,,34.9800000000000000,34.9800
21830,,539.9900000000000000,539.9900
21829,,63.9700000000000000,63.9700
21828,,2322.2800000000000000,2322.2800
21827,,2354.9800000000000000,2354.9800
21826,,12.9400000000000000,12.9400
21825,,4.9900000000000000,4.9900
21824,,27.2800000000000000,27.2800
21823,,4.9900000000000000,4.9900
21822,,564.9900000000000000,564.9900
21821,,48.9700000000000000,48.9700
21820,,38.9800000000000000,38.9800
21819,,32.2800000000000000,32.2800
21818,,191.2800000000000000,191.2800
21817,,791.4700000000000000,791.4700
21816,,83.4700000000000000,83.4700
21815,,64.4700000000000000,64.4700
21814,,14.9800000000000000,14.9800
21813,,2059.1300000000000000,4118.2600
21812,,1155.4800000000000000,1155.4800
21811,,17.2700000000000000,17.2700
21810,,562.9600000000000000,562.9600
21809,,49.9700000000000000,49.9700
21808,,1155.4800000000000000,1155.4800
21807,,1120.4900000000000000,1120.4900
21806,,14.9800000000000000,14.9800
21805,,49.9700000000000000,49.9700
21804,,14.9800000000000000,14.9800
21803,,39.9800000000000000,39.9800
21802,,77.9600000000000000,77.9600
21801,,44.9800000000000000,44.9800
21800,,64.9700000000000000,64.9700
21799,,23.9700000000000000,23.9700
21798,,1174.4800000000000000,1174.4800
21797,,1155.4800000000000000,1155.4800
21796,,59.9800000000000000,59.9800
21795,,613.4500000000000000,613.4500
21794,,1179.9700000000000000,1179.9700
21793,,1155.4800000000000000,1155.4800
21792,,114.4600000000000000,114.4600
21791,,574.9800000000000000,574.9800
21790,,74.4600000000000000,74.4600
21789,,14.9800000000000000,14.9800
21788,,1120.4900000000000000,1120.4900
21787,,17.2700000000000000,17.2700
21786,,119.9600000000000000,119.9600
21785,,1155.4800000000000000,1155.4800
21784,,49.9700000000000000,49.9700
21783,,49.9700000000000000,49.9700
21782,,49.9700000000000000,49.9700
21781,,1174.4800000000000000,1174.4800
21780,,77.9200000000000000,77.9200
21779,,14.9800000000000000,14.9800
21778,,14.9800000000000000,14.9800
21777,,180.9800000000000000,180.9800
21776,,23.9700000000000000,23.9700
21775,,69.9700000000000000,69.9700
21774,,49.9700000000000000,49.9700
21773,,14.9800000000000000,14.9800
21772,,23.9700000000000000,23.9700
21771,,22.9300000000000000,22.9300
21770,,23.9700000000000000,23.9700
21769,,603.4900000000000000,603.4900
21768,,2059.1300000000000000,4118.2600
21767,,124.4500000000000000,124.4500
21766,,539.9900000000000000,539.9900
21765,,78.4800000000000000,78.4800
21764,,7.2800000000000000,7.2800
21763,,49.9700000000000000,49.9700
21762,,78.9600000000000000,78.9600
21761,,134.9800000000000000,134.9800
21760,,49.9700000000000000,49.9700
21759,,64.4700000000000000,64.4700
21758,,14.9800000000000000,14.9800
21757,,74.4600000000000000,74.4600
21756,,553.9700000000000000,553.9700
21755,,14.9800000000000000,14.9800
21754,,14.9800000000000000,14.9800
21753,,78.4800000000000000,78.4800
21752,,7.2800000000000000,7.2800
21751,,49.9700000000000000,49.9700
21750,,68.9700000000000000,68.9700
21749,,1155.4800000000000000,1155.4800
21748,,600.4600000000000000,600.4600
21747,,539.9900000000000000,539.9900
21746,,1174.4800000000000000,1174.4800
21745,,71.9500000000000000,71.9500
21744,,49.9700000000000000,49.9700
21743,,49.9700000000000000,49.9700
21742,,30.9700000000000000,30.9700
21741,,2063.6250000000000000,4127.2500
21740,,131.4400000000000000,131.4400
21739,,37.2700000000000000,37.2700
21738,,69.9700000000000000,69.9700
21737,,60.4700000000000000,60.4700
21736,,94.9700000000000000,94.9700
21735,,94.4600000000000000,94.4600
21734,,14.9800000000000000,14.9800
21733,,14.9800000000000000,14.9800
21732,,83.4700000000000000,83.4700
21731,,14.9800000000000000,14.9800
21730,,17.2700000000000000,17.2700
21729,,49.9700000000000000,49.9700
21728,,1205.4700000000000000,1205.4700
21727,,2066.1200000000000000,4132.2400
21726,,41.9500000000000000,41.9500
21725,,4.9900000000000000,4.9900
21724,,14.9800000000000000,14.9800
21723,,1205.4700000000000000,1205.4700
21722,,14.9800000000000000,14.9800
21721,,14.9800000000000000,14.9800
21720,,14.9800000000000000,14.9800
21719,,99.9600000000000000,99.9600
21718,,22.9300000000000000,22.9300
21717,,44.9800000000000000,44.9800
21716,,14.9800000000000000,14.9800
21715,,14.9800000000000000,14.9800
21714,,64.9700000000000000,64.9700
21713,,14.9800000000000000,14.9800
21712,,68.9700000000000000,68.9700
21711,,1179.9700000000000000,1179.9700
21710,,2093.6150000000000000,4187.2300
21709,,1155.4800000000000000,1155.4800
21708,,49.9700000000000000,49.9700
21707,,14.9800000000000000,14.9800
21706,,99.9600000000000000,99.9600
21705,,49.9700000000000000,49.9700
21704,,1151.7600000000000000,1151.7600
21703,,21.9800000000000000,43.9600
21702,,45.9700000000000000,91.9400
21701,,77.9200000000000000,77.9200
21700,,1174.4800000000000000,1174.4800
21699,,1158.9600000000000000,1158.9600
21698,,14.9800000000000000,14.9800
21697,,14.9800000000000000,14.9800
21696,,68.9700000000000000,68.9700
21695,,1169.4600000000000000,1169.4600
21694,,49.9700000000000000,49.9700
21693,,44.9800000000000000,44.9800
21692,,14.9800000000000000,14.9800
21691,,39.9800000000000000,39.9800
21690,,93.9700000000000000,93.9700
21689,,14.9800000000000000,14.9800
21688,,14.9800000000000000,14.9800
21687,,23.9700000000000000,23.9700
21686,,9.9900000000000000,9.9900
21685,,1205.4700000000000000,1205.4700
21684,,60.4700000000000000,60.4700
21683,,1779.4700000000000000,1779.4700
21682,,7.2800000000000000,7.2800
21681,,799.4200000000000000,799.4200
21680,,48.9700000000000000,48.9700
21679,,1700.9900000000000000,1700.9900
21678,,42.9300000000000000,42.9300
21677,,21.4900000000000000,21.4900
21676,,23.7800000000000000,23.7800
21675,,99.9600000000000000,99.9600
21674,,4.9900000000000000,4.9900
21673,,638.9500000000000000,638.9500
21672,,1155.4800000000000000,1155.4800
21671,,628.9700000000000000,628.9700
21670,,147.7700000000000000,147.7700
21669,,1241.9900000000000000,2483.9800
21668,,1259.4850000000000000,2518.9700
21667,,819.4800000000000000,819.4800
21666,,828.4700000000000000,828.4700
21665,,553.9700000000000000,553.9700
21664,,60.4700000000000000,60.4700
21663,,39.9800000000000000,39.9800
21662,,21.4900000000000000,21.4900
21661,,58.9800000000000000,58.9800
21660,,1134.4700000000000000,1134.4700
21659,,2071.8700000000000000,4143.7400
21658,,1320.9448000000000000,2641.8896
21657,,14.9800000000000000,14.9800
21656,,56.9700000000000000,56.9700
21655,,1324.0341000000000000,2648.0682
21654,,603.9600000000000000,603.9600
21653,,588.9600000000000000,588.9600
21652,,1323.0291000000000000,2646.0582
21651,,608.9600000000000000,608.9600
21650,,553.9700000000000000,553.9700
21649,,553.9700000000000000,553.9700
21648,,548.9800000000000000,548.9800
21647,,608.9600000000000000,608.9600
21646,,563.7700000000000000,563.7700
21645,,1183.4700000000000000,1183.4700
21644,,1145.4800000000000000,1145.4800
21643,,1170.4800000000000000,1170.4800
21642,,1310.1998000000000000,2620.3996
21641,,1120.4900000000000000,1120.4900
21640,,123.9600000000000000,123.9600
21639,,9.9900000000000000,9.9900
21638,,1170.4800000000000000,1170.4800
21637,,1155.4800000000000000,1155.4800
21636,,14.9800000000000000,14.9800
21635,,73.9600000000000000,73.9600
21634,,49.9700000000000000,49.9700
21633,,64.9800000000000000,64.9800
21632,,14.9800000000000000,14.9800
21631,,7.2800000000000000,7.2800
21630,,14.9800000000000000,14.9800
21629,,1312.0391000000000000,2624.0782
21628,,77.9600000000000000,77.9600
21627,,17.2700000000000000,17.2700
21626,,134.9800000000000000,134.9800
21625,,68.9700000000000000,68.9700
21624,,49.9700000000000000,49.9700
21623,,9.9900000000000000,9.9900
21622,,1306.0291000000000000,2612.0582
21621,,1308.4291000000000000,2616.8582
21620,,1310.1998000000000000,2620.3996
21619,,556.2600000000000000,556.2600
21618,,1305.5341000000000000,2611.0682
21617,,14.9800000000000000,14.9800
21616,,68.9700000000000000,68.9700
21615,,1155.4800000000000000,1155.4800
21614,,1294.5441000000000000,2589.0882
21613,,1305.2891000000000000,2610.5782
21612,,14.9800000000000000,14.9800
21611,,617.4700000000000000,617.4700
21610,,548.9800000000000000,548.9800
21609,,553.9700000000000000,553.9700
21608,,574.9800000000000000,574.9800
21607,,1120.4900000000000000,1120.4900
21606,,1155.4800000000000000,1155.4800
21605,,1179.4700000000000000,1179.4700
21604,,1179.9700000000000000,1179.9700
21603,,567.7600000000000000,567.7600
21602,,548.9800000000000000,548.9800
21601,,589.9600000000000000,589.9600
21600,,563.7700000000000000,563.7700
21599,,1170.4800000000000000,1170.4800
21598,,1120.4900000000000000,1120.4900
21597,,561.4800000000000000,561.4800
21596,,1155.4800000000000000,1155.4800
21595,,1324.7791000000000000,2649.5582
21594,,1169.9700000000000000,1169.9700
21593,,1155.4800000000000000,1155.4800
21592,,23.9700000000000000,23.9700
21591,,69.9700000000000000,69.9700
21590,,1169.4600000000000000,1169.4600
21589,,1294.5441000000000000,2589.0882
21588,,1174.4800000000000000,1174.4800
21587,,1155.4800000000000000,1155.4800
21586,,1120.4900000000000000,1120.4900
21585,,1179.9700000000000000,1179.9700
21584,,1155.4800000000000000,1155.4800
21583,,1214.4600000000000000,1214.4600
21582,,1319.0291000000000000,2638.0582
21581,,24.2700000000000000,24.2700
21580,,44.9100000000000000,44.9100
21579,,14.9800000000000000,14.9800
21578,,17.2700000000000000,17.2700
21577,,39.9800000000000000,39.9800
21576,,548.9800000000000000,548.9800
21575,,548.9800000000000000,548.9800
21574,,124.4500000000000000,124.4500
21573,,61.9700000000000000,61.9700
21572,,2329.9512500000000000,4659.9025
21571,,2312.4562500000000000,4624.9125
21570,,2352.7412500000000000,4705.4825
21569,,2480.0800000000000000,4960.1600
21568,,2329.9012500000000000,4659.8025
21567,,2486.6400000000000000,4973.2800
21566,,42.2800000000000000,42.2800
21565,,48.9800000000000000,48.9800
21564,,74.9800000000000000,74.9800
21563,,39.9900000000000000,39.9900
21562,,2316.4312500000000000,4632.8625
21561,,2473.8900000000000000,4947.7800
21560,,2351.1962500000000000,4702.3925
21559,,2450.3400000000000000,4900.6800
21558,,2459.6500000000000000,4919.3000
21557,,2443.3500000000000000,4886.7000
21556,,2465.3400000000000000,4930.6800
21555,,2357.7462500000000000,4715.4925
21554,,74.9800000000000000,74.9800
21553,,2333.2512500000000000,4666.5025
21552,,2312.4562500000000000,4624.9125
21551,,29.9900000000000000,29.9900
21550,,58.9800000000000000,58.9800
21549,,98.9600000000000000,98.9600
21548,,36.9300000000000000,36.9300
21547,,72.9600000000000000,72.9600
21546,,4.9900000000000000,4.9900
21545,,815.7300000000000000,1631.4600
21544,,29.9800000000000000,29.9800
21543,,37.2700000000000000,37.2700
21542,,2329.9800000000000000,2329.9800
21541,,149.9800000000000000,149.9800
21540,,801.2350000000000000,1602.4700
21539,,34.9800000000000000,34.9800
21538,,2369.9600000000000000,2369.9600
21537,,2319.9900000000000000,2319.9900
21536,,78.9600000000000000,78.9600
21535,,69.9700000000000000,69.9700
21534,,811.2250000000000000,1622.4500
21533,,40.2200000000000000,40.2200
21532,,2399.9500000000000000,2399.9500
21531,,56.9600000000000000,56.9600
21530,,128.9500000000000000,128.9500
21529,,29.9900000000000000,29.9900
21528,,34.9800000000000000,34.9800
21527,,2294.9900000000000000,2294.9900
21526,,29.9900000000000000,29.9900
21525,,32.2700000000000000,32.2700
21524,,114.9600000000000000,114.9600
21523,,38.9800000000000000,38.9800
21522,,123.9600000000000000,123.9600
21521,,42.9300000000000000,42.9300
21520,,32.2700000000000000,32.2700
21519,,69.9700000000000000,69.9700
21518,,144.4500000000000000,144.4500
21517,,1586.4850000000000000,3172.9700
21516,,1551.1250000000000000,3102.2500
21515,,49.4800000000000000,49.4800
21514,,69.9700000000000000,69.9700
21513,,119.9600000000000000,119.9600
21512,,24.9900000000000000,24.9900
21511,,32.2700000000000000,32.2700
21510,,128.9500000000000000,128.9500
21509,,1558.9800000000000000,3117.9600
21508,,1576.4750000000000000,3152.9500
21507,,24.9900000000000000,24.9900
21506,,2369.9600000000000000,2369.9600
21505,,2354.9800000000000000,2354.9800
21504,,1155.4800000000000000,1155.4800
21503,,49.9700000000000000,49.9700
21502,,49.9700000000000000,49.9700
21501,,1330.6998000000000000,2661.3996
21500,,22.9300000000000000,22.9300
21499,,99.9600000000000000,99.9600
21498,,134.9800000000000000,134.9800
21497,,89.4600000000000000,89.4600
21496,,14.9800000000000000,14.9800
21495,,23.9700000000000000,23.9700
21494,,7.2800000000000000,7.2800
21493,,68.9700000000000000,68.9700
21492,,14.9800000000000000,14.9800
21491,,1174.4800000000000000,1174.4800
21490,,7.2800000000000000,7.2800
21489,,7.2800000000000000,7.2800
21488,,638.9500000000000000,638.9500
21487,,548.9800000000000000,548.9800
21486,,1155.4800000000000000,1155.4800
21485,,1149.4700000000000000,1149.4700
21484,,1120.4900000000000000,1120.4900
21483,,1205.4700000000000000,1205.4700
21482,,1129.4800000000000000,1129.4800
21481,,9.9900000000000000,9.9900
21480,,39.9800000000000000,39.9800
21479,,1149.4700000000000000,1149.4700
21478,,1155.4800000000000000,1155.4800
21477,,23.9700000000000000,23.9700
21476,,1197.4100000000000000,1197.4100
21475,,1147.7700000000000000,1147.7700
21474,,44.9800000000000000,44.9800
21473,,78.4800000000000000,78.4800
21472,,49.9700000000000000,49.9700
21471,,31.9700000000000000,31.9700
21470,,562.9600000000000000,562.9600
21469,,588.9600000000000000,588.9600
21468,,64.9800000000000000,64.9800
21467,,23.9700000000000000,23.9700
21466,,556.2600000000000000,556.2600
21465,,574.9800000000000000,574.9800
21464,,76.9700000000000000,76.9700
21463,,23.9700000000000000,23.9700
21462,,49.9700000000000000,49.9700
21461,,141.9800000000000000,141.9800
21460,,14.9800000000000000,14.9800
21459,,14.9800000000000000,14.9800
21458,,49.9700000000000000,49.9700
21457,,69.9700000000000000,69.9700
21456,,103.9600000000000000,103.9600
21455,,14.9800000000000000,14.9800
21454,,9.9900000000000000,9.9900
21453,,36.9600000000000000,36.9600
21452,,49.9700000000000000,49.9700
21451,,23.9700000000000000,23.9700
21450,,59.9800000000000000,59.9800
21449,,14.9800000000000000,14.9800
21448,,564.4800000000000000,564.4800
21447,,21.9800000000000000,21.9800
21446,,54.9800000000000000,54.9800
21445,,113.4700000000000000,113.4700
21444,,22.9300000000000000,22.9300
21443,,49.9700000000000000,49.9700
21442,,14.9800000000000000,14.9800
21441,,7.2800000000000000,7.2800
21440,,562.9600000000000000,562.9600
21439,,539.9900000000000000,539.9900
21438,,561.4800000000000000,561.4800
21437,,1136.7600000000000000,1136.7600
21436,,1193.9500000000000000,1193.9500
21435,,1170.4800000000000000,1170.4800
21434,,1183.4700000000000000,1183.4700
21433,,68.9700000000000000,68.9700
21432,,14.9800000000000000,14.9800
21431,,56.9700000000000000,56.9700
21430,,74.4600000000000000,74.4600
21429,,1174.4800000000000000,1174.4800
21428,,1155.4800000000000000,1155.4800
21427,,1155.4800000000000000,1155.4800
21426,,1149.4700000000000000,1149.4700
21425,,9.9900000000000000,9.9900
21424,,1170.4800000000000000,1170.4800
21423,,1444.2791000000000000,2888.5582
21422,,1184.4600000000000000,1184.4600
21421,,99.9600000000000000,99.9600
21420,,78.4800000000000000,78.4800
21419,,64.9700000000000000,64.9700
21418,,2329.9512500000000000,4659.9025
21417,,1155.4800000000000000,1155.4800
21416,,1155.4800000000000000,1155.4800
21415,,49.9700000000000000,49.9700
21414,,14.9800000000000000,14.9800
21413,,14.9800000000000000,14.9800
21412,,59.9800000000000000,59.9800
21411,,1147.7700000000000000,1147.7700
21410,,1155.4800000000000000,1155.4800
21409,,35.0000000000000000,35.0000
21408,,2312.4562500000000000,4624.9125
21407,,42.2800000000000000,42.2800
21406,,74.9800000000000000,74.9800
21405,,74.9800000000000000,74.9800
21404,,2342.1962500000000000,4684.3925
21403,,2447.8450000000000000,4895.6900
21402,,2312.4562500000000000,4624.9125
21401,,1174.4800000000000000,1174.4800
21400,,1344.4448000000000000,2688.8896
21399,,9.9900000000000000,9.9900
21398,,23.9700000000000000,23.9700
21397,,49.9700000000000000,49.9700
21396,,1170.4800000000000000,1170.4800
21395,,98.9700000000000000,98.9700
21394,,2328.7562500000000000,4657.5125
21393,,2462.5850000000000000,4925.1700
21392,,29.9900000000000000,29.9900
21391,,29.9900000000000000,29.9900
21390,,32.2800000000000000,32.2800
21389,,1385.2612500000000000,2770.5225
21388,,1179.4700000000000000,1179.4700
21387,,1372.6662500000000000,2745.3325
21386,,539.9900000000000000,539.9900
21385,,608.9600000000000000,608.9600
21384,,1460.5112500000000000,2921.0225
21383,,69.9900000000000000,69.9900
21382,,69.9900000000000000,69.9900
21381,,69.9900000000000000,69.9900
21380,,1367.7662500000000000,2735.5325
21379,,1496.1650000000000000,2992.3300
21378,,78.9800000000000000,78.9800
21377,,69.9900000000000000,69.9900
21376,,4.9900000000000000,4.9900
21375,,39.9800000000000000,39.9800
21374,,7.2800000000000000,7.2800
21373,,15.2300000000000000,15.2300
21372,,74.9600000000000000,74.9600
21371,,7.2800000000000000,7.2800
21370,,39.9800000000000000,39.9800
21369,,1155.4800000000000000,1155.4800
21368,,14.9800000000000000,14.9800
21367,,7.2800000000000000,7.2800
21366,,39.9800000000000000,39.9800
21365,,7.2800000000000000,7.2800
21364,,7.2800000000000000,7.2800
21363,,4.9900000000000000,4.9900
21362,,93.9700000000000000,93.9700
21361,,1498.6600000000000000,2997.3200
21360,,93.9700000000000000,93.9700
21359,,1516.1550000000000000,3032.3100
21358,,9.9900000000000000,9.9900
21357,,1205.4700000000000000,1205.4700
21356,,1174.4800000000000000,1174.4800
21355,,1184.4600000000000000,1184.4600
21354,,1323.1998000000000000,2646.3996
21353,,44.9800000000000000,44.9800
21352,,1312.6948000000000000,2625.3896
21351,,17.2700000000000000,17.2700
21350,,69.9700000000000000,69.9700
21349,,1494.6898000000000000,2989.3796
21348,,2196.0091000000000000,4392.0182
21347,,4.9900000000000000,4.9900
21346,,14.9800000000000000,14.9800
21345,,29.9300000000000000,29.9300
21344,,1155.4800000000000000,1155.4800
21343,,1170.4800000000000000,1170.4800
21342,,1155.4800000000000000,1155.4800
21341,,14.9800000000000000,14.9800
21340,,22.9300000000000000,22.9300
21339,,39.9800000000000000,39.9800
21338,,23.9700000000000000,23.9700
21337,,49.9700000000000000,49.9700
21336,,1314.1748000000000000,2628.3496
21335,,1183.4700000000000000,1183.4700
21334,,1155.4800000000000000,1155.4800
21333,,1174.4800000000000000,1174.4800
21332,,1308.4291000000000000,2616.8582
21331,,1335.4448000000000000,2670.8896
21330,,1120.4900000000000000,1120.4900
21329,,1179.4700000000000000,1179.4700
21328,,49.9700000000000000,49.9700
21327,,1120.4900000000000000,1120.4900
21326,,1179.9700000000000000,1179.9700
21325,,69.9700000000000000,69.9700
21324,,68.9700000000000000,68.9700
21323,,1120.4900000000000000,1120.4900
21322,,14.9800000000000000,14.9800
21321,,49.9700000000000000,49.9700
21320,,99.9600000000000000,99.9600
21319,,23.9700000000000000,23.9700
21318,,36.9600000000000000,36.9600
21317,,108.9500000000000000,108.9500
21316,,68.9700000000000000,68.9700
21315,,1189.4600000000000000,1189.4600
21314,,9.9900000000000000,9.9900
21313,,1155.4800000000000000,1155.4800
21312,,94.9700000000000000,94.9700
21311,,2236.2891000000000000,4472.5782
21310,,1120.4900000000000000,1120.4900
21309,,1183.4700000000000000,1183.4700
21308,,81.4600000000000000,81.4600
21307,,23.9700000000000000,23.9700
21306,,4.9900000000000000,4.9900
21305,,1602.2891000000000000,3204.5782
21304,,23.9700000000000000,23.9700
21303,,68.9700000000000000,68.9700
21302,,69.9700000000000000,69.9700
21301,,14.9800000000000000,14.9800
21300,,1120.4900000000000000,1120.4900
21299,,78.4800000000000000,78.4800
21298,,93.4600000000000000,93.4600
21297,,1735.9800000000000000,1735.9800
21296,,99.9600000000000000,99.9600
21295,,56.9700000000000000,56.9700
21294,,9.9900000000000000,9.9900
21293,,1763.9700000000000000,1763.9700
21292,,14.9800000000000000,14.9800
21291,,1735.9800000000000000,1735.9800
21290,,23.9700000000000000,23.9700
21289,,1763.9700000000000000,1763.9700
21288,,14.9800000000000000,14.9800
21287,,44.9800000000000000,44.9800
21286,,68.9700000000000000,68.9700
21285,,14.9800000000000000,14.9800
21284,,1611.7891000000000000,3223.5782
21283,,124.9400000000000000,124.9400
21282,,1120.4900000000000000,1120.4900
21281,,1129.4800000000000000,1129.4800
21280,,39.4700000000000000,39.4700
21279,,4.9900000000000000,4.9900
21278,,14.9800000000000000,14.9800
21277,,4.9900000000000000,4.9900
21276,,39.9800000000000000,39.9800
21275,,1151.7600000000000000,1151.7600
21274,,1197.9700000000000000,1197.9700
21273,,14.9800000000000000,14.9800
21272,,2217.6898000000000000,4435.3796
21271,,1728.2700000000000000,1728.2700
21270,,78.4800000000000000,78.4800
21269,,1735.9800000000000000,1735.9800
21268,,1725.9800000000000000,1725.9800
21267,,1735.9800000000000000,1735.9800
21266,,2262.5341000000000000,4525.0682
21265,,1729.9700000000000000,1729.9700
21264,,1120.4900000000000000,1120.4900
21263,,4.9900000000000000,4.9900
21262,,68.9700000000000000,68.9700
21261,,69.9700000000000000,69.9700
21260,,14.9800000000000000,14.9800
21259,,1953.7712500000000000,3907.5425
21258,,1968.2712500000000000,3936.5425
21257,,2072.1700000000000000,4144.3400
21256,,1958.7712500000000000,3917.5425
21255,,32.2800000000000000,32.2800
21254,,89.9700000000000000,89.9700
21253,,1155.4800000000000000,1155.4800
21252,,47.2250000000000000,94.4500
21251,,95.6350000000000000,191.2700
21250,,14.9800000000000000,14.9800
21249,,69.9700000000000000,69.9700
21248,,34.9800000000000000,34.9800
21247,,14.9800000000000000,14.9800
21246,,1194.9700000000000000,1194.9700
21245,,22.9300000000000000,22.9300
21244,,49.9700000000000000,49.9700
21243,,14.9800000000000000,14.9800
21242,,78.9800000000000000,78.9800
21241,,78.9800000000000000,78.9800
21240,,119.9800000000000000,119.9800
21239,,7.2800000000000000,7.2800
21238,,19.7750000000000000,39.5500
21237,,69.9900000000000000,69.9900
21236,,77.9200000000000000,77.9200
21235,,1134.4700000000000000,1134.4700
21234,,119.9800000000000000,119.9800
21233,,119.9800000000000000,119.9800
21232,,39.9800000000000000,39.9800
21231,,1968.2712500000000000,3936.5425
21230,,2085.8100000000000000,4171.6200
21229,,2099.1650000000000000,4198.3300
21228,,1968.2712500000000000,3936.5425
21227,,26.9700000000000000,26.9700
21226,,2329.9012500000000000,4659.8025
21225,,2366.4312500000000000,4732.8625
21224,,42.2800000000000000,42.2800
21223,,56.9800000000000000,56.9800
21222,,1968.2712500000000000,3936.5425
21221,,29.9900000000000000,29.9900
21220,,74.9800000000000000,74.9800
21219,,2348.2462500000000000,4696.4925
21218,,2330.7512500000000000,4661.5025
21217,,2329.9512500000000000,4659.9025
21216,,2467.8350000000000000,4935.6700
21215,,2312.4562500000000000,4624.9125
21214,,2329.9512500000000000,4659.9025
21213,,64.2600000000000000,64.2600
21212,,74.9800000000000000,74.9800
21211,,2450.3400000000000000,4900.6800
21210,,39.9900000000000000,39.9900
21209,,39.9900000000000000,39.9900
21208,,39.9800000000000000,39.9800
21207,,123.9600000000000000,123.9600
21206,,1941.2762500000000000,3882.5525
21205,,2443.3500000000000000,4886.7000
21204,,74.9800000000000000,74.9800
21203,,2316.9512500000000000,4633.9025
21202,,2316.4312500000000000,4632.8625
21201,,2460.8450000000000000,4921.6900
21200,,1966.2712500000000000,3932.5425
21199,,2072.1700000000000000,4144.3400
21198,,69.9700000000000000,69.9700
21197,,1958.7712500000000000,3917.5425
21196,,34.9800000000000000,34.9800
21195,,2072.1700000000000000,4144.3400
21194,,1955.7662500000000000,3911.5325
21193,,1952.7612500000000000,3905.5225
21192,,2114.6600000000000000,4229.3200
21191,,2084.6650000000000000,4169.3300
21190,,42.2800000000000000,42.2800
21189,,2104.1550000000000000,4208.3100
21188,,123.9600000000000000,123.9600
21187,,32.2800000000000000,32.2800
21186,,35.0000000000000000,35.0000
21185,,39.9900000000000000,39.9900
21184,,74.9800000000000000,74.9800
21183,,2328.7562500000000000,4657.5125
21182,,32.2800000000000000,32.2800
21181,,32.2800000000000000,32.2800
21180,,1941.2762500000000000,3882.5525
21179,,2467.8350000000000000,4935.6700
21178,,39.9900000000000000,39.9900
21177,,39.9900000000000000,39.9900
21176,,35.0000000000000000,35.0000
21175,,35.0000000000000000,35.0000
21174,,42.2800000000000000,42.2800
21173,,2329.9512500000000000,4659.9025
21172,,42.2800000000000000,42.2800
21171,,37.2900000000000000,37.2900
21170,,74.9800000000000000,74.9800
21169,,2323.9412500000000000,4647.8825
21168,,2312.4562500000000000,4624.9125
21167,,2328.7562500000000000,4657.5125
21166,,2454.8350000000000000,4909.6700
21165,,2336.9412500000000000,4673.8825
21164,,68.9700000000000000,68.9700
21163,,72.9300000000000000,72.9300
21162,,1155.4800000000000000,1155.4800
21161,,1174.4800000000000000,1174.4800
21160,,1775.4700000000000000,1775.4700
21159,,74.4600000000000000,74.4600
21158,,49.9700000000000000,49.9700
21157,,49.9700000000000000,49.9700
21156,,1149.4700000000000000,1149.4700
21155,,1155.4800000000000000,1155.4800
21154,,74.4600000000000000,74.4600
21153,,1147.7700000000000000,1147.7700
21152,,1134.4700000000000000,1134.4700
21151,,1155.4800000000000000,1155.4800
21150,,1170.4800000000000000,1170.4800
21149,,1183.4700000000000000,1183.4700
21148,,1611.7891000000000000,3223.5782
21147,,1179.9700000000000000,1179.9700
21146,,1155.4800000000000000,1155.4800
21145,,69.9700000000000000,69.9700
21144,,1188.4600000000000000,1188.4600
21143,,1155.4800000000000000,1155.4800
21142,,77.9200000000000000,77.9200
21141,,1155.4800000000000000,1155.4800
21140,,14.9800000000000000,14.9800
21139,,1735.9800000000000000,1735.9800
21138,,2185.6891000000000000,4371.3782
21137,,37.2700000000000000,37.2700
21136,,106.9300000000000000,106.9300
21135,,103.9500000000000000,103.9500
21134,,69.9700000000000000,69.9700
21133,,21.4900000000000000,21.4900
21132,,21.4900000000000000,21.4900
21131,,39.9800000000000000,39.9800
21130,,1241.9900000000000000,2483.9800
21129,,48.9700000000000000,48.9700
21128,,4.9900000000000000,4.9900
21127,,60.4700000000000000,60.4700
21126,,565.4700000000000000,565.4700
21125,,27.7700000000000000,27.7700
21124,,56.9600000000000000,56.9600
21123,,30.4800000000000000,30.4800
21122,,143.7800000000000000,143.7800
21121,,21.4900000000000000,21.4900
21120,,48.9700000000000000,48.9700
21119,,25.4800000000000000,25.4800
21118,,34.9800000000000000,34.9800
21117,,60.4700000000000000,60.4700
21116,,78.9600000000000000,78.9600
21115,,4.9900000000000000,4.9900
21114,,4.9900000000000000,4.9900
21113,,23.7800000000000000,23.7800
21112,,25.4800000000000000,25.4800
21111,,37.2700000000000000,37.2700
21110,,34.9800000000000000,34.9800
21109,,39.9800000000000000,39.9800
21108,,819.4800000000000000,819.4800
21107,,806.7600000000000000,806.7600
21106,,1268.9850000000000000,2537.9700
21105,,1266.9850000000000000,2533.9700
21104,,1283.4750000000000000,2566.9500
21103,,1253.4750000000000000,2506.9500
21102,,793.4600000000000000,793.4600
21101,,32.2800000000000000,32.2800
21100,,1178.4500000000000000,1178.4500
21099,,21.4900000000000000,21.4900
21098,,69.4600000000000000,69.4600
21097,,29.4800000000000000,29.4800
21096,,13.9800000000000000,13.9800
21095,,31.7300000000000000,31.7300
21094,,60.4700000000000000,60.4700
21093,,1257.6250000000000000,2515.2500
21092,,1255.6300000000000000,2511.2600
21091,,13.9800000000000000,13.9800
21090,,548.9800000000000000,548.9800
21089,,561.4800000000000000,561.4800
21088,,30.4800000000000000,30.4800
21087,,819.4800000000000000,819.4800
21086,,48.9700000000000000,48.9700
21085,,39.9800000000000000,39.9800
21084,,27.7700000000000000,27.7700
21083,,38.9800000000000000,38.9800
21082,,98.9600000000000000,98.9600
21081,,21.4900000000000000,21.4900
21080,,110.4600000000000000,110.4600
21079,,37.2700000000000000,37.2700
21078,,23.7800000000000000,23.7800
21077,,23.7800000000000000,23.7800
21076,,4.9900000000000000,4.9900
21075,,59.9800000000000000,59.9800
21074,,43.9700000000000000,43.9700
21073,,29.4800000000000000,29.4800
21072,,539.9900000000000000,539.9900
21071,,1266.9850000000000000,2533.9700
21070,,30.4800000000000000,30.4800
21069,,69.9700000000000000,69.9700
21068,,81.4500000000000000,81.4500
21067,,1241.9900000000000000,2483.9800
21066,,131.4400000000000000,131.4400
21065,,774.5550000000000000,1549.1100
21064,,553.9700000000000000,553.9700
21063,,60.4700000000000000,60.4700
21062,,563.7700000000000000,563.7700
21061,,607.9600000000000000,607.9600
21060,,1254.2350000000000000,2508.4700
21059,,616.9500000000000000,616.9500
21058,,69.4600000000000000,69.4600
21057,,2394.9700000000000000,2394.9700
21056,,1273.9750000000000000,2547.9500
21055,,783.3900000000000000,1566.7800
21054,,625.4700000000000000,625.4700
21053,,1271.4800000000000000,2542.9600
21052,,1120.4900000000000000,1120.4900
21051,,1120.4900000000000000,1120.4900
21050,,583.9700000000000000,583.9700
21049,,32.2800000000000000,32.2800
21048,,578.4600000000000000,578.4600
21047,,1155.4800000000000000,1155.4800
21046,,34.9800000000000000,34.9800
21045,,23.7800000000000000,23.7800
21044,,1266.9850000000000000,2533.9700
21043,,39.9800000000000000,39.9800
21042,,1155.4800000000000000,1155.4800
21041,,589.9600000000000000,589.9600
21040,,1283.4750000000000000,2566.9500
21039,,1241.9900000000000000,2483.9800
21038,,573.9800000000000000,573.9800
21037,,812.7600000000000000,2438.2800
21036,,1273.9750000000000000,2547.9500
21035,,978.7350000000000000,1957.4700
21034,,1266.9850000000000000,2533.9700
21033,,553.9700000000000000,553.9700
21032,,4.9900000000000000,4.9900
21031,,597.9500000000000000,597.9500
21030,,539.9900000000000000,539.9900
21029,,967.3750000000000000,1934.7500
21028,,37.2700000000000000,37.2700
21027,,1268.9850000000000000,2537.9700
21026,,38.9800000000000000,38.9800
21025,,69.9700000000000000,69.9700
21024,,562.9600000000000000,562.9600
21023,,91.9500000000000000,91.9500
21022,,539.9900000000000000,539.9900
21021,,628.9700000000000000,628.9700
21020,,1248.9800000000000000,2497.9600
21019,,629.9600000000000000,629.9600
21018,,1257.6250000000000000,2515.2500
21017,,578.4600000000000000,578.4600
21016,,969.2350000000000000,1938.4700
21015,,978.7350000000000000,1957.4700
21014,,607.9600000000000000,607.9600
21013,,548.9800000000000000,548.9800
21012,,1248.9800000000000000,2497.9600
21011,,1263.9800000000000000,2527.9600
21010,,4.9900000000000000,4.9900
21009,,39.9800000000000000,39.9800
21008,,978.7350000000000000,1957.4700
21007,,58.9800000000000000,58.9800
21006,,969.2350000000000000,1938.4700
21005,,25.4800000000000000,25.4800
21004,,561.4800000000000000,561.4800
21003,,49.9700000000000000,49.9700
21002,,1496.1650000000000000,2992.3300
21001,,1509.1650000000000000,3018.3300
21000,,1360.7762500000000000,2721.5525
20999,,1367.7662500000000000,2735.5325
20998,,1403.2562500000000000,2806.5125
20997,,1372.2612500000000000,2744.5225
20996,,2074.9950000000000000,4149.9900
20995,,2063.6250000000000000,4127.2500
20994,,2095.8600000000000000,4191.7200
20993,,2131.0200000000000000,4262.0400
20992,,2069.8750000000000000,4139.7500
20991,,2059.1300000000000000,4118.2600
20990,,2098.1100000000000000,4196.2200
20989,,2074.3700000000000000,4148.7400
20988,,2059.1300000000000000,4118.2600
20987,,2066.1200000000000000,4132.2400
20986,,7.2800000000000000,7.2800
20985,,2059.1300000000000000,4118.2600
20984,,2076.6250000000000000,4153.2500
20983,,2089.3650000000000000,4178.7300
20982,,1273.4800000000000000,2546.9600
20981,,68.4900000000000000,68.4900
20980,,990.9800000000000000,1981.9600
20979,,973.7300000000000000,1947.4600
20978,,4.9900000000000000,4.9900
20977,,574.9800000000000000,574.9800
20976,,60.4700000000000000,60.4700
20975,,1257.6250000000000000,2515.2500
20974,,126.2800000000000000,126.2800
20973,,193.9800000000000000,193.9800
20972,,69.9700000000000000,69.9700
20971,,38.9800000000000000,38.9800
20970,,981.2300000000000000,1962.4600
20969,,38.9800000000000000,38.9800
20968,,34.9800000000000000,34.9800
20967,,4.9900000000000000,4.9900
20966,,1120.4900000000000000,1120.4900
20965,,29.9900000000000000,29.9900
20964,,38.9800000000000000,38.9800
20963,,42.9300000000000000,42.9300
20962,,6.2800000000000000,6.2800
20961,,3.9900000000000000,3.9900
20960,,6.2800000000000000,6.2800
20959,,38.9800000000000000,38.9800
20958,,68.4900000000000000,68.4900
20957,,38.9800000000000000,38.9800
20956,,3.9900000000000000,3.9900
20955,,1164.4700000000000000,1164.4700
20954,,38.9800000000000000,38.9800
20953,,162.9900000000000000,162.9900
20952,,37.2700000000000000,37.2700
20951,,37.2700000000000000,37.2700
20950,,32.2800000000000000,32.2800
20949,,154.9800000000000000,154.9800
20948,,3.9900000000000000,3.9900
20947,,37.2700000000000000,37.2700
20946,,58.9800000000000000,58.9800
20945,,976.7350000000000000,1953.4700
20944,,226.4900000000000000,226.4900
20943,,37.2700000000000000,37.2700
20942,,3.9900000000000000,3.9900
20941,,126.2800000000000000,126.2800
20940,,38.9800000000000000,38.9800
20939,,13.9800000000000000,13.9800
20938,,84.9700000000000000,84.9700
20937,,119.9600000000000000,119.9600
20936,,1134.4700000000000000,1134.4700
20935,,162.9900000000000000,162.9900
20934,,1145.4800000000000000,1145.4800
20933,,1259.4850000000000000,2518.9700
20932,,47.9700000000000000,47.9700
20931,,1636.5850000000000000,3273.1700
20930,,787.9300000000000000,2363.7900
20929,,37.2700000000000000,37.2700
20928,,40.2300000000000000,40.2300
20927,,101.9400000000000000,101.9400
20926,,1120.4900000000000000,1120.4900
20925,,67.4900000000000000,67.4900
20924,,69.9700000000000000,69.9700
20923,,791.6000000000000000,2374.8000
20922,,1613.1700000000000000,3226.3400
20921,,1617.1450000000000000,3234.2900
20920,,6.2800000000000000,6.2800
20919,,6.2800000000000000,6.2800
20918,,67.4900000000000000,67.4900
20917,,1617.1450000000000000,3234.2900
20916,,119.9600000000000000,119.9600
20915,,38.9800000000000000,38.9800
20914,,963.2250000000000000,1926.4500
20913,,973.7300000000000000,1947.4600
20912,,791.2633333333333333,2373.7900
20911,,611.9600000000000000,611.9600
20910,,613.9500000000000000,613.9500
20909,,69.9700000000000000,69.9700
20908,,78.9600000000000000,78.9600
20907,,32.2800000000000000,32.2800
20906,,32.2800000000000000,32.2800
20905,,1155.4800000000000000,1155.4800
20904,,69.9700000000000000,69.9700
20903,,69.9700000000000000,69.9700
20902,,37.2700000000000000,37.2700
20901,,1120.4900000000000000,1120.4900
20900,,78.9600000000000000,78.9600
20899,,6.2800000000000000,6.2800
20898,,51.9700000000000000,51.9700
20897,,88.9700000000000000,88.9700
20896,,978.7350000000000000,1957.4700
20895,,1120.4900000000000000,1120.4900
20894,,1155.4800000000000000,1155.4800
20893,,34.9800000000000000,34.9800
20892,,1620.1600000000000000,3240.3200
20891,,589.9800000000000000,589.9800
20890,,1263.9800000000000000,2527.9600
20889,,69.9700000000000000,69.9700
20888,,1174.4800000000000000,1174.4800
20887,,1164.4700000000000000,1164.4700
20886,,1266.9850000000000000,2533.9700
20885,,1259.4850000000000000,2518.9700
20884,,1229.9600000000000000,1229.9600
20883,,1149.4700000000000000,1149.4700
20882,,1170.4800000000000000,1170.4800
20881,,78.9600000000000000,78.9600
20880,,1259.4850000000000000,2518.9700
20879,,1642.1500000000000000,3284.3000
20878,,1155.4800000000000000,1155.4800
20877,,1120.4900000000000000,1120.4900
20876,,969.2350000000000000,1938.4700
20875,,1259.4850000000000000,2518.9700
20874,,981.2300000000000000,1962.4600
20873,,42.9300000000000000,42.9300
20872,,1259.4850000000000000,2518.9700
20871,,78.9600000000000000,78.9600
20870,,969.2350000000000000,1938.4700
20869,,1271.4800000000000000,2542.9600
20868,,37.2700000000000000,37.2700
20867,,38.9800000000000000,38.9800
20866,,1578.9850000000000000,3157.9700
20865,,34.9800000000000000,34.9800
20864,,1617.1450000000000000,3234.2900
20863,,1630.6650000000000000,3261.3300
20862,,1620.1600000000000000,3240.3200
20861,,789.3533333333333333,2368.0600
20860,,793.2700000000000000,2379.8100
20859,,1254.4850000000000000,2508.9700
20858,,1155.4800000000000000,1155.4800
20857,,1120.4900000000000000,1120.4900
20856,,1241.9900000000000000,2483.9800
20855,,1155.4800000000000000,1155.4800
20854,,969.2350000000000000,1938.4700
20853,,1147.7700000000000000,1147.7700
20852,,1273.4800000000000000,2546.9600
20851,,1259.4850000000000000,2518.9700
20850,,1278.4700000000000000,2556.9400
20849,,69.9700000000000000,69.9700
20848,,1279.2300000000000000,2558.4600
20847,,973.7300000000000000,1947.4600
20846,,1174.4800000000000000,1174.4800
20845,,978.7350000000000000,1957.4700
20844,,1155.4800000000000000,1155.4800
20843,,951.7400000000000000,1903.4800
20842,,976.2250000000000000,1952.4500
20841,,969.2350000000000000,1938.4700
20840,,3.9900000000000000,3.9900
20839,,1255.6300000000000000,2511.2600
20838,,1270.9700000000000000,2541.9400
20837,,1273.9750000000000000,2547.9500
20836,,969.2350000000000000,1938.4700
20835,,1001.2200000000000000,2002.4400
20834,,1283.4750000000000000,2566.9500
20833,,951.7400000000000000,1903.4800
20832,,1266.9850000000000000,2533.9700
20831,,1006.4750000000000000,2012.9500
20830,,983.2300000000000000,1966.4600
20829,,981.2300000000000000,1962.4600
20828,,969.2350000000000000,1938.4700
20827,,11.9400000000000000,11.9400
20826,,1173.9600000000000000,1173.9600
20825,,1613.1700000000000000,3226.3400
20824,,1256.4800000000000000,2512.9600
20823,,2108.3750000000000000,4216.7500
20822,,2067.2650000000000000,4134.5300
20821,,2059.1300000000000000,4118.2600
20820,,2071.8700000000000000,4143.7400
20819,,2090.8800000000000000,4181.7600
20818,,2115.3650000000000000,4230.7300
20817,,2059.1300000000000000,4118.2600
20816,,2114.3600000000000000,4228.7200
20815,,2059.1300000000000000,4118.2600
20814,,2093.1150000000000000,4186.2300
20813,,64.4700000000000000,64.4700
20812,,2063.6250000000000000,4127.2500
20811,,1635.1600000000000000,3270.3200
20810,,6.2800000000000000,6.2800
20809,,32.2800000000000000,32.2800
20808,,969.2350000000000000,1938.4700
20807,,1624.6550000000000000,3249.3100
20806,,27.2800000000000000,27.2800
20805,,29.9900000000000000,29.9900
20804,,24.9900000000000000,24.9900
20803,,38.9800000000000000,38.9800
20802,,6.2800000000000000,6.2800
20801,,74.9800000000000000,74.9800
20800,,63.9700000000000000,63.9700
20799,,32.2800000000000000,32.2800
20798,,123.9600000000000000,123.9600
20797,,14.2300000000000000,14.2300
20796,,88.9700000000000000,88.9700
20795,,3.9900000000000000,3.9900
20794,,53.9800000000000000,53.9800
20793,,1205.4700000000000000,1205.4700
20792,,39.9800000000000000,39.9800
20791,,9.9900000000000000,9.9900
20790,,14.9800000000000000,14.9800
20789,,39.4700000000000000,39.4700
20788,,9.9900000000000000,9.9900
20787,,1134.4700000000000000,1134.4700
20786,,14.9800000000000000,14.9800
20785,,1145.4800000000000000,1145.4800
20784,,9.9900000000000000,9.9900
20783,,39.9800000000000000,39.9800
20782,,1197.4100000000000000,1197.4100
20781,,15.2300000000000000,15.2300
20780,,9.9900000000000000,9.9900
20779,,14.9800000000000000,14.9800
20778,,74.4600000000000000,74.4600
20777,,9.9900000000000000,9.9900
20776,,22.9300000000000000,22.9300
20775,,9.9900000000000000,9.9900
20774,,22.9300000000000000,22.9300
20773,,30.9700000000000000,30.9700
20772,,72.9300000000000000,72.9300
20771,,46.4700000000000000,46.4700
20770,,49.9700000000000000,49.9700
20769,,25.2200000000000000,25.2200
20768,,1170.4800000000000000,1170.4800
20767,,1120.4900000000000000,1120.4900
20766,,14.9800000000000000,14.9800
20765,,1179.9700000000000000,1179.9700
20764,,28.3800000000000000,56.7600
20763,,123.9800000000000000,123.9800
20762,,123.9800000000000000,123.9800
20761,,22.9300000000000000,22.9300
20760,,7.2800000000000000,7.2800
20759,,77.9600000000000000,77.9600
20758,,128.9700000000000000,128.9700
20757,,69.9900000000000000,69.9900
20756,,17.2800000000000000,34.5600
20755,,1164.4700000000000000,1164.4700
20754,,78.9800000000000000,78.9800
20753,,539.9900000000000000,539.9900
20752,,69.9900000000000000,69.9900
20751,,574.9800000000000000,574.9800
20750,,1184.4600000000000000,1184.4600
20749,,624.9700000000000000,624.9700
20748,,123.9800000000000000,123.9800
20747,,69.9900000000000000,69.9900
20746,,59.9750000000000000,119.9500
20745,,56.9750000000000000,113.9500
20744,,548.9800000000000000,548.9800
20743,,78.9800000000000000,78.9800
20742,,128.9700000000000000,128.9700
20741,,119.9800000000000000,119.9800
20740,,70.4700000000000000,140.9400
20739,,78.9800000000000000,78.9800
20738,,23.9700000000000000,23.9700
20737,,128.9700000000000000,128.9700
20736,,1597.2891000000000000,3194.5782
20735,,1120.4900000000000000,1120.4900
20734,,7.2800000000000000,7.2800
20733,,23.9700000000000000,23.9700
20732,,9.9900000000000000,9.9900
20731,,42.9700000000000000,42.9700
20730,,68.9700000000000000,68.9700
20729,,77.9600000000000000,77.9600
20728,,709.2600000000000000,709.2600
20727,,30.4800000000000000,30.4800
20726,,970.9750000000000000,1941.9500
20725,,63.9700000000000000,63.9700
20724,,24.9900000000000000,24.9900
20723,,143.9600000000000000,143.9600
20722,,792.9333333333333333,2378.8000
20721,,24.9900000000000000,24.9900
20720,,969.2350000000000000,1938.4700
20719,,973.7300000000000000,1947.4600
20718,,1641.7150000000000000,3283.4300
20717,,1620.1600000000000000,3240.3200
20716,,1303.7633333333333333,3911.2900
20715,,196.2700000000000000,196.2700
20714,,187.9800000000000000,187.9800
20713,,1710.9650000000000000,3421.9300
20712,,1630.6650000000000000,3261.3300
20711,,1620.1600000000000000,3240.3200
20710,,1620.1600000000000000,3240.3200
20709,,1729.9700000000000000,1729.9700
20708,,2203.1998000000000000,4406.3996
20707,,1750.9800000000000000,1750.9800
20706,,1759.9700000000000000,1759.9700
20705,,69.4700000000000000,69.4700
20704,,77.9600000000000000,77.9600
20703,,1735.9800000000000000,1735.9800
20702,,1750.9800000000000000,1750.9800
20701,,1155.4800000000000000,1155.4800
20700,,1243.4400000000000000,1243.4400
20699,,1209.4700000000000000,1209.4700
20698,,23.9700000000000000,23.9700
20697,,77.9200000000000000,77.9200
20696,,73.9600000000000000,73.9600
20695,,14.9800000000000000,14.9800
20694,,146.9700000000000000,146.9700
20693,,1155.4800000000000000,1155.4800
20692,,49.9700000000000000,49.9700
20691,,39.9800000000000000,39.9800
20690,,39.4700000000000000,39.4700
20689,,78.4800000000000000,78.4800
20688,,68.9700000000000000,68.9700
20687,,9.9900000000000000,9.9900
20686,,1151.7600000000000000,1151.7600
20685,,1155.4800000000000000,1155.4800
20684,,1729.9700000000000000,1729.9700
20683,,1735.9800000000000000,1735.9800
20682,,1735.9800000000000000,1735.9800
20681,,9.9900000000000000,9.9900
20680,,1609.7891000000000000,3219.5782
20679,,64.4700000000000000,64.4700
20678,,1155.4800000000000000,1155.4800
20677,,1184.4600000000000000,1184.4600
20676,,14.9800000000000000,14.9800
20675,,1155.4800000000000000,1155.4800
20674,,1143.4600000000000000,1143.4600
20673,,1754.9800000000000000,1754.9800
20672,,1750.9800000000000000,1750.9800
20671,,1735.9800000000000000,1735.9800
20670,,1614.2841000000000000,3228.5682
20669,,1584.7941000000000000,3169.5882
20668,,1750.9800000000000000,1750.9800
20667,,1775.9700000000000000,1775.9700
20666,,1714.9700000000000000,1714.9700
20665,,2204.2791000000000000,4408.5582
20664,,1764.9600000000000000,1764.9600
20663,,1750.9800000000000000,1750.9800
20662,,1750.9800000000000000,1750.9800
20661,,1174.4800000000000000,1174.4800
20660,,1179.9700000000000000,1179.9700
20659,,2466.3200000000000000,2466.3200
20658,,2457.3300000000000000,2457.3300
20657,,1193.4500000000000000,1193.4500
20656,,1622.9498000000000000,3245.8996
20655,,47.4200000000000000,47.4200
20654,,1170.4800000000000000,1170.4800
20653,,1155.4800000000000000,1155.4800
20652,,1174.4800000000000000,1174.4800
20651,,1599.2841000000000000,3198.5682
20650,,1174.4800000000000000,1174.4800
20649,,2487.8900000000000000,2487.8900
20648,,2457.3300000000000000,2457.3300
20647,,1155.4800000000000000,1155.4800
20646,,1197.9700000000000000,1197.9700
20645,,1143.4600000000000000,1143.4600
20644,,2457.3300000000000000,2457.3300
20643,,14.9800000000000000,14.9800
20642,,2452.3400000000000000,2452.3400
20641,,2457.3300000000000000,2457.3300
20640,,2498.3400000000000000,2498.3400
20639,,2466.3200000000000000,2466.3200
20638,,2478.2400000000000000,2478.2400
20637,,9.9900000000000000,9.9900
20636,,14.9800000000000000,14.9800
20635,,49.9700000000000000,49.9700
20634,,9.9900000000000000,9.9900
20633,,68.9700000000000000,68.9700
20632,,21.9800000000000000,21.9800
20631,,71.9600000000000000,71.9600
20630,,74.9800000000000000,74.9800
20629,,3030.2500000000000000,6060.5000
20628,,3028.3050000000000000,6056.6100
20627,,3022.2950000000000000,6044.5900
20626,,3019.2800000000000000,6038.5600
20625,,3014.7850000000000000,6029.5700
20624,,3010.8100000000000000,6021.6200
20623,,3046.6000000000000000,6093.2000
20622,,3069.7950000000000000,6139.5900
20621,,3058.8450000000000000,6117.6900
20620,,3022.2950000000000000,6044.5900
20619,,74.9800000000000000,74.9800
20618,,21.4900000000000000,21.4900
20617,,3029.1050000000000000,6058.2100
20616,,3046.6000000000000000,6093.2000
20615,,3030.2500000000000000,6060.5000
20614,,3017.8000000000000000,6035.6000
20613,,3028.3050000000000000,6056.6100
20612,,3030.2500000000000000,6060.5000
20611,,3010.8100000000000000,6021.6200
20610,,3010.8100000000000000,6021.6200
20609,,3058.8450000000000000,6117.6900
20608,,3017.8000000000000000,6035.6000
20607,,23.7800000000000000,23.7800
20606,,3027.1100000000000000,6054.2200
20605,,84.9600000000000000,84.9600
20604,,93.4900000000000000,93.4900
20603,,23.7800000000000000,23.7800
20602,,80.4700000000000000,80.4700
20601,,80.4700000000000000,80.4700
20600,,3028.3050000000000000,6056.6100
20599,,32.2700000000000000,32.2700
20598,,1549.9800000000000000,3099.9600
20597,,119.9600000000000000,119.9600
20596,,32.2700000000000000,32.2700
20595,,69.9700000000000000,69.9700
20594,,42.9300000000000000,42.9300
20593,,31.2700000000000000,31.2700
20592,,1556.6100000000000000,3113.2200
20591,,69.9700000000000000,69.9700
20590,,1563.6250000000000000,3127.2500
20589,,2344.9600000000000000,2344.9600
20588,,27.2800000000000000,27.2800
20587,,2378.9500000000000000,2378.9500
20586,,24.9900000000000000,24.9900
20585,,32.2700000000000000,32.2700
20584,,1570.1350000000000000,3140.2700
20583,,69.9700000000000000,69.9700
20582,,142.4500000000000000,142.4500
20581,,2439.9900000000000000,2439.9900
20580,,36.9300000000000000,36.9300
20579,,24.9900000000000000,24.9900
20578,,31.2700000000000000,31.2700
20577,,1540.1350000000000000,3080.2700
20576,,1573.9800000000000000,3147.9600
20575,,1547.5191000000000000,3095.0382
20574,,38.9800000000000000,38.9800
20573,,2414.9900000000000000,2414.9900
20572,,78.9600000000000000,78.9600
20571,,24.9900000000000000,24.9900
20570,,114.9600000000000000,114.9600
20569,,1557.0291000000000000,3114.0582
20568,,28.9800000000000000,28.9800
20567,,1537.0391000000000000,3074.0782
20566,,27.2800000000000000,27.2800
20565,,64.9700000000000000,64.9700
20564,,1529.5391000000000000,3059.0782
20563,,34.9800000000000000,34.9800
20562,,1497.0441000000000000,2994.0882
20561,,1569.5441000000000000,3139.0882
20560,,1580.9700000000000000,3161.9400
20559,,74.9800000000000000,74.9800
20558,,1509.5441000000000000,3019.0882
20557,,64.9700000000000000,64.9700
20556,,1562.4800000000000000,3124.9600
20555,,1576.9750000000000000,3153.9500
20554,,34.9800000000000000,34.9800
20553,,2354.9800000000000000,2354.9800
20552,,1517.0341000000000000,3034.0682
20551,,64.9700000000000000,64.9700
20550,,24.9900000000000000,24.9900
20549,,1552.6350000000000000,3105.2700
20548,,1565.9750000000000000,3131.9500
20547,,56.9700000000000000,56.9700
20546,,1623.2741000000000000,3246.5482
20545,,2542.3100000000000000,2542.3100
20544,,2457.3300000000000000,2457.3300
20543,,2492.3200000000000000,2492.3200
20542,,93.4600000000000000,93.4600
20541,,1174.4800000000000000,1174.4800
20540,,9.9900000000000000,9.9900
20539,,14.9800000000000000,14.9800
20538,,68.9700000000000000,68.9700
20537,,23.9700000000000000,23.9700
20536,,23.9700000000000000,23.9700
20535,,14.9800000000000000,14.9800
20534,,23.9700000000000000,23.9700
20533,,31.9200000000000000,31.9200
20532,,93.4600000000000000,93.4600
20531,,64.9700000000000000,64.9700
20530,,103.9600000000000000,103.9600
20529,,1174.4800000000000000,1174.4800
20528,,64.4700000000000000,64.4700
20527,,2478.3400000000000000,2478.3400
20526,,1170.4800000000000000,1170.4800
20525,,1155.4800000000000000,1155.4800
20524,,68.9700000000000000,68.9700
20523,,14.9800000000000000,14.9800
20522,,44.9800000000000000,44.9800
20521,,25.2200000000000000,25.2200
20520,,14.9800000000000000,14.9800
20519,,54.9600000000000000,54.9600
20518,,49.9700000000000000,49.9700
20517,,76.9700000000000000,76.9700
20516,,14.9800000000000000,14.9800
20515,,74.4600000000000000,74.4600
20514,,49.9700000000000000,49.9700
20513,,74.4600000000000000,74.4600
20512,,9.9900000000000000,9.9900
20511,,14.9800000000000000,14.9800
20510,,72.9300000000000000,72.9300
20509,,9.9900000000000000,9.9900
20508,,21.9800000000000000,21.9800
20507,,49.9700000000000000,49.9700
20506,,68.9700000000000000,68.9700
20505,,64.9700000000000000,64.9700
20504,,119.9600000000000000,119.9600
20503,,14.9800000000000000,14.9800
20502,,64.9800000000000000,64.9800
20501,,64.9800000000000000,64.9800
20500,,68.4900000000000000,68.4900
20499,,54.9800000000000000,54.9800
20498,,12.9400000000000000,12.9400
20497,,69.9900000000000000,69.9900
20496,,2478.3400000000000000,2478.3400
20495,,2482.2300000000000000,2482.2300
20494,,14.9800000000000000,14.9800
20493,,23.9700000000000000,23.9700
20492,,71.9700000000000000,71.9700
20491,,23.9700000000000000,23.9700
20490,,49.9700000000000000,49.9700
20489,,49.9700000000000000,49.9700
20488,,14.9800000000000000,14.9800
20487,,9.9900000000000000,9.9900
20486,,49.9700000000000000,49.9700
20485,,14.9800000000000000,14.9800
20484,,1151.7600000000000000,1151.7600
20483,,2200.0291000000000000,4400.0582
20482,,2443.3500000000000000,2443.3500
20481,,1170.4800000000000000,1170.4800
20480,,1155.4800000000000000,1155.4800
20479,,85.4800000000000000,85.4800
20478,,96.4600000000000000,96.4600
20477,,68.9700000000000000,68.9700
20476,,2521.3100000000000000,2521.3100
20475,,14.9800000000000000,14.9800
20474,,49.9700000000000000,49.9700
20473,,14.9800000000000000,14.9800
20472,,2482.2300000000000000,2482.2300
20471,,73.9700000000000000,73.9700
20470,,2204.3448000000000000,4408.6896
20469,,49.9700000000000000,49.9700
20468,,1584.7941000000000000,3169.5882
20467,,17.2700000000000000,17.2700
20466,,14.9800000000000000,14.9800
20465,,2514.9300000000000000,2514.9300
20464,,22.9300000000000000,22.9300
20463,,1147.7700000000000000,1147.7700
20462,,2512.3200000000000000,2512.3200
20461,,2492.3200000000000000,2492.3200
20460,,21.4900000000000000,21.4900
20459,,1155.4800000000000000,1155.4800
20458,,49.9700000000000000,49.9700
20457,,73.9600000000000000,73.9600
20456,,3014.7850000000000000,6029.5700
20455,,23.7800000000000000,23.7800
20454,,23.7800000000000000,23.7800
20453,,21.4900000000000000,21.4900
20452,,3078.3500000000000000,6156.7000
20451,,3027.1100000000000000,6054.2200
20450,,3010.8100000000000000,6021.6200
20449,,9.9900000000000000,9.9900
20448,,3022.2950000000000000,6044.5900
20447,,3017.8000000000000000,6035.6000
20446,,3014.7850000000000000,6029.5700
20445,,3039.3550000000000000,6078.7100
20444,,3042.7950000000000000,6085.5900
20443,,39.4700000000000000,39.4700
20442,,2482.2300000000000000,2482.2300
20441,,39.9800000000000000,39.9800
20440,,9.9900000000000000,9.9900
20439,,14.9800000000000000,14.9800
20438,,69.9700000000000000,69.9700
20437,,1155.4800000000000000,1155.4800
20436,,1134.4700000000000000,1134.4700
20435,,49.9700000000000000,49.9700
20434,,1170.4800000000000000,1170.4800
20433,,74.4600000000000000,74.4600
20432,,14.9800000000000000,14.9800
20431,,14.9800000000000000,14.9800
20430,,3028.3050000000000000,6056.6100
20429,,2688.8750000000000000,5377.7500
20428,,29.9900000000000000,29.9900
20427,,2657.1250000000000000,5314.2500
20426,,2069.8750000000000000,4139.7500
20425,,2059.1300000000000000,4118.2600
20424,,2066.1200000000000000,4132.2400
20423,,2088.8700000000000000,4177.7400
20422,,1134.4700000000000000,1134.4700
20421,,118.9700000000000000,118.9700
20420,,2066.1200000000000000,4132.2400
20419,,4.9900000000000000,4.9900
20418,,2103.6200000000000000,4207.2400
20417,,67.9700000000000000,67.9700
20416,,2059.1300000000000000,4118.2600
20415,,13.9800000000000000,13.9800
20414,,78.4800000000000000,78.4800
20413,,49.9700000000000000,49.9700
20412,,2528.3300000000000000,2528.3300
20411,,69.4700000000000000,69.4700
20410,,49.9700000000000000,49.9700
20409,,14.9800000000000000,14.9800
20408,,69.9700000000000000,69.9700
20407,,4.9900000000000000,4.9900
20406,,59.9800000000000000,59.9800
20405,,2563.3500000000000000,2563.3500
20404,,124.9900000000000000,124.9900
20403,,7.2800000000000000,7.2800
20402,,4.9900000000000000,4.9900
20401,,1184.4600000000000000,1184.4600
20400,,1120.4900000000000000,1120.4900
20399,,1184.4600000000000000,1184.4600
20398,,68.9700000000000000,68.9700
20397,,78.4800000000000000,78.4800
20396,,69.9900000000000000,69.9900
20395,,1179.9700000000000000,1179.9700
20394,,1158.4600000000000000,1158.4600
20393,,14.9800000000000000,14.9800
20392,,133.4700000000000000,133.4700
20391,,23.9700000000000000,23.9700
20390,,14.9800000000000000,14.9800
20389,,22.9300000000000000,22.9300
20388,,9.9900000000000000,9.9900
20387,,1194.9700000000000000,1194.9700
20386,,2482.2300000000000000,2482.2300
20385,,2528.3300000000000000,2528.3300
20384,,128.9700000000000000,128.9700
20383,,94.4800000000000000,94.4800
20382,,2482.2300000000000000,2482.2300
20381,,69.9900000000000000,69.9900
20380,,7.2800000000000000,7.2800
20379,,123.9800000000000000,123.9800
20378,,119.9800000000000000,119.9800
20377,,2443.3500000000000000,2443.3500
20376,,2475.9500000000000000,2475.9500
20375,,2219.1898000000000000,4438.3796
20374,,1120.4900000000000000,1120.4900
20373,,1613.4498000000000000,3226.8996
20372,,1184.4600000000000000,1184.4600
20371,,1174.4800000000000000,1174.4800
20370,,49.9700000000000000,49.9700
20369,,64.9700000000000000,64.9700
20368,,69.9900000000000000,69.9900
20367,,128.9700000000000000,128.9700
20366,,69.9900000000000000,69.9900
20365,,69.9900000000000000,69.9900
20364,,78.9800000000000000,78.9800
20363,,144.4700000000000000,144.4700
20362,,69.9900000000000000,69.9900
20361,,69.9900000000000000,69.9900
20360,,78.9800000000000000,78.9800
20359,,78.9800000000000000,78.9800
20358,,123.9800000000000000,123.9800
20357,,69.9900000000000000,69.9900
20356,,78.9800000000000000,78.9800
20355,,78.9800000000000000,78.9800
20354,,32.2200000000000000,32.2200
20353,,78.9800000000000000,78.9800
20352,,78.9800000000000000,78.9800
20351,,119.9800000000000000,119.9800
20350,,1613.4498000000000000,3226.8996
20349,,69.9900000000000000,69.9900
20348,,2511.3200000000000000,2511.3200
20347,,2443.3500000000000000,2443.3500
20346,,2564.9200000000000000,2564.9200
20345,,2520.8300000000000000,2520.8300
20344,,119.9800000000000000,119.9800
20343,,69.9900000000000000,69.9900
20342,,78.9800000000000000,78.9800
20341,,56.9700000000000000,56.9700
20340,,2443.3500000000000000,2443.3500
20339,,2528.3300000000000000,2528.3300
20338,,123.9800000000000000,123.9800
20337,,2452.3400000000000000,2452.3400
20336,,69.9900000000000000,69.9900
20335,,69.9900000000000000,69.9900
20334,,69.9900000000000000,69.9900
20333,,69.9900000000000000,69.9900
20332,,78.9800000000000000,78.9800
20331,,133.4900000000000000,133.4900
20330,,71.9500000000000000,71.9500
20329,,69.9900000000000000,69.9900
20328,,119.9800000000000000,119.9800
20327,,69.9900000000000000,69.9900
20326,,128.9700000000000000,128.9700
20325,,78.9800000000000000,78.9800
20324,,2543.4400000000000000,2543.4400
20323,,2492.3200000000000000,2492.3200
20322,,69.9900000000000000,69.9900
20321,,1155.4800000000000000,1155.4800
20320,,1155.4800000000000000,1155.4800
20319,,1155.4800000000000000,1155.4800
20318,,1620.9498000000000000,3241.8996
20317,,58.9800000000000000,58.9800
20316,,39.9800000000000000,39.9800
20315,,132.9700000000000000,132.9700
20314,,67.9300000000000000,67.9300
20313,,94.4800000000000000,94.4800
20312,,4.9900000000000000,4.9900
20311,,119.9800000000000000,119.9800
20310,,1149.4700000000000000,1149.4700
20309,,68.4900000000000000,68.4900
20308,,69.9900000000000000,69.9900
20307,,119.9800000000000000,119.9800
20306,,69.9900000000000000,69.9900
20305,,69.9900000000000000,69.9900
20304,,1170.4800000000000000,1170.4800
20303,,2512.3200000000000000,2512.3200
20302,,2451.3000000000000000,2451.3000
20301,,69.9900000000000000,69.9900
20300,,71.9700000000000000,71.9700
20299,,56.9700000000000000,56.9700
20298,,69.9900000000000000,69.9900
20297,,2466.3200000000000000,2466.3200
20296,,1145.4800000000000000,1145.4800
20295,,1174.4800000000000000,1174.4800
20294,,119.9800000000000000,119.9800
20293,,69.9900000000000000,69.9900
20292,,119.9800000000000000,119.9800
20291,,1151.7600000000000000,1151.7600
20290,,123.9800000000000000,123.9800
20289,,69.9900000000000000,69.9900
20288,,94.4800000000000000,94.4800
20287,,144.4700000000000000,144.4700
20286,,78.9800000000000000,78.9800
20285,,69.9900000000000000,69.9900
20284,,2664.1150000000000000,5328.2300
20283,,2657.1250000000000000,5314.2500
20282,,37.2700000000000000,37.2700
20281,,1179.9700000000000000,1179.9700
20280,,47.9700000000000000,95.9400
20279,,144.4700000000000000,144.4700
20278,,69.9900000000000000,69.9900
20277,,4.9900000000000000,4.9900
20276,,128.9700000000000000,128.9700
20275,,133.4900000000000000,133.4900
20274,,69.9900000000000000,69.9900
20273,,39.9800000000000000,39.9800
20272,,94.4800000000000000,94.4800
20271,,119.9800000000000000,119.9800
20270,,78.9800000000000000,78.9800
20269,,4.9900000000000000,4.9900
20268,,21.4900000000000000,21.4900
20267,,49.9700000000000000,49.9700
20266,,60.4700000000000000,60.4700
20265,,32.2800000000000000,32.2800
20264,,2666.6250000000000000,5333.2500
20263,,21.4900000000000000,21.4900
20262,,27.7700000000000000,27.7700
20261,,2657.1250000000000000,5314.2500
20260,,2657.1250000000000000,5314.2500
20259,,3014.7850000000000000,6029.5700
20258,,3014.7850000000000000,6029.5700
20257,,21.4900000000000000,21.4900
20256,,3014.7850000000000000,6029.5700
20255,,75.4800000000000000,75.4800
20254,,60.4700000000000000,60.4700
20253,,3017.8000000000000000,6035.6000
20252,,69.9700000000000000,69.9700
20251,,59.4700000000000000,59.4700
20250,,37.2700000000000000,37.2700
20249,,2666.6250000000000000,5333.2500
20248,,69.9700000000000000,69.9700
20247,,3028.3050000000000000,6056.6100
20246,,3017.8000000000000000,6035.6000
20245,,3042.7950000000000000,6085.5900
20244,,3010.8100000000000000,6021.6200
20243,,60.4700000000000000,60.4700
20242,,3034.2250000000000000,6068.4500
20241,,2673.6150000000000000,5347.2300
20240,,56.9600000000000000,56.9600
20239,,3046.6000000000000000,6093.2000
20238,,3010.8100000000000000,6021.6200
20237,,21.4900000000000000,21.4900
20236,,2639.6300000000000000,5279.2600
20235,,34.9800000000000000,34.9800
20234,,32.2800000000000000,32.2800
20233,,69.9700000000000000,69.9700
20232,,91.9500000000000000,91.9500
20231,,60.4700000000000000,60.4700
20230,,32.2800000000000000,32.2800
20229,,69.9700000000000000,69.9700
20228,,3046.6000000000000000,6093.2000
20227,,3027.1100000000000000,6054.2200
20226,,3033.6000000000000000,6067.2000
20225,,3028.3050000000000000,6056.6100
20224,,22.2300000000000000,44.4600
20223,,93.6900000000000000,187.3800
20222,,37.2250000000000000,74.4500
20221,,3017.8000000000000000,6035.6000
20220,,3030.2500000000000000,6060.5000
20219,,3022.2950000000000000,6044.5900
20218,,52.3450000000000000,104.6900
20217,,3044.7950000000000000,6089.5900
20216,,2669.3700000000000000,5338.7400
20215,,2639.6300000000000000,5279.2600
20214,,2652.1250000000000000,5304.2500
20213,,3014.7850000000000000,6029.5700
20212,,50.3700000000000000,100.7400
20211,,2666.6250000000000000,5333.2500
20210,,2478.3400000000000000,2478.3400
20209,,1634.2741000000000000,3268.5482
20208,,1609.7891000000000000,3219.5782
20207,,1134.4700000000000000,1134.4700
20206,,1602.2891000000000000,3204.5782
20205,,1184.4600000000000000,1184.4600
20204,,2475.9500000000000000,2475.9500
20203,,119.9800000000000000,119.9800
20202,,45.9500000000000000,45.9500
20201,,133.4900000000000000,133.4900
20200,,2479.9400000000000000,2479.9400
20199,,2502.8300000000000000,2502.8300
20198,,1174.4800000000000000,1174.4800
20197,,1145.4800000000000000,1145.4800
20196,,1120.4900000000000000,1120.4900
20195,,1174.4800000000000000,1174.4800
20194,,1174.4800000000000000,1174.4800
20193,,1120.4900000000000000,1120.4900
20192,,1155.4800000000000000,1155.4800
20191,,1143.4600000000000000,1143.4600
20190,,1204.4600000000000000,1204.4600
20189,,4.9900000000000000,4.9900
20188,,1613.4498000000000000,3226.8996
20187,,1179.9700000000000000,1179.9700
20186,,1595.9548000000000000,3191.9096
20185,,69.9900000000000000,69.9900
20184,,123.9800000000000000,123.9800
20183,,2451.3000000000000000,2451.3000
20182,,2874.9850000000000000,5749.9700
20181,,2443.3500000000000000,2443.3500
20180,,2487.8900000000000000,2487.8900
20179,,24.9900000000000000,24.9900
20178,,3.9900000000000000,3.9900
20177,,6.2800000000000000,6.2800
20176,,32.2800000000000000,32.2800
20175,,1214.4600000000000000,1214.4600
20174,,29.9900000000000000,29.9900
20173,,1590.6641000000000000,3181.3282
20172,,1575.1991000000000000,3150.3982
20171,,969.2350000000000000,1938.4700
20170,,1588.7191000000000000,3177.4382
20169,,78.9600000000000000,78.9600
20168,,32.2800000000000000,32.2800
20167,,1571.2241000000000000,3142.4482
20166,,983.7250000000000000,1967.4500
20165,,1595.7091000000000000,3191.4182
20164,,1575.1991000000000000,3150.3982
20163,,951.7400000000000000,1903.4800
20162,,983.2300000000000000,1966.4600
20161,,38.9800000000000000,38.9800
20160,,2118.6100000000000000,4237.2200
20159,,2083.6150000000000000,4167.2300
20158,,2076.6250000000000000,4153.2500
20157,,2059.1300000000000000,4118.2600
20156,,2069.8750000000000000,4139.7500
20155,,59.9800000000000000,59.9800
20154,,2076.6250000000000000,4153.2500
20153,,13.9800000000000000,13.9800
20152,,2071.3750000000000000,4142.7500
20151,,2076.3650000000000000,4152.7300
20150,,1632.0091000000000000,3264.0182
20149,,1582.7091000000000000,3165.4182
20148,,6.2800000000000000,6.2800
20147,,37.9700000000000000,37.9700
20146,,3.9900000000000000,3.9900
20145,,1184.4600000000000000,1184.4600
20144,,120.4600000000000000,120.4600
20143,,32.2800000000000000,32.2800
20142,,3.9900000000000000,3.9900
20141,,3.9900000000000000,3.9900
20140,,29.9900000000000000,29.9900
20139,,69.9900000000000000,69.9900
20138,,119.9600000000000000,119.9600
20137,,78.9600000000000000,78.9600
20136,,27.2800000000000000,27.2800
20135,,69.9700000000000000,69.9700
20134,,148.9800000000000000,148.9800
20133,,28.9800000000000000,28.9800
20132,,69.9700000000000000,69.9700
20131,,38.9800000000000000,38.9800
20130,,4.9900000000000000,4.9900
20129,,119.9800000000000000,119.9800
20128,,78.9800000000000000,78.9800
20127,,69.9900000000000000,69.9900
20126,,69.9900000000000000,69.9900
20125,,119.9800000000000000,119.9800
20124,,69.9900000000000000,69.9900
20123,,132.9700000000000000,132.9700
20122,,128.9700000000000000,128.9700
20121,,69.9900000000000000,69.9900
20120,,119.9800000000000000,119.9800
20119,,69.9900000000000000,69.9900
20118,,1170.4800000000000000,1170.4800
20117,,78.9800000000000000,78.9800
20116,,119.9800000000000000,119.9800
20115,,119.9800000000000000,119.9800
20114,,78.9800000000000000,78.9800
20113,,69.9900000000000000,69.9900
20112,,78.9800000000000000,78.9800
20111,,1169.4600000000000000,1169.4600
20110,,1120.4900000000000000,1120.4900
20109,,1155.4800000000000000,1155.4800
20108,,1155.4800000000000000,1155.4800
20107,,69.9900000000000000,69.9900
20106,,65.9750000000000000,131.9500
20105,,68.9700000000000000,68.9700
20104,,33.2650000000000000,66.5300
20103,,103.4800000000000000,103.4800
20102,,39.9800000000000000,39.9800
20101,,67.9300000000000000,67.9300
20100,,39.9800000000000000,39.9800
20099,,4.9900000000000000,4.9900
20098,,68.4900000000000000,68.4900
20097,,1120.4900000000000000,1120.4900
20096,,35.7300000000000000,71.4600
20095,,59.9800000000000000,59.9800
20094,,13.9800000000000000,13.9800
20093,,1179.9700000000000000,1179.9700
20092,,1149.4700000000000000,1149.4700
20091,,562.9600000000000000,562.9600
20090,,548.9800000000000000,548.9800
20089,,4.9900000000000000,4.9900
20088,,4.9900000000000000,4.9900
20087,,56.3800000000000000,112.7600
20086,,64.2750000000000000,128.5500
20085,,38.3800000000000000,76.7600
20084,,31.5750000000000000,63.1500
20083,,39.9800000000000000,39.9800
20082,,68.7700000000000000,137.5400
20081,,58.9800000000000000,58.9800
20080,,548.9800000000000000,548.9800
20079,,4.9900000000000000,4.9900
20078,,628.9700000000000000,628.9700
20077,,633.4500000000000000,633.4500
20076,,553.9700000000000000,553.9700
20075,,3399.9900000000000000,3399.9900
20074,,588.9600000000000000,588.9600
20073,,1170.4800000000000000,1170.4800
20072,,1155.4800000000000000,1155.4800
20071,,78.9800000000000000,78.9800
20070,,39.9800000000000000,39.9800
20069,,574.9800000000000000,574.9800
20068,,1120.4900000000000000,1120.4900
20067,,1155.4800000000000000,1155.4800
20066,,1170.4800000000000000,1170.4800
20065,,21.4900000000000000,21.4900
20064,,38.9800000000000000,38.9800
20063,,64.9700000000000000,64.9700
20062,,998.7250000000000000,1997.4500
20061,,1174.4800000000000000,1174.4800
20060,,1571.2241000000000000,3142.4482
20059,,1170.4800000000000000,1170.4800
20058,,31.2700000000000000,31.2700
20057,,47.9700000000000000,47.9700
20056,,144.4500000000000000,144.4500
20055,,82.9700000000000000,82.9700
20054,,1669.0191000000000000,3338.0382
20053,,36.2700000000000000,36.2700
20052,,1607.0141000000000000,3214.0282
20051,,1488.0900000000000000,4464.2700
20050,,58.9800000000000000,58.9800
20049,,1575.1991000000000000,3150.3982
20048,,1571.2241000000000000,3142.4482
20047,,614.9800000000000000,614.9800
20046,,691.9100000000000000,691.9100
20045,,596.9600000000000000,596.9600
20044,,1155.4800000000000000,1155.4800
20043,,32.2800000000000000,32.2800
20042,,1575.1991000000000000,3150.3982
20041,,12.9800000000000000,12.9800
20040,,1155.4800000000000000,1155.4800
20039,,2457.3300000000000000,2457.3300
20038,,2443.3500000000000000,2443.3500
20037,,2595.9500000000000000,2595.9500
20036,,2618.6200000000000000,2618.6200
20035,,2847.4900000000000000,5694.9800
20034,,2884.9800000000000000,5769.9600
20033,,567.2700000000000000,567.2700
20032,,1120.4900000000000000,1120.4900
20031,,1155.4800000000000000,1155.4800
20030,,1155.4800000000000000,1155.4800
20029,,1129.4800000000000000,1129.4800
20028,,1174.4800000000000000,1174.4800
20027,,78.9800000000000000,78.9800
20026,,1212.9700000000000000,1212.9700
20025,,94.4800000000000000,94.4800
20024,,1155.4800000000000000,1155.4800
20023,,2265.2350000000000000,4530.4700
20022,,119.9800000000000000,119.9800
20021,,80.9600000000000000,80.9600
20020,,78.9800000000000000,78.9800
20019,,128.9700000000000000,128.9700
20018,,69.9900000000000000,69.9900
20017,,78.9800000000000000,78.9800
20016,,132.9700000000000000,132.9700
20015,,564.9900000000000000,564.9900
20014,,78.9800000000000000,78.9800
20013,,539.9900000000000000,539.9900
20012,,554.9700000000000000,554.9700
20011,,539.9900000000000000,539.9900
20010,,69.9900000000000000,69.9900
20009,,1184.4600000000000000,1184.4600
20008,,69.9900000000000000,69.9900
20007,,2247.7400000000000000,4495.4800
20006,,1155.4800000000000000,1155.4800
20005,,1143.4600000000000000,1143.4600
20004,,589.9600000000000000,589.9600
20003,,579.9700000000000000,579.9700
20002,,589.9600000000000000,589.9600
20001,,1155.4800000000000000,1155.4800
20000,,2247.7400000000000000,4495.4800
19999,,1147.7700000000000000,1147.7700
19998,,1155.4800000000000000,1155.4800
19997,,2907.4900000000000000,5814.9800
19996,,69.9900000000000000,69.9900
19995,,618.9800000000000000,618.9800
19994,,539.9900000000000000,539.9900
19993,,1184.4600000000000000,1184.4600
19992,,586.9700000000000000,586.9700
19991,,596.9600000000000000,596.9600
19990,,548.9800000000000000,548.9800
19989,,2247.7400000000000000,4495.4800
19988,,2277.7350000000000000,4555.4700
19987,,2282.2250000000000000,4564.4500
19986,,1189.4600000000000000,1189.4600
19985,,1174.4800000000000000,1174.4800
19984,,1183.4700000000000000,1183.4700
19983,,1120.4900000000000000,1120.4900
19982,,589.9600000000000000,589.9600
19981,,1155.4800000000000000,1155.4800
19980,,94.4800000000000000,94.4800
19979,,3045.2950000000000000,6090.5900
19978,,3030.2500000000000000,6060.5000
19977,,3022.2950000000000000,6044.5900
19976,,22.0200000000000000,44.0400
19975,,3028.3050000000000000,6056.6100
19974,,3010.8100000000000000,6021.6200
19973,,41.7200000000000000,83.4400
19972,,24.8500000000000000,49.7000
19971,,3028.3050000000000000,6056.6100
19970,,3049.5500000000000000,6099.1000
19969,,49.2250000000000000,98.4500
19968,,3010.8100000000000000,6021.6200
19967,,3014.7850000000000000,6029.5700
19966,,3010.8100000000000000,6021.6200
19965,,3028.3050000000000000,6056.6100
19964,,3028.3050000000000000,6056.6100
19963,,3027.1100000000000000,6054.2200
19962,,23.3750000000000000,46.7500
19961,,48.9850000000000000,97.9700
19960,,3060.0550000000000000,6120.1100
19959,,3028.3050000000000000,6056.6100
19958,,3028.2550000000000000,6056.5100
19957,,3017.8000000000000000,6035.6000
19956,,3030.2500000000000000,6060.5000
19955,,86.7250000000000000,173.4500
19954,,37.2250000000000000,74.4500
19953,,24.2250000000000000,48.4500
19952,,19.7300000000000000,39.4600
19951,,3010.8100000000000000,6021.6200
19950,,3049.2700000000000000,6098.5400
19949,,3027.1100000000000000,6054.2200
19948,,3010.8100000000000000,6021.6200
19947,,3028.2550000000000000,6056.5100
19946,,86.9500000000000000,86.9500
19945,,1568.9850000000000000,3137.9700
19944,,1552.6350000000000000,3105.2700
19943,,1556.4850000000000000,3112.9700
19942,,1517.0341000000000000,3034.0682
19941,,1539.0291000000000000,3078.0582
19940,,1720.2137500000000000,3440.4275
19939,,48.9700000000000000,48.9700
19938,,4.9900000000000000,4.9900
19937,,72.9600000000000000,72.9600
19936,,28.9800000000000000,28.9800
19935,,82.9700000000000000,82.9700
19934,,193.4400000000000000,193.4400
19933,,4.9900000000000000,4.9900
19932,,24.9900000000000000,24.9900
19931,,1562.9550000000000000,3125.9100
19930,,1557.6350000000000000,3115.2700
19929,,63.9700000000000000,63.9700
19928,,4.9900000000000000,4.9900
19927,,4.9900000000000000,4.9900
19926,,39.9800000000000000,39.9800
19925,,83.9700000000000000,83.9700
19924,,1585.9750000000000000,3171.9500
19923,,24.9900000000000000,24.9900
19922,,1568.9850000000000000,3137.9700
19921,,63.9700000000000000,63.9700
19920,,91.9600000000000000,91.9600
19919,,4.9900000000000000,4.9900
19918,,1680.2037500000000000,3360.4075
19917,,1684.7037500000000000,3369.4075
19916,,1677.1937500000000000,3354.3875
19915,,78.9700000000000000,78.9700
19914,,31.2700000000000000,31.2700
19913,,28.9800000000000000,28.9800
19912,,1713.6937500000000000,3427.3875
19911,,1667.7037500000000000,3335.4075
19910,,1594.2300000000000000,3188.4600
19909,,63.9700000000000000,63.9700
19908,,49.4800000000000000,49.4800
19907,,32.2700000000000000,32.2700
19906,,13.9800000000000000,13.9800
19905,,7.2800000000000000,7.2800
19904,,1509.1791000000000000,3018.3582
19903,,1588.9700000000000000,3177.9400
19902,,1540.1350000000000000,3080.2700
19901,,1508.0341000000000000,3016.0682
19900,,27.2800000000000000,27.2800
19899,,1563.9750000000000000,3127.9500
19898,,27.2800000000000000,27.2800
19897,,596.9600000000000000,596.9600
19896,,69.9900000000000000,69.9900
19895,,128.9700000000000000,128.9700
19894,,69.9900000000000000,69.9900
19893,,119.9800000000000000,119.9800
19892,,1155.4800000000000000,1155.4800
19891,,1174.4800000000000000,1174.4800
19890,,119.9800000000000000,119.9800
19889,,539.9900000000000000,539.9900
19888,,119.9800000000000000,119.9800
19887,,78.9800000000000000,78.9800
19886,,78.9800000000000000,78.9800
19885,,123.9800000000000000,123.9800
19884,,2294.2250000000000000,4588.4500
19883,,548.9800000000000000,548.9800
19882,,123.9800000000000000,123.9800
19881,,78.9800000000000000,78.9800
19880,,69.9900000000000000,69.9900
19879,,69.9900000000000000,69.9900
19878,,69.9900000000000000,69.9900
19877,,69.9900000000000000,69.9900
19876,,78.9800000000000000,78.9800
19875,,1199.4600000000000000,1199.4600
19874,,2272.2250000000000000,4544.4500
19873,,7.2800000000000000,7.2800
19872,,7.2800000000000000,7.2800
19871,,69.9900000000000000,69.9900
19870,,38.6250000000000000,77.2500
19869,,608.9600000000000000,608.9600
19868,,119.9800000000000000,119.9800
19867,,1155.4800000000000000,1155.4800
19866,,69.9900000000000000,69.9900
19865,,1155.4800000000000000,1155.4800
19864,,69.9900000000000000,69.9900
19863,,69.9900000000000000,69.9900
19862,,49.2400000000000000,98.4800
19861,,78.9800000000000000,78.9800
19860,,132.9700000000000000,132.9700
19859,,69.9900000000000000,69.9900
19858,,94.4800000000000000,94.4800
19857,,69.9900000000000000,69.9900
19856,,144.4700000000000000,144.4700
19855,,2854.9800000000000000,5709.9600
19854,,554.9700000000000000,554.9700
19853,,119.9800000000000000,119.9800
19852,,69.9900000000000000,69.9900
19851,,123.9800000000000000,123.9800
19850,,119.9800000000000000,119.9800
19849,,1147.7700000000000000,1147.7700
19848,,123.9800000000000000,123.9800
19847,,21.9800000000000000,21.9800
19846,,69.9900000000000000,69.9900
19845,,639.9500000000000000,639.9500
19844,,2903.9650000000000000,5807.9300
19843,,564.9900000000000000,564.9900
19842,,564.2600000000000000,564.2600
19841,,604.4600000000000000,604.4600
19840,,119.9800000000000000,119.9800
19839,,97.4800000000000000,194.9600
19838,,604.9600000000000000,604.9600
19837,,589.9800000000000000,589.9800
19836,,39.4800000000000000,78.9600
19835,,78.9800000000000000,78.9800
19834,,119.9800000000000000,119.9800
19833,,69.9900000000000000,69.9900
19832,,69.9900000000000000,69.9900
19831,,579.9700000000000000,579.9700
19830,,2882.9600000000000000,5765.9200
19829,,2266.7250000000000000,4533.4500
19828,,21.9800000000000000,21.9800
19827,,21.9800000000000000,21.9800
19826,,71.9700000000000000,71.9700
19825,,69.9900000000000000,69.9900
19824,,629.4500000000000000,629.4500
19823,,46.4700000000000000,46.4700
19822,,36.9600000000000000,36.9600
19821,,564.9900000000000000,564.9900
19820,,1155.4800000000000000,1155.4800
19819,,123.9800000000000000,123.9800
19818,,78.9800000000000000,78.9800
19817,,59.4700000000000000,118.9400
19816,,123.9800000000000000,123.9800
19815,,597.2600000000000000,597.2600
19814,,589.9800000000000000,589.9800
19813,,539.9900000000000000,539.9900
19812,,589.9600000000000000,589.9600
19811,,69.9900000000000000,69.9900
19810,,78.9800000000000000,78.9800
19809,,69.9900000000000000,69.9900
19808,,589.9800000000000000,589.9800
19807,,17.7350000000000000,35.4700
19806,,119.9800000000000000,119.9800
19805,,69.9900000000000000,69.9900
19804,,123.9800000000000000,123.9800
19803,,574.9800000000000000,574.9800
19802,,3374.9900000000000000,3374.9900
19801,,64.3366666666666667,193.0100
19800,,69.9900000000000000,69.9900
19799,,78.9800000000000000,78.9800
19798,,64.2200000000000000,128.4400
19797,,3010.8100000000000000,6021.6200
19796,,49.4700000000000000,98.9400
19795,,3022.2950000000000000,6044.5900
19794,,3049.2900000000000000,6098.5800
19793,,3028.3050000000000000,6056.6100
19792,,3028.3050000000000000,6056.6100
19791,,3029.1050000000000000,6058.2100
19790,,3044.7950000000000000,6089.5900
19789,,3029.1050000000000000,6058.2100
19788,,3028.3050000000000000,6056.6100
19787,,3027.1100000000000000,6054.2200
19786,,3010.8100000000000000,6021.6200
19785,,3038.3050000000000000,6076.6100
19784,,3010.8100000000000000,6021.6200
19783,,3010.8100000000000000,6021.6200
19782,,3044.7950000000000000,6089.5900
19781,,23.1300000000000000,46.2600
19780,,614.9600000000000000,614.9600
19779,,69.9900000000000000,69.9900
19778,,69.9900000000000000,69.9900
19777,,119.9800000000000000,119.9800
19776,,94.4800000000000000,94.4800
19775,,1183.4700000000000000,1183.4700
19774,,148.4700000000000000,148.4700
19773,,3028.3050000000000000,6056.6100
19772,,3015.3050000000000000,6030.6100
19771,,2083.6150000000000000,4167.2300
19770,,2063.6250000000000000,4127.2500
19769,,539.9900000000000000,539.9900
19768,,1143.4600000000000000,1143.4600
19767,,94.4800000000000000,94.4800
19766,,2083.6150000000000000,4167.2300
19765,,2066.1200000000000000,4132.2400
19764,,12.9400000000000000,12.9400
19763,,2076.6250000000000000,4153.2500
19762,,48.9700000000000000,48.9700
19761,,67.9300000000000000,67.9300
19760,,128.9700000000000000,128.9700
19759,,78.9800000000000000,78.9800
19758,,78.9800000000000000,78.9800
19757,,18.6350000000000000,37.2700
19756,,78.9800000000000000,78.9800
19755,,69.9900000000000000,69.9900
19754,,78.9800000000000000,78.9800
19753,,4.9900000000000000,4.9900
19752,,58.9800000000000000,58.9800
19751,,18.6350000000000000,37.2700
19750,,38.6250000000000000,77.2500
19749,,682.9200000000000000,682.9200
19748,,4.9900000000000000,4.9900
19747,,148.4700000000000000,148.4700
19746,,2329.9900000000000000,2329.9900
19745,,1174.4800000000000000,1174.4800
19744,,1179.4700000000000000,1179.4700
19743,,1194.9700000000000000,1194.9700
19742,,94.4800000000000000,94.4800
19741,,78.9800000000000000,78.9800
19740,,589.9600000000000000,589.9600
19739,,614.9600000000000000,614.9600
19738,,604.9600000000000000,604.9600
19737,,621.9600000000000000,621.9600
19736,,663.9500000000000000,663.9500
19735,,572.2600000000000000,572.2600
19734,,119.9800000000000000,119.9800
19733,,69.9900000000000000,69.9900
19732,,78.9800000000000000,78.9800
19731,,78.9800000000000000,78.9800
19730,,639.4500000000000000,639.4500
19729,,18.6350000000000000,37.2700
19728,,119.9800000000000000,119.9800
19727,,69.9900000000000000,69.9900
19726,,32.1200000000000000,64.2400
19725,,1179.9700000000000000,1179.9700
19724,,1155.4800000000000000,1155.4800
19723,,574.9800000000000000,574.9800
19722,,586.4600000000000000,586.4600
19721,,564.2600000000000000,564.2600
19720,,78.9800000000000000,78.9800
19719,,659.9400000000000000,659.9400
19718,,579.9700000000000000,579.9700
19717,,1137.4300000000000000,1137.4300
19716,,1155.4800000000000000,1155.4800
19715,,123.9800000000000000,123.9800
19714,,548.9800000000000000,548.9800
19713,,78.9800000000000000,78.9800
19712,,119.9800000000000000,119.9800
19711,,78.9800000000000000,78.9800
19710,,2351.9600000000000000,2351.9600
19709,,98.6250000000000000,197.2500
19708,,564.9900000000000000,564.9900
19707,,78.9800000000000000,78.9800
19706,,617.9500000000000000,617.9500
19705,,2341.9700000000000000,2341.9700
19704,,1143.4600000000000000,1143.4600
19703,,69.9900000000000000,69.9900
19702,,69.9900000000000000,69.9900
19701,,1184.4600000000000000,1184.4600
19700,,119.9800000000000000,119.9800
19699,,133.4900000000000000,133.4900
19698,,726.2700000000000000,726.2700
19697,,539.9900000000000000,539.9900
19696,,597.2600000000000000,597.2600
19695,,94.4800000000000000,94.4800
19694,,69.9900000000000000,69.9900
19693,,71.9500000000000000,71.9500
19692,,94.4800000000000000,94.4800
19691,,569.9700000000000000,569.9700
19690,,572.2600000000000000,572.2600
19689,,680.9400000000000000,680.9400
19688,,119.9800000000000000,119.9800
19687,,592.2700000000000000,592.2700
19686,,69.9900000000000000,69.9900
19685,,78.9800000000000000,78.9800
19684,,78.9800000000000000,78.9800
19683,,1143.4600000000000000,1143.4600
19682,,1155.4800000000000000,1155.4800
19681,,1179.9700000000000000,1179.9700
19680,,1170.4800000000000000,1170.4800
19679,,1155.4800000000000000,1155.4800
19678,,1120.4900000000000000,1120.4900
19677,,58.9800000000000000,58.9800
19676,,67.9700000000000000,67.9700
19675,,198.9900000000000000,198.9900
19674,,42.2800000000000000,42.2800
19673,,37.2900000000000000,37.2900
19672,,74.9800000000000000,74.9800
19671,,1170.4800000000000000,1170.4800
19670,,1134.4700000000000000,1134.4700
19669,,78.9800000000000000,78.9800
19668,,119.9800000000000000,119.9800
19667,,150.9500000000000000,150.9500
19666,,35.0000000000000000,35.0000
19665,,69.9900000000000000,69.9900
19664,,78.9800000000000000,78.9800
19663,,69.9900000000000000,69.9900
19662,,75.9700000000000000,75.9700
19661,,2521.2700000000000000,2521.2700
19660,,119.9800000000000000,119.9800
19659,,557.2600000000000000,557.2600
19658,,539.9900000000000000,539.9900
19657,,756.2600000000000000,756.2600
19656,,13.9800000000000000,13.9800
19655,,128.9700000000000000,128.9700
19654,,78.9800000000000000,78.9800
19653,,2657.1250000000000000,5314.2500
19652,,2657.1250000000000000,5314.2500
19651,,59.2500000000000000,59.2500
19650,,42.2800000000000000,42.2800
19649,,78.9800000000000000,78.9800
19648,,33.6133333333333333,100.8400
19647,,94.0133333333333333,282.0400
19646,,65.6800000000000000,197.0400
19645,,67.2200000000000000,134.4400
19644,,4.9900000000000000,4.9900
19643,,123.9800000000000000,123.9800
19642,,44.5133333333333333,133.5400
19641,,68.4900000000000000,68.4900
19640,,84.1066666666666667,252.3200
19639,,64.4700000000000000,64.4700
19638,,4.9900000000000000,4.9900
19637,,78.9800000000000000,78.9800
19636,,133.4900000000000000,133.4900
19635,,94.4800000000000000,94.4800
19634,,69.9900000000000000,69.9900
19633,,59.9800000000000000,59.9800
19632,,56.9800000000000000,56.9800
19631,,2639.6300000000000000,5279.2600
19630,,37.2250000000000000,74.4500
19629,,54.7200000000000000,109.4400
19628,,3017.8000000000000000,6035.6000
19627,,20.8750000000000000,41.7500
19626,,19.7300000000000000,39.4600
19625,,26.3850000000000000,52.7700
19624,,56.3750000000000000,112.7500
19623,,76.9650000000000000,153.9300
19622,,30.8750000000000000,61.7500
19621,,3010.8100000000000000,6021.6200
19620,,2639.6300000000000000,5279.2600
19619,,56.3750000000000000,112.7500
19618,,59.7250000000000000,119.4500
19617,,30.8750000000000000,61.7500
19616,,2639.6300000000000000,5279.2600
19615,,2639.6300000000000000,5279.2600
19614,,3108.6050000000000000,6217.2100
19613,,3046.6000000000000000,6093.2000
19612,,3014.7850000000000000,6029.5700
19611,,3027.1100000000000000,6054.2200
19610,,59.4700000000000000,118.9400
19609,,3046.6000000000000000,6093.2000
19608,,34.2250000000000000,68.4500
19607,,3027.1100000000000000,6054.2200
19606,,83.9700000000000000,83.9700
19605,,2657.1250000000000000,5314.2500
19604,,85.8650000000000000,171.7300
19603,,29.7300000000000000,59.4600
19602,,3046.6000000000000000,6093.2000
19601,,2657.1250000000000000,5314.2500
19600,,94.4600000000000000,94.4600
19599,,2639.6300000000000000,5279.2600
19598,,2655.2650000000000000,5310.5300
19597,,29.7300000000000000,59.4600
19596,,3028.3050000000000000,6056.6100
19595,,3047.5400000000000000,6095.0800
19594,,3010.8100000000000000,6021.6200
19593,,2653.2700000000000000,5306.5400
19592,,2688.6150000000000000,5377.2300
19591,,31.7100000000000000,63.4200
19590,,32.2800000000000000,32.2800
19589,,47.6300000000000000,95.2600
19588,,3028.3050000000000000,6056.6100
19587,,57.4750000000000000,114.9500
19586,,3028.3050000000000000,6056.6100
19585,,44.7300000000000000,89.4600
19584,,58.3700000000000000,116.7400
19583,,59.7250000000000000,119.4500
19582,,30.8750000000000000,61.7500
19581,,54.7300000000000000,109.4600
19580,,86.9650000000000000,173.9300
19579,,41.9900000000000000,83.9800
19578,,45.6300000000000000,91.2600
19577,,3018.9450000000000000,6037.8900
19576,,3029.1050000000000000,6058.2100
19575,,30.0250000000000000,60.0500
19574,,48.3700000000000000,96.7400
19573,,28.8800000000000000,57.7600
19572,,41.1250000000000000,82.2500
19571,,45.4750000000000000,90.9500
19570,,37.4700000000000000,74.9400
19569,,56.1200000000000000,112.2400
19568,,3030.2500000000000000,6060.5000
19567,,52.4800000000000000,104.9600
19566,,82.4550000000000000,164.9100
19565,,2654.1200000000000000,5308.2400
19564,,2646.6200000000000000,5293.2400
19563,,2666.6250000000000000,5333.2500
19562,,2657.1250000000000000,5314.2500
19561,,3010.8100000000000000,6021.6200
19560,,3058.8450000000000000,6117.6900
19559,,3028.3050000000000000,6056.6100
19558,,3014.7850000000000000,6029.5700
19557,,2679.1200000000000000,5358.2400
19556,,3017.8000000000000000,6035.6000
19555,,3055.3000000000000000,6110.6000
19554,,86.9500000000000000,86.9500
19553,,31.9700000000000000,31.9700
19552,,69.9900000000000000,69.9900
19551,,69.9900000000000000,69.9900
19550,,1269.4700000000000000,1269.4700
19549,,1183.4700000000000000,1183.4700
19548,,1183.4700000000000000,1183.4700
19547,,1179.9700000000000000,1179.9700
19546,,1174.4800000000000000,1174.4800
19545,,1179.4700000000000000,1179.4700
19544,,132.9700000000000000,132.9700
19543,,133.4900000000000000,133.4900
19542,,579.9700000000000000,579.9700
19541,,65.6200000000000000,131.2400
19540,,69.9900000000000000,69.9900
19539,,1120.4900000000000000,1120.4900
19538,,1155.4800000000000000,1155.4800
19537,,1155.4800000000000000,1155.4800
19536,,1120.4900000000000000,1120.4900
19535,,1170.4800000000000000,1170.4800
19534,,1179.4700000000000000,1179.4700
19533,,1155.4800000000000000,1155.4800
19532,,1205.4700000000000000,1205.4700
19531,,1179.9700000000000000,1179.9700
19530,,1120.4900000000000000,1120.4900
19529,,1169.4600000000000000,1169.4600
19528,,78.9800000000000000,78.9800
19527,,1219.4500000000000000,1219.4500
19526,,1179.4700000000000000,1179.4700
19525,,40.1050000000000000,80.2100
19524,,23.2200000000000000,23.2200
19523,,31.2700000000000000,31.2700
19522,,63.9700000000000000,63.9700
19521,,53.9800000000000000,53.9800
19520,,87.9700000000000000,87.9700
19519,,38.9800000000000000,38.9800
19518,,947.0341000000000000,1894.0682
19517,,969.2350000000000000,1938.4700
19516,,3.9900000000000000,3.9900
19515,,6.2800000000000000,6.2800
19514,,78.9600000000000000,78.9600
19513,,24.9900000000000000,24.9900
19512,,86.2600000000000000,86.2600
19511,,1762.1787500000000000,3524.3575
19510,,1725.8687500000000000,3451.7375
19509,,43.9700000000000000,43.9700
19508,,6.2800000000000000,6.2800
19507,,6.2800000000000000,6.2800
19506,,1740.1887500000000000,3480.3775
19505,,53.4700000000000000,53.4700
19504,,691.4850000000000000,1382.9700
19503,,695.9750000000000000,1391.9500
19502,,1782.6787500000000000,3565.3575
19501,,909.7941000000000000,1819.5882
19500,,1739.3887500000000000,3478.7775
19499,,1746.3787500000000000,3492.7575
19498,,31.2700000000000000,31.2700
19497,,28.9800000000000000,28.9800
19496,,927.2891000000000000,1854.5782
19495,,38.9800000000000000,38.9800
19494,,6.2800000000000000,6.2800
19493,,1757.6837500000000000,3515.3675
19492,,6.2800000000000000,6.2800
19491,,6.2800000000000000,6.2800
19490,,62.9700000000000000,62.9700
19489,,38.9800000000000000,38.9800
19488,,47.9700000000000000,47.9700
19487,,6.2800000000000000,6.2800
19486,,118.9600000000000000,118.9600
19485,,6.2800000000000000,6.2800
19484,,38.9800000000000000,38.9800
19483,,33.9800000000000000,33.9800
19482,,927.2891000000000000,1854.5782
19481,,3.9900000000000000,3.9900
19480,,967.3750000000000000,1934.7500
19479,,1721.8937500000000000,3443.7875
19478,,23.7800000000000000,23.7800
19477,,1766.8837500000000000,3533.7675
19476,,1448.8060666666666667,4346.4182
19475,,697.4650000000000000,1394.9300
19474,,794.8750000000000000,1589.7500
19473,,958.7300000000000000,1917.4600
19472,,927.2891000000000000,1854.5782
19471,,1739.3887500000000000,3478.7775
19470,,74.9800000000000000,74.9800
19469,,38.9800000000000000,38.9800
19468,,6.2800000000000000,6.2800
19467,,1742.6887500000000000,3485.3775
19466,,63.9700000000000000,63.9700
19465,,4.9900000000000000,4.9900
19464,,58.9800000000000000,58.9800
19463,,4.9900000000000000,4.9900
19462,,29.4800000000000000,29.4800
19461,,24.9900000000000000,24.9900
19460,,29.4800000000000000,29.4800
19459,,1739.3887500000000000,3478.7775
19458,,978.7350000000000000,1957.4700
19457,,92.4800000000000000,92.4800
19456,,37.2700000000000000,37.2700
19455,,1739.3887500000000000,3478.7775
19454,,1454.6327333333333333,4363.8982
19453,,1422.6327333333333333,4267.8982
19452,,805.7300000000000000,1611.4600
19451,,934.7891000000000000,1869.5782
19450,,943.7791000000000000,1887.5582
19449,,45.2200000000000000,45.2200
19448,,1771.9387500000000000,3543.8775
19447,,793.7300000000000000,1587.4600
19446,,780.2150000000000000,1560.4300
19445,,63.9700000000000000,63.9700
19444,,58.9800000000000000,58.9800
19443,,931.7841000000000000,1863.5682
19442,,801.2350000000000000,1602.4700
19441,,783.7300000000000000,1567.4600
19440,,1746.3787500000000000,3492.7575
19439,,1449.9627333333333333,4349.8882
19438,,1445.9660666666666667,4337.8982
19437,,1740.1887500000000000,3480.3775
19436,,971.3500000000000000,1942.7000
19435,,1728.8837500000000000,3457.7675
19434,,967.3750000000000000,1934.7500
19433,,1739.3887500000000000,3478.7775
19432,,934.7891000000000000,1869.5782
19431,,4.9900000000000000,4.9900
19430,,63.9700000000000000,63.9700
19429,,927.2891000000000000,1854.5782
19428,,939.2841000000000000,1878.5682
19427,,983.7250000000000000,1967.4500
19426,,969.2350000000000000,1938.4700
19425,,31.2700000000000000,31.2700
19424,,1755.8787500000000000,3511.7575
19423,,969.2350000000000000,1938.4700
19422,,909.7941000000000000,1819.5882
19421,,965.3800000000000000,1930.7600
19420,,1438.2927333333333333,4314.8782
19419,,801.2350000000000000,1602.4700
19418,,1738.1937500000000000,3476.3875
19417,,927.2891000000000000,1854.5782
19416,,1738.1937500000000000,3476.3875
19415,,1217.5391000000000000,2435.0782
19414,,1145.4800000000000000,1145.4800
19413,,1145.4800000000000000,1145.4800
19412,,618.4700000000000000,618.4700
19411,,34.9850000000000000,69.9700
19410,,1120.4900000000000000,1120.4900
19409,,1183.4700000000000000,1183.4700
19408,,1129.4800000000000000,1129.4800
19407,,1155.4800000000000000,1155.4800
19406,,1188.4600000000000000,1188.4600
19405,,1170.4800000000000000,1170.4800
19404,,4.9900000000000000,4.9900
19403,,1155.4800000000000000,1155.4800
19402,,1254.4700000000000000,1254.4700
19401,,1170.4800000000000000,1170.4800
19400,,1179.4700000000000000,1179.4700
19399,,75.7150000000000000,151.4300
19398,,69.9900000000000000,69.9900
19397,,78.9800000000000000,78.9800
19396,,1169.4600000000000000,1169.4600
19395,,1155.4800000000000000,1155.4800
19394,,1155.4800000000000000,1155.4800
19393,,1134.4700000000000000,1134.4700
19392,,27.2800000000000000,27.2800
19391,,42.9300000000000000,42.9300
19390,,4.9900000000000000,4.9900
19389,,138.4500000000000000,138.4500
19388,,45.2200000000000000,45.2200
19387,,1232.0291000000000000,2464.0582
19386,,969.2350000000000000,1938.4700
19385,,116.9500000000000000,116.9500
19384,,32.2800000000000000,32.2800
19383,,119.9600000000000000,119.9600
19382,,1721.8937500000000000,3443.7875
19381,,976.7350000000000000,1953.4700
19380,,967.3750000000000000,1934.7500
19379,,103.4600000000000000,103.4600
19378,,24.9900000000000000,24.9900
19377,,115.9200000000000000,115.9200
19376,,29.4800000000000000,29.4800
19375,,120.4600000000000000,120.4600
19374,,29.4800000000000000,29.4800
19373,,89.9700000000000000,89.9700
19372,,29.4800000000000000,29.4800
19371,,32.2800000000000000,32.2800
19370,,4.9900000000000000,4.9900
19369,,63.9700000000000000,63.9700
19368,,32.2800000000000000,32.2800
19367,,58.9800000000000000,58.9800
19366,,808.7300000000000000,1617.4600
19365,,1440.6294000000000000,4321.8882
19364,,1437.6360666666666667,4312.9082
19363,,4.9900000000000000,4.9900
19362,,1721.8937500000000000,3443.7875
19361,,1739.3887500000000000,3478.7775
19360,,1755.8787500000000000,3511.7575
19359,,1739.3887500000000000,3478.7775
19358,,13.9800000000000000,13.9800
19357,,1239.2841000000000000,2478.5682
19356,,78.9600000000000000,78.9600
19355,,24.9900000000000000,24.9900
19354,,37.2700000000000000,37.2700
19353,,1200.0441000000000000,2400.0882
19352,,13.9800000000000000,13.9800
19351,,4.9900000000000000,4.9900
19350,,23.7800000000000000,23.7800
19349,,69.9700000000000000,69.9700
19348,,21.4900000000000000,21.4900
19347,,27.7700000000000000,27.7700
19346,,21.4900000000000000,21.4900
19345,,69.9700000000000000,69.9700
19344,,186.2800000000000000,186.2800
19343,,976.2250000000000000,1952.4500
19342,,31.2700000000000000,31.2700
19341,,1749.3887500000000000,3498.7775
19340,,1437.9627333333333333,4313.8882
19339,,1438.6327333333333333,4315.8982
19338,,791.7250000000000000,1583.4500
19337,,787.7087500000000000,1575.4175
19336,,978.7350000000000000,1957.4700
19335,,978.7350000000000000,1957.4700
19334,,63.9700000000000000,63.9700
19333,,35.2300000000000000,35.2300
19332,,82.9700000000000000,82.9700
19331,,28.9800000000000000,28.9800
19330,,31.2700000000000000,31.2700
19329,,1229.5341000000000000,2459.0682
19328,,27.2800000000000000,27.2800
19327,,4.9900000000000000,4.9900
19326,,951.7400000000000000,1903.4800
19325,,1415.0727333333333333,4245.2182
19324,,801.2350000000000000,1602.4700
19323,,792.3800000000000000,1584.7600
19322,,782.7137500000000000,1565.4275
19321,,1368.2087500000000000,2736.4175
19320,,990.9800000000000000,1981.9600
19319,,1281.2300000000000000,2562.4600
19318,,1268.9850000000000000,2537.9700
19317,,4.9900000000000000,4.9900
19316,,1350.7137500000000000,2701.4275
19315,,1268.9850000000000000,2537.9700
19314,,1365.2037500000000000,2730.4075
19313,,1266.7300000000000000,2533.4600
19312,,782.3487500000000000,1564.6975
19311,,1546.7525000000000000,4640.2575
19310,,805.7300000000000000,1611.4600
19309,,1259.4850000000000000,2518.9700
19308,,774.7087500000000000,1549.4175
19307,,148.9800000000000000,148.9800
19306,,29.4800000000000000,29.4800
19305,,811.1987500000000000,1622.3975
19304,,83.9700000000000000,83.9700
19303,,39.9800000000000000,39.9800
19302,,788.6937500000000000,1577.3875
19301,,795.2087500000000000,1590.4175
19300,,36.9300000000000000,36.9300
19299,,793.7037500000000000,1587.4075
19298,,1511.7591666666666667,4535.2775
19297,,1271.4800000000000000,2542.9600
19296,,1273.9750000000000000,2547.9500
19295,,1241.9900000000000000,2483.9800
19294,,1410.1937500000000000,2820.3875
19293,,1266.9850000000000000,2533.9700
19292,,1259.4850000000000000,2518.9700
19291,,28.9800000000000000,28.9800
19290,,802.6987500000000000,1605.3975
19289,,1382.6987500000000000,2765.3975
19288,,1368.2087500000000000,2736.4175
19287,,1254.4850000000000000,2508.9700
19286,,1377.7087500000000000,2755.4175
19285,,1375.7087500000000000,2751.4175
19284,,1368.2087500000000000,2736.4175
19283,,1382.2037500000000000,2764.4075
19282,,1260.4550000000000000,2520.9100
19281,,67.9700000000000000,67.9700
19280,,1268.9850000000000000,2537.9700
19279,,63.9700000000000000,63.9700
19278,,787.7087500000000000,1575.4175
19277,,39.9800000000000000,39.9800
19276,,1273.9750000000000000,2547.9500
19275,,13.9800000000000000,13.9800
19274,,1350.7137500000000000,2701.4275
19273,,39.9800000000000000,39.9800
19272,,13.9800000000000000,13.9800
19271,,2076.6250000000000000,4153.2500
19270,,2063.6250000000000000,4127.2500
19269,,2059.1300000000000000,4118.2600
19268,,39.9900000000000000,39.9900
19267,,42.2800000000000000,42.2800
19266,,42.2800000000000000,42.2800
19265,,42.2800000000000000,42.2800
19264,,2066.1200000000000000,4132.2400
19263,,793.7037500000000000,1587.4075
19262,,24.9900000000000000,24.9900
19261,,82.9700000000000000,82.9700
19260,,796.3537500000000000,1592.7075
19259,,28.9800000000000000,28.9800
19258,,787.2087500000000000,1574.4175
19257,,1369.9487500000000000,2739.8975
19256,,1259.4850000000000000,2518.9700
19255,,1241.9900000000000000,2483.9800
19254,,1350.7137500000000000,2701.4275
19253,,770.2137500000000000,1540.4275
19252,,94.9700000000000000,94.9700
19251,,27.2800000000000000,27.2800
19250,,31.2700000000000000,31.2700
19249,,63.9700000000000000,63.9700
19248,,147.2800000000000000,147.2800
19247,,24.9900000000000000,24.9900
19246,,69.9900000000000000,69.9900
19245,,119.9800000000000000,119.9800
19244,,133.4900000000000000,133.4900
19243,,69.9900000000000000,69.9900
19242,,69.9900000000000000,69.9900
19241,,148.4700000000000000,148.4700
19240,,1155.4800000000000000,1155.4800
19239,,78.9800000000000000,78.9800
19238,,69.9900000000000000,69.9900
19237,,69.9900000000000000,69.9900
19236,,119.9800000000000000,119.9800
19235,,119.9800000000000000,119.9800
19234,,119.9800000000000000,119.9800
19233,,69.9900000000000000,69.9900
19232,,30.4800000000000000,60.9600
19231,,69.9900000000000000,69.9900
19230,,78.9800000000000000,78.9800
19229,,123.9800000000000000,123.9800
19228,,123.9800000000000000,123.9800
19227,,69.9900000000000000,69.9900
19226,,119.9800000000000000,119.9800
19225,,1218.9800000000000000,1218.9800
19224,,117.5066666666666667,352.5200
19223,,28.2133333333333333,84.6400
19222,,54.9800000000000000,54.9800
19221,,59.9800000000000000,59.9800
19220,,32.5400000000000000,97.6200
19219,,78.9800000000000000,78.9800
19218,,132.9700000000000000,132.9700
19217,,61.6733333333333333,185.0200
19216,,54.9800000000000000,54.9800
19215,,123.4800000000000000,123.4800
19214,,4.9900000000000000,4.9900
19213,,1155.4800000000000000,1155.4800
19212,,1174.4800000000000000,1174.4800
19211,,1120.4900000000000000,1120.4900
19210,,4.9900000000000000,4.9900
19209,,574.9800000000000000,574.9800
19208,,98.9600000000000000,98.9600
19207,,791.3200000000000000,791.3200
19206,,553.9700000000000000,553.9700
19205,,1249.8400000000000000,1249.8400
19204,,539.9900000000000000,539.9900
19203,,539.9900000000000000,539.9900
19202,,1170.4800000000000000,1170.4800
19201,,1120.4900000000000000,1120.4900
19200,,54.6200000000000000,109.2400
19199,,1134.4700000000000000,1134.4700
19198,,1155.4800000000000000,1155.4800
19197,,1536.5791666666666667,4609.7375
19196,,1552.5791666666666667,4657.7375
19195,,818.6887500000000000,1637.3775
19194,,794.8750000000000000,1589.7500
19193,,804.6987500000000000,1609.3975
19192,,841.2037500000000000,1682.4075
19191,,74.9800000000000000,74.9800
19190,,27.2800000000000000,27.2800
19189,,29.4800000000000000,29.4800
19188,,1366.3487500000000000,2732.6975
19187,,147.2800000000000000,147.2800
19186,,781.2037500000000000,1562.4075
19185,,58.9800000000000000,58.9800
19184,,24.9900000000000000,24.9900
19183,,48.9700000000000000,48.9700
19182,,39.9800000000000000,39.9800
19181,,1259.4850000000000000,2518.9700
19180,,39.9800000000000000,39.9800
19179,,12.9400000000000000,12.9400
19178,,24.9900000000000000,24.9900
19177,,38.9800000000000000,38.9800
19176,,63.9700000000000000,63.9700
19175,,24.9900000000000000,24.9900
19174,,1241.9900000000000000,2483.9800
19173,,797.2087500000000000,1594.4175
19172,,804.7037500000000000,1609.4075
19171,,1174.4800000000000000,1174.4800
19170,,1151.7600000000000000,1151.7600
19169,,1170.4800000000000000,1170.4800
19168,,119.9800000000000000,119.9800
19167,,1120.4900000000000000,1120.4900
19166,,69.9900000000000000,69.9900
19165,,633.9600000000000000,633.9600
19164,,629.9600000000000000,629.9600
19163,,539.9900000000000000,539.9900
19162,,563.9600000000000000,563.9600
19161,,584.9000000000000000,584.9000
19160,,1183.4700000000000000,1183.4700
19159,,1120.4900000000000000,1120.4900
19158,,1735.9800000000000000,1735.9800
19157,,1700.9900000000000000,1700.9900
19156,,1728.2700000000000000,1728.2700
19155,,78.9800000000000000,78.9800
19154,,69.9900000000000000,69.9900
19153,,69.9900000000000000,69.9900
19152,,78.9800000000000000,78.9800
19151,,69.9900000000000000,69.9900
19150,,32.9750000000000000,65.9500
19149,,123.9800000000000000,123.9800
19148,,1750.9800000000000000,1750.9800
19147,,66.8550000000000000,133.7100
19146,,1764.9600000000000000,1764.9600
19145,,133.4900000000000000,133.4900
19144,,614.9600000000000000,614.9600
19143,,605.2100000000000000,605.2100
19142,,618.9800000000000000,618.9800
19141,,579.9700000000000000,579.9700
19140,,564.9800000000000000,564.9800
19139,,69.9900000000000000,69.9900
19138,,69.9900000000000000,69.9900
19137,,1735.9800000000000000,1735.9800
19136,,78.9800000000000000,78.9800
19135,,69.9900000000000000,69.9900
19134,,69.9900000000000000,69.9900
19133,,1700.9900000000000000,1700.9900
19132,,69.9900000000000000,69.9900
19131,,1725.4800000000000000,1725.4800
19130,,664.9500000000000000,664.9500
19129,,639.4500000000000000,639.4500
19128,,642.9100000000000000,642.9100
19127,,579.9700000000000000,579.9700
19126,,69.9900000000000000,69.9900
19125,,1735.9800000000000000,1735.9800
19124,,1754.9800000000000000,1754.9800
19123,,1170.4800000000000000,1170.4800
19122,,588.9600000000000000,588.9600
19121,,656.9400000000000000,656.9400
19120,,1729.9700000000000000,1729.9700
19119,,1764.9600000000000000,1764.9600
19118,,1120.4900000000000000,1120.4900
19117,,1750.9800000000000000,1750.9800
19116,,1183.4700000000000000,1183.4700
19115,,148.4700000000000000,148.4700
19114,,1735.9800000000000000,1735.9800
19113,,1184.4600000000000000,1184.4600
19112,,1764.9600000000000000,1764.9600
19111,,609.9500000000000000,609.9500
19110,,604.9600000000000000,604.9600
19109,,1728.2700000000000000,1728.2700
19108,,1700.9900000000000000,1700.9900
19107,,69.9900000000000000,69.9900
19106,,32.4750000000000000,64.9500
19105,,3028.3050000000000000,6056.6100
19104,,49.9700000000000000,99.9400
19103,,31.9550000000000000,63.9100
19102,,3014.7850000000000000,6029.5700
19101,,52.2100000000000000,104.4200
19100,,39.6300000000000000,79.2600
19099,,3019.2800000000000000,6038.5600
19098,,61.1200000000000000,122.2400
19097,,12.1350000000000000,24.2700
19096,,3045.2950000000000000,6090.5900
19095,,3028.3050000000000000,6056.6100
19094,,3010.8100000000000000,6021.6200
19093,,3017.8000000000000000,6035.6000
19092,,39.1300000000000000,78.2600
19091,,12.1350000000000000,24.2700
19090,,29.6300000000000000,59.2600
19089,,3046.6000000000000000,6093.2000
19088,,12.1350000000000000,24.2700
19087,,23.6000000000000000,47.2000
19086,,39.1300000000000000,78.2600
19085,,39.1300000000000000,78.2600
19084,,3046.6000000000000000,6093.2000
19083,,3010.8100000000000000,6021.6200
19082,,39.9800000000000000,39.9800
19081,,32.2700000000000000,32.2700
19080,,29.9800000000000000,29.9800
19079,,24.9900000000000000,24.9900
19078,,32.2700000000000000,32.2700
19077,,39.9800000000000000,39.9800
19076,,1588.9800000000000000,3177.9600
19075,,64.9700000000000000,64.9700
19074,,29.9800000000000000,29.9800
19073,,2380.1600000000000000,4760.3200
19072,,48.9700000000000000,48.9700
19071,,115.9500000000000000,115.9500
19070,,2374.1650000000000000,4748.3300
19069,,1556.4850000000000000,3112.9700
19068,,64.9700000000000000,64.9700
19067,,1690.4537500000000000,3380.9075
19066,,84.9600000000000000,84.9600
19065,,1647.7137500000000000,3295.4275
19064,,32.2700000000000000,32.2700
19063,,64.9700000000000000,64.9700
19062,,79.9500000000000000,79.9500
19061,,64.9700000000000000,64.9700
19060,,29.9300000000000000,29.9300
19059,,85.4800000000000000,85.4800
19058,,2262.2412500000000000,4524.4825
19057,,1661.3587500000000000,3322.7175
19056,,37.9300000000000000,37.9300
19055,,45.9500000000000000,45.9500
19054,,21.9800000000000000,21.9800
19053,,24.9900000000000000,24.9900
19052,,1570.1350000000000000,3140.2700
19051,,1552.2841000000000000,3104.5682
19050,,56.9700000000000000,56.9700
19049,,2419.1500000000000000,4838.3000
19048,,2382.8150000000000000,4765.6300
19047,,71.9500000000000000,71.9500
19046,,1660.2137500000000000,3320.4275
19045,,48.9700000000000000,48.9700
19044,,29.9300000000000000,29.9300
19043,,24.9900000000000000,24.9900
19042,,64.9700000000000000,64.9700
19041,,1544.5391000000000000,3089.0782
19040,,1655.2037500000000000,3310.4075
19039,,7.2800000000000000,7.2800
19038,,1659.1787500000000000,3318.3575
19037,,2429.1700000000000000,4858.3400
19036,,2381.6700000000000000,4763.3400
19035,,1660.2137500000000000,3320.4275
19034,,1661.3587500000000000,3322.7175
19033,,1569.5341000000000000,3139.0682
19032,,2312.8608333333333333,6938.5825
19031,,2408.7933333333333333,7226.3800
19030,,1655.2037500000000000,3310.4075
19029,,1669.7037500000000000,3339.4075
19028,,1531.5291000000000000,3063.0582
19027,,1514.5391000000000000,3029.0782
19026,,56.6200000000000000,113.2400
19025,,119.9800000000000000,119.9800
19024,,699.9700000000000000,699.9700
19023,,579.9700000000000000,579.9700
19022,,69.9900000000000000,69.9900
19021,,614.9600000000000000,614.9600
19020,,123.9800000000000000,123.9800
19019,,78.9800000000000000,78.9800
19018,,133.4900000000000000,133.4900
19017,,69.9900000000000000,69.9900
19016,,1750.9800000000000000,1750.9800
19015,,62.7150000000000000,125.4300
19014,,32.9750000000000000,65.9500
19013,,636.4500000000000000,636.4500
19012,,119.9800000000000000,119.9800
19011,,78.9800000000000000,78.9800
19010,,78.9800000000000000,78.9800
19009,,78.9800000000000000,78.9800
19008,,1760.4700000000000000,1760.4700
19007,,69.9900000000000000,69.9900
19006,,69.9900000000000000,69.9900
19005,,94.4800000000000000,94.4800
19004,,1764.9600000000000000,1764.9600
19003,,1764.9600000000000000,1764.9600
19002,,1729.9700000000000000,1729.9700
19001,,45.9750000000000000,91.9500
19000,,27.1300000000000000,54.2600
18999,,1754.9800000000000000,1754.9800
18998,,1784.9600000000000000,1784.9600
18997,,69.9900000000000000,69.9900
18996,,69.9900000000000000,69.9900
18995,,119.9800000000000000,119.9800
18994,,123.9800000000000000,123.9800
18993,,128.9700000000000000,128.9700
18992,,119.9800000000000000,119.9800
18991,,69.9900000000000000,69.9900
18990,,561.9700000000000000,561.9700
18989,,133.4900000000000000,133.4900
18988,,69.9900000000000000,69.9900
18987,,119.9800000000000000,119.9800
18986,,56.9700000000000000,56.9700
18985,,94.4800000000000000,94.4800
18984,,94.4800000000000000,94.4800
18983,,94.4800000000000000,94.4800
18982,,1783.9600000000000000,1783.9600
18981,,78.9800000000000000,78.9800
18980,,1750.9800000000000000,1750.9800
18979,,1749.9600000000000000,1749.9600
18978,,59.3650000000000000,118.7300
18977,,128.9700000000000000,128.9700
18976,,1750.9800000000000000,1750.9800
18975,,89.9700000000000000,89.9700
18974,,585.9400000000000000,585.9400
18973,,567.2700000000000000,567.2700
18972,,2369.9700000000000000,2369.9700
18971,,2351.9600000000000000,2351.9600
18970,,133.4900000000000000,133.4900
18969,,69.9900000000000000,69.9900
18968,,75.7150000000000000,151.4300
18967,,132.9700000000000000,132.9700
18966,,78.9800000000000000,78.9800
18965,,123.9800000000000000,123.9800
18964,,69.9900000000000000,69.9900
18963,,589.9800000000000000,589.9800
18962,,567.2700000000000000,567.2700
18961,,2369.9600000000000000,2369.9600
18960,,618.9800000000000000,618.9800
18959,,2341.4600000000000000,2341.4600
18958,,565.2100000000000000,565.2100
18957,,589.2600000000000000,589.2600
18956,,848.4700000000000000,848.4700
18955,,1754.9800000000000000,1754.9800
18954,,893.4700000000000000,893.4700
18953,,777.4400000000000000,777.4400
18952,,78.9800000000000000,78.9800
18951,,2334.9700000000000000,2334.9700
18950,,2351.9600000000000000,2351.9600
18949,,801.7700000000000000,801.7700
18948,,806.7600000000000000,806.7600
18947,,804.4800000000000000,804.4800
18946,,69.9900000000000000,69.9900
18945,,78.9800000000000000,78.9800
18944,,73.4700000000000000,146.9400
18943,,902.9800000000000000,902.9800
18942,,889.3900000000000000,889.3900
18941,,123.9800000000000000,123.9800
18940,,78.9800000000000000,78.9800
18939,,69.9900000000000000,69.9900
18938,,69.9900000000000000,69.9900
18937,,69.9900000000000000,69.9900
18936,,839.4800000000000000,839.4800
18935,,69.9900000000000000,69.9900
18934,,123.9800000000000000,123.9800
18933,,59.9800000000000000,59.9800
18932,,29.6300000000000000,59.2600
18931,,3030.2500000000000000,6060.5000
18930,,3017.8000000000000000,6035.6000
18929,,3014.7850000000000000,6029.5700
18928,,3047.5400000000000000,6095.0800
18927,,44.6250000000000000,89.2500
18926,,122.1150000000000000,244.2300
18925,,41.0900000000000000,82.1800
18924,,839.4800000000000000,839.4800
18923,,804.4800000000000000,804.4800
18922,,2326.9600000000000000,2326.9600
18921,,94.4800000000000000,94.4800
18920,,128.9700000000000000,128.9700
18919,,150.4700000000000000,300.9400
18918,,78.9800000000000000,78.9800
18917,,607.9600000000000000,607.9600
18916,,658.9500000000000000,658.9500
18915,,94.4800000000000000,94.4800
18914,,1725.9800000000000000,1725.9800
18913,,78.9800000000000000,78.9800
18912,,69.9900000000000000,69.9900
18911,,64.4700000000000000,64.4700
18910,,59.9800000000000000,59.9800
18909,,3017.8000000000000000,6035.6000
18908,,3045.2950000000000000,6090.5900
18907,,2083.6150000000000000,4167.2300
18906,,2108.6100000000000000,4217.2200
18905,,2416.4300000000000000,2416.4300
18904,,607.9600000000000000,607.9600
18903,,2071.8700000000000000,4143.7400
18902,,2093.1150000000000000,4186.2300
18901,,35.0000000000000000,35.0000
18900,,2066.1200000000000000,4132.2400
18899,,2059.1300000000000000,4118.2600
18898,,74.9800000000000000,74.9800
18897,,37.2900000000000000,37.2900
18896,,74.9800000000000000,74.9800
18895,,27.7700000000000000,27.7700
18894,,2316.9700000000000000,2316.9700
18893,,69.9900000000000000,69.9900
18892,,69.9900000000000000,69.9900
18891,,119.9800000000000000,119.9800
18890,,78.9800000000000000,78.9800
18889,,78.9800000000000000,78.9800
18888,,123.9800000000000000,123.9800
18887,,133.4900000000000000,133.4900
18886,,69.9900000000000000,69.9900
18885,,110.4600000000000000,110.4600
18884,,66.9650000000000000,133.9300
18883,,43.4800000000000000,86.9600
18882,,2322.2800000000000000,2322.2800
18881,,2359.9800000000000000,2359.9800
18880,,69.9900000000000000,69.9900
18879,,69.9900000000000000,69.9900
18878,,2390.9500000000000000,2390.9500
18877,,69.9900000000000000,69.9900
18876,,2329.9800000000000000,2329.9800
18875,,57.4750000000000000,114.9500
18874,,69.9900000000000000,69.9900
18873,,128.9700000000000000,128.9700
18872,,78.9800000000000000,78.9800
18871,,43.4800000000000000,86.9600
18870,,69.9900000000000000,69.9900
18869,,1735.9800000000000000,1735.9800
18868,,1759.9700000000000000,1759.9700
18867,,1750.9800000000000000,1750.9800
18866,,1700.9900000000000000,1700.9900
18865,,1779.4700000000000000,1779.4700
18864,,2331.9500000000000000,2331.9500
18863,,2414.9700000000000000,2414.9700
18862,,2354.4700000000000000,2354.4700
18861,,133.4900000000000000,133.4900
18860,,2394.9700000000000000,2394.9700
18859,,1155.4800000000000000,1155.4800
18858,,1810.4600000000000000,1810.4600
18857,,1735.9800000000000000,1735.9800
18856,,1735.9800000000000000,1735.9800
18855,,1155.4800000000000000,1155.4800
18854,,1754.9800000000000000,1754.9800
18853,,69.9900000000000000,69.9900
18852,,134.1250000000000000,268.2500
18851,,69.9900000000000000,69.9900
18850,,2376.4500000000000000,2376.4500
18849,,2366.9600000000000000,2366.9600
18848,,2496.2700000000000000,2496.2700
18847,,69.9900000000000000,69.9900
18846,,132.9700000000000000,132.9700
18845,,69.9900000000000000,69.9900
18844,,123.9800000000000000,123.9800
18843,,69.9900000000000000,69.9900
18842,,1155.4800000000000000,1155.4800
18841,,1145.4800000000000000,1145.4800
18840,,2294.9900000000000000,2294.9900
18839,,2384.9700000000000000,2384.9700
18838,,2376.9600000000000000,2376.9600
18837,,94.4800000000000000,94.4800
18836,,128.9700000000000000,128.9700
18835,,78.9800000000000000,78.9800
18834,,119.9800000000000000,119.9800
18833,,78.9800000000000000,78.9800
18832,,2334.9800000000000000,2334.9800
18831,,2419.4600000000000000,2419.4600
18830,,119.9800000000000000,119.9800
18829,,2354.9800000000000000,2354.9800
18828,,119.9800000000000000,119.9800
18827,,2329.9800000000000000,2329.9800
18826,,83.2150000000000000,166.4300
18825,,78.9800000000000000,78.9800
18824,,2394.9700000000000000,2394.9700
18823,,94.4800000000000000,94.4800
18822,,119.9800000000000000,119.9800
18821,,45.9850000000000000,91.9700
18820,,78.9800000000000000,78.9800
18819,,2344.9600000000000000,2344.9600
18818,,2319.2600000000000000,2319.2600
18817,,2357.2800000000000000,2357.2800
18816,,148.4700000000000000,148.4700
18815,,69.9900000000000000,69.9900
18814,,69.9900000000000000,69.9900
18813,,128.9700000000000000,128.9700
18812,,92.9700000000000000,185.9400
18811,,50.4800000000000000,100.9600
18810,,133.4900000000000000,133.4900
18809,,119.9800000000000000,119.9800
18808,,2411.9400000000000000,2411.9400
18807,,119.9800000000000000,119.9800
18806,,1785.9700000000000000,1785.9700
18805,,133.4900000000000000,133.4900
18804,,1810.4600000000000000,1810.4600
18803,,1750.9800000000000000,1750.9800
18802,,1793.4700000000000000,1793.4700
18801,,1799.4800000000000000,1799.4800
18800,,1754.9800000000000000,1754.9800
18799,,119.9800000000000000,119.9800
18798,,1728.2700000000000000,1728.2700
18797,,78.9800000000000000,78.9800
18796,,23.7800000000000000,23.7800
18795,,1198.9700000000000000,1198.9700
18794,,1735.9800000000000000,1735.9800
18793,,30.4800000000000000,30.4800
18792,,1775.4700000000000000,1775.4700
18791,,69.9900000000000000,69.9900
18790,,1728.2700000000000000,1728.2700
18789,,2294.9900000000000000,2294.9900
18788,,2351.9600000000000000,2351.9600
18787,,78.9800000000000000,78.9800
18786,,119.9800000000000000,119.9800
18785,,2350.9600000000000000,2350.9600
18784,,128.9700000000000000,128.9700
18783,,2362.2700000000000000,2362.2700
18782,,2397.9100000000000000,2397.9100
18781,,2362.2700000000000000,2362.2700
18780,,1759.9700000000000000,1759.9700
18779,,4.9900000000000000,4.9900
18778,,39.9800000000000000,39.9800
18777,,29.4800000000000000,29.4800
18776,,67.9700000000000000,67.9700
18775,,69.9900000000000000,69.9900
18774,,132.9700000000000000,132.9700
18773,,78.9800000000000000,78.9800
18772,,78.9800000000000000,78.9800
18771,,69.9900000000000000,69.9900
18770,,94.4800000000000000,94.4800
18769,,2652.1250000000000000,5304.2500
18768,,2657.1250000000000000,5314.2500
18767,,2657.1250000000000000,5314.2500
18766,,2376.3750000000000000,4752.7500
18765,,119.9800000000000000,119.9800
18764,,69.9900000000000000,69.9900
18763,,61.9800000000000000,123.9600
18762,,1764.9600000000000000,1764.9600
18761,,13.9800000000000000,13.9800
18760,,54.9800000000000000,54.9800
18759,,100.6766666666666667,302.0300
18758,,52.8366666666666667,158.5100
18757,,78.9800000000000000,78.9800
18756,,64.2050000000000000,128.4100
18755,,43.4800000000000000,86.9600
18754,,69.9900000000000000,69.9900
18753,,123.9800000000000000,123.9800
18752,,119.9800000000000000,119.9800
18751,,39.9800000000000000,39.9800
18750,,4.9900000000000000,4.9900
18749,,68.2700000000000000,204.8100
18748,,60.4700000000000000,60.4700
18747,,3044.7950000000000000,6089.5900
18746,,3067.5450000000000000,6135.0900
18745,,39.1300000000000000,78.2600
18744,,16.1100000000000000,32.2200
18743,,33.6050000000000000,67.2100
18742,,12.1350000000000000,24.2700
18741,,60.4700000000000000,60.4700
18740,,3028.3050000000000000,6056.6100
18739,,2685.8700000000000000,5371.7400
18738,,3044.7950000000000000,6089.5900
18737,,3010.8100000000000000,6021.6200
18736,,3017.8000000000000000,6035.6000
18735,,3010.8100000000000000,6021.6200
18734,,12.1350000000000000,24.2700
18733,,12.1350000000000000,24.2700
18732,,114.4600000000000000,114.4600
18731,,3027.0300000000000000,6054.0600
18730,,19.6250000000000000,39.2500
18729,,2666.6250000000000000,5333.2500
18728,,28.3550000000000000,56.7100
18727,,43.1350000000000000,86.2700
18726,,2657.1250000000000000,5314.2500
18725,,3022.2950000000000000,6044.5900
18724,,3028.2550000000000000,6056.5100
18723,,2639.6300000000000000,5279.2600
18722,,2666.6250000000000000,5333.2500
18721,,2666.6250000000000000,5333.2500
18720,,43.1350000000000000,86.2700
18719,,44.4850000000000000,88.9700
18718,,3017.8000000000000000,6035.6000
18717,,43.6050000000000000,87.2100
18716,,3010.8100000000000000,6021.6200
18715,,61.9800000000000000,123.9600
18714,,12.1350000000000000,24.2700
18713,,118.6300000000000000,237.2600
18712,,12.1350000000000000,24.2700
18711,,43.1050000000000000,86.2100
18710,,3049.2900000000000000,6098.5800
18709,,3049.2700000000000000,6098.5400
18708,,3028.2550000000000000,6056.5100
18707,,61.3800000000000000,122.7600
18706,,3030.2500000000000000,6060.5000
18705,,29.6300000000000000,59.2600
18704,,16.6300000000000000,33.2600
18703,,2657.1250000000000000,5314.2500
18702,,2666.6250000000000000,5333.2500
18701,,2678.8700000000000000,5357.7400
18700,,2664.1150000000000000,5328.2300
18699,,2654.1200000000000000,5308.2400
18698,,2657.1250000000000000,5314.2500
18697,,2639.6300000000000000,5279.2600
18696,,3074.7850000000000000,6149.5700
18695,,3014.7850000000000000,6029.5700
18694,,3017.8000000000000000,6035.6000
18693,,3010.8100000000000000,6021.6200
18692,,3017.8000000000000000,6035.6000
18691,,3035.2950000000000000,6070.5900
18690,,119.9800000000000000,119.9800
18689,,78.9800000000000000,78.9800
18688,,78.9800000000000000,78.9800
18687,,94.4800000000000000,94.4800
18686,,45.9750000000000000,91.9500
18685,,62.2300000000000000,124.4600
18684,,1754.9800000000000000,1754.9800
18683,,78.9800000000000000,78.9800
18682,,69.9900000000000000,69.9900
18681,,69.9900000000000000,69.9900
18680,,1735.9800000000000000,1735.9800
18679,,1700.9900000000000000,1700.9900
18678,,78.9800000000000000,78.9800
18677,,30.4800000000000000,60.9600
18676,,119.9800000000000000,119.9800
18675,,128.9700000000000000,128.9700
18674,,72.9800000000000000,145.9600
18673,,128.9700000000000000,128.9700
18672,,128.9700000000000000,128.9700
18671,,69.9900000000000000,69.9900
18670,,1723.9600000000000000,1723.9600
18669,,69.9900000000000000,69.9900
18668,,4.9900000000000000,4.9900
18667,,12.9400000000000000,12.9400
18666,,58.9800000000000000,58.9800
18665,,67.9300000000000000,67.9300
18664,,13.9800000000000000,13.9800
18663,,13.9800000000000000,13.9800
18662,,39.9800000000000000,39.9800
18661,,4.9900000000000000,4.9900
18660,,69.9900000000000000,69.9900
18659,,78.9800000000000000,78.9800
18658,,58.9800000000000000,58.9800
18657,,4.9900000000000000,4.9900
18656,,564.4800000000000000,564.4800
18655,,1735.9800000000000000,1735.9800
18654,,1775.9700000000000000,1775.9700
18653,,553.9700000000000000,553.9700
18652,,13.9800000000000000,13.9800
18651,,607.9600000000000000,607.9600
18650,,561.4800000000000000,561.4800
18649,,603.4900000000000000,603.4900
18648,,556.9300000000000000,556.9300
18647,,599.4700000000000000,599.4700
18646,,1735.9800000000000000,1735.9800
18645,,1700.9900000000000000,1700.9900
18644,,67.7200000000000000,135.4400
18643,,2319.9900000000000000,2319.9900
18642,,108.2000000000000000,216.4000
18641,,1120.4900000000000000,1120.4900
18640,,39.9800000000000000,39.9800
18639,,1700.9900000000000000,1700.9900
18638,,1760.4700000000000000,1760.4700
18637,,60.9700000000000000,121.9400
18636,,58.9800000000000000,58.9800
18635,,162.9900000000000000,162.9900
18634,,1213.6841000000000000,2427.3682
18633,,1396.7512500000000000,2793.5025
18632,,32.2700000000000000,32.2700
18631,,24.9900000000000000,24.9900
18630,,48.9700000000000000,48.9700
18629,,24.9900000000000000,24.9900
18628,,128.9500000000000000,128.9500
18627,,1513.6600000000000000,3027.3200
18626,,1548.2491666666666667,4644.7475
18625,,1376.9112500000000000,2753.8225
18624,,29.9900000000000000,29.9900
18623,,37.2700000000000000,37.2700
18622,,64.9700000000000000,64.9700
18621,,1516.6650000000000000,3033.3300
18620,,1500.5212500000000000,3001.0425
18619,,38.9800000000000000,38.9800
18618,,32.2800000000000000,32.2800
18617,,1147.7700000000000000,1147.7700
18616,,1729.9700000000000000,1729.9700
18615,,2334.9700000000000000,2334.9700
18614,,2319.9900000000000000,2319.9900
18613,,2341.9700000000000000,2341.9700
18612,,119.9800000000000000,119.9800
18611,,2391.9400000000000000,2391.9400
18610,,2297.2800000000000000,2297.2800
18609,,1785.9700000000000000,1785.9700
18608,,1714.9700000000000000,1714.9700
18607,,1750.9800000000000000,1750.9800
18606,,1750.9800000000000000,1750.9800
18605,,1735.9800000000000000,1735.9800
18604,,29.6250000000000000,59.2500
18603,,1205.4700000000000000,1205.4700
18602,,119.9800000000000000,119.9800
18601,,69.9900000000000000,69.9900
18600,,25.9850000000000000,51.9700
18599,,78.9800000000000000,78.9800
18598,,1700.9900000000000000,1700.9900
18597,,1760.4700000000000000,1760.4700
18596,,1775.4700000000000000,1775.4700
18595,,2329.9900000000000000,2329.9900
18594,,2325.9600000000000000,2325.9600
18593,,69.9900000000000000,69.9900
18592,,2294.9900000000000000,2294.9900
18591,,119.9800000000000000,119.9800
18590,,119.9800000000000000,119.9800
18589,,1768.9600000000000000,1768.9600
18588,,119.9800000000000000,119.9800
18587,,69.9900000000000000,69.9900
18586,,2322.2800000000000000,2322.2800
18585,,78.9800000000000000,78.9800
18584,,123.9800000000000000,123.9800
18583,,119.9800000000000000,119.9800
18582,,2318.9600000000000000,2318.9600
18581,,2351.9600000000000000,2351.9600
18580,,1170.4800000000000000,1170.4800
18579,,69.9900000000000000,69.9900
18578,,2351.9600000000000000,2351.9600
18577,,69.9900000000000000,69.9900
18576,,78.9800000000000000,78.9800
18575,,78.9800000000000000,78.9800
18574,,39.9800000000000000,39.9800
18573,,41.8700000000000000,83.7400
18572,,13.9800000000000000,13.9800
18571,,1120.4900000000000000,1120.4900
18570,,1174.4800000000000000,1174.4800
18569,,4.9900000000000000,4.9900
18568,,1732.2600000000000000,1732.2600
18567,,1700.9900000000000000,1700.9900
18566,,2379.4800000000000000,2379.4800
18565,,1789.4500000000000000,1789.4500
18564,,1714.9700000000000000,1714.9700
18563,,1750.9800000000000000,1750.9800
18562,,1732.2600000000000000,1732.2600
18561,,2389.9600000000000000,2389.9600
18560,,2366.9600000000000000,2366.9600
18559,,1735.9800000000000000,1735.9800
18558,,1750.9800000000000000,1750.9800
18557,,1179.4700000000000000,1179.4700
18556,,1700.9900000000000000,1700.9900
18555,,4.9900000000000000,4.9900
18554,,77.7250000000000000,155.4500
18553,,1700.9900000000000000,1700.9900
18552,,4.9900000000000000,4.9900
18551,,1709.9800000000000000,1709.9800
18550,,64.4700000000000000,64.4700
18549,,1169.4600000000000000,1169.4600
18548,,1754.9800000000000000,1754.9800
18547,,2351.9600000000000000,2351.9600
18546,,29.4800000000000000,29.4800
18545,,1725.9800000000000000,1725.9800
18544,,1155.4800000000000000,1155.4800
18543,,1735.9800000000000000,1735.9800
18542,,123.9800000000000000,123.9800
18541,,47.1300000000000000,94.2600
18540,,2401.4500000000000000,2401.4500
18539,,2356.9500000000000000,2356.9500
18538,,2319.9900000000000000,2319.9900
18537,,2294.9900000000000000,2294.9900
18536,,54.9800000000000000,54.9800
18535,,25.9850000000000000,51.9700
18534,,54.9800000000000000,54.9800
18533,,2405.4700000000000000,2405.4700
18532,,2345.2200000000000000,2345.2200
18531,,4.9900000000000000,4.9900
18530,,113.9700000000000000,113.9700
18529,,39.9800000000000000,39.9800
18528,,2381.9400000000000000,2381.9400
18527,,2319.9900000000000000,2319.9900
18526,,2317.9200000000000000,2317.9200
18525,,1735.9800000000000000,1735.9800
18524,,97.9750000000000000,195.9500
18523,,80.4700000000000000,160.9400
18522,,69.9900000000000000,69.9900
18521,,119.9800000000000000,119.9800
18520,,78.9800000000000000,78.9800
18519,,2362.2700000000000000,2362.2700
18518,,2379.9500000000000000,2379.9500
18517,,78.9800000000000000,78.9800
18516,,2404.9100000000000000,2404.9100
18515,,2396.9400000000000000,2396.9400
18514,,2389.9600000000000000,2389.9600
18513,,2341.9700000000000000,2341.9700
18512,,2349.9800000000000000,2349.9800
18511,,2465.9300000000000000,2465.9300
18510,,4.9900000000000000,4.9900
18509,,59.9800000000000000,59.9800
18508,,2359.9600000000000000,2359.9600
18507,,103.4800000000000000,103.4800
18506,,50.9700000000000000,101.9400
18505,,13.9800000000000000,13.9800
18504,,128.9700000000000000,128.9700
18503,,123.9800000000000000,123.9800
18502,,1760.4700000000000000,1760.4700
18501,,1750.9800000000000000,1750.9800
18500,,39.9800000000000000,39.9800
18499,,4.9900000000000000,4.9900
18498,,54.9800000000000000,54.9800
18497,,2329.9800000000000000,2329.9800
18496,,3060.8550000000000000,6121.7100
18495,,3010.8100000000000000,6021.6200
18494,,3018.9450000000000000,6037.8900
18493,,3014.7850000000000000,6029.5700
18492,,109.1300000000000000,218.2600
18491,,3028.3050000000000000,6056.6100
18490,,3014.7850000000000000,6029.5700
18489,,3040.5500000000000000,6081.1000
18488,,3028.3050000000000000,6056.6100
18487,,3010.8100000000000000,6021.6200
18486,,3010.8100000000000000,6021.6200
18485,,3031.6050000000000000,6063.2100
18484,,3046.6000000000000000,6093.2000
18483,,3028.3050000000000000,6056.6100
18482,,3015.3050000000000000,6030.6100
18481,,2318.9600000000000000,2318.9600
18480,,2329.9900000000000000,2329.9900
18479,,2351.9600000000000000,2351.9600
18478,,2380.4700000000000000,2380.4700
18477,,13.9800000000000000,13.9800
18476,,616.9100000000000000,616.9100
18475,,616.9100000000000000,616.9100
18474,,39.9800000000000000,39.9800
18473,,127.2800000000000000,127.2800
18472,,79.4700000000000000,79.4700
18471,,539.9900000000000000,539.9900
18470,,3010.8100000000000000,6021.6200
18469,,3010.8100000000000000,6021.6200
18468,,2666.6250000000000000,5333.2500
18467,,2639.6300000000000000,5279.2600
18466,,48.9800000000000000,97.9600
18465,,2376.3750000000000000,4752.7500
18464,,2349.3800000000000000,4698.7600
18463,,2363.0200000000000000,4726.0400
18462,,2376.3750000000000000,4752.7500
18461,,2374.1200000000000000,4748.2400
18460,,2341.9700000000000000,2341.9700
18459,,588.9600000000000000,588.9600
18458,,2366.8750000000000000,4733.7500
18457,,2413.1150000000000000,4826.2300
18456,,12.9400000000000000,12.9400
18455,,64.4700000000000000,64.4700
18454,,68.4900000000000000,68.4900
18453,,4.9900000000000000,4.9900
18452,,2376.3750000000000000,4752.7500
18451,,75.4700000000000000,75.4700
18450,,25.4800000000000000,25.4800
18449,,50.4700000000000000,100.9400
18448,,1735.9800000000000000,1735.9800
18447,,21.4900000000000000,21.4900
18446,,21.4900000000000000,21.4900
18445,,21.4900000000000000,21.4900
18444,,25.4800000000000000,25.4800
18443,,60.4700000000000000,60.4700
18442,,2312.2600000000000000,2312.2600
18441,,2380.4700000000000000,2380.4700
18440,,1775.4700000000000000,1775.4700
18439,,1700.9900000000000000,1700.9900
18438,,1709.9800000000000000,1709.9800
18437,,2359.9800000000000000,2359.9800
18436,,2294.9900000000000000,2294.9900
18435,,2376.9600000000000000,2376.9600
18434,,4.9900000000000000,4.9900
18433,,2329.9800000000000000,2329.9800
18432,,2350.9600000000000000,2350.9600
18431,,1754.9800000000000000,1754.9800
18430,,1775.4700000000000000,1775.4700
18429,,2341.9700000000000000,2341.9700
18428,,2332.2800000000000000,2332.2800
18427,,2334.4600000000000000,2334.4600
18426,,2362.2700000000000000,2362.2700
18425,,4.9900000000000000,4.9900
18424,,4.9900000000000000,4.9900
18423,,4.9900000000000000,4.9900
18422,,2351.9600000000000000,2351.9600
18421,,4.9900000000000000,4.9900
18420,,2414.9900000000000000,2414.9900
18419,,39.9800000000000000,39.9800
18418,,2322.2800000000000000,2322.2800
18417,,39.9800000000000000,39.9800
18416,,2369.9600000000000000,2369.9600
18415,,2454.9800000000000000,2454.9800
18414,,1760.4700000000000000,1760.4700
18413,,2395.9600000000000000,2395.9600
18412,,2319.9900000000000000,2319.9900
18411,,28.4800000000000000,56.9600
18410,,58.9800000000000000,58.9800
18409,,1728.2700000000000000,1728.2700
18408,,12.9400000000000000,12.9400
18407,,31.6250000000000000,63.2500
18406,,2354.9900000000000000,2354.9900
18405,,4.9900000000000000,4.9900
18404,,4.9900000000000000,4.9900
18403,,2318.9600000000000000,2318.9600
18402,,4.9900000000000000,4.9900
18401,,2294.9900000000000000,2294.9900
18400,,2409.9500000000000000,2409.9500
18399,,2334.9700000000000000,2334.9700
18398,,2350.9600000000000000,2350.9600
18397,,4.9900000000000000,4.9900
18396,,29.4800000000000000,29.4800
18395,,2374.9800000000000000,2374.9800
18394,,2297.2800000000000000,2297.2800
18393,,2294.9900000000000000,2294.9900
18392,,2342.9300000000000000,2342.9300
18391,,50.4800000000000000,100.9600
18390,,70.9800000000000000,141.9600
18389,,2401.4500000000000000,2401.4500
18388,,2337.2700000000000000,2337.2700
18387,,4.9900000000000000,4.9900
18386,,2309.9700000000000000,2309.9700
18385,,4.9900000000000000,4.9900
18384,,103.4800000000000000,103.4800
18383,,13.9800000000000000,13.9800
18382,,102.4700000000000000,204.9400
18381,,2359.4600000000000000,2359.4600
18380,,12.9400000000000000,12.9400
18379,,2362.2700000000000000,2362.2700
18378,,2439.9900000000000000,2439.9900
18377,,2394.9700000000000000,2394.9700
18376,,2369.9700000000000000,2369.9700
18375,,2344.9600000000000000,2344.9600
18374,,12.9400000000000000,12.9400
18373,,1763.9700000000000000,1763.9700
18372,,1760.4700000000000000,1760.4700
18371,,1754.9800000000000000,1754.9800
18370,,1700.9900000000000000,1700.9900
18369,,1725.9800000000000000,1725.9800
18368,,1754.9800000000000000,1754.9800
18367,,21.4900000000000000,21.4900
18366,,1775.4700000000000000,1775.4700
18365,,39.9800000000000000,39.9800
18364,,124.9900000000000000,124.9900
18363,,1700.9900000000000000,1700.9900
18362,,1725.2100000000000000,1725.2100
18361,,1750.9800000000000000,1750.9800
18360,,1750.9800000000000000,1750.9800
18359,,68.4900000000000000,68.4900
18358,,39.9800000000000000,39.9800
18357,,2309.9700000000000000,2309.9700
18356,,74.9550000000000000,149.9100
18355,,75.4750000000000000,150.9500
18354,,132.9400000000000000,132.9400
18353,,2316.9700000000000000,2316.9700
18352,,2334.9800000000000000,2334.9800
18351,,2319.9900000000000000,2319.9900
18350,,1735.9800000000000000,1735.9800
18349,,39.9800000000000000,39.9800
18348,,29.4800000000000000,29.4800
18347,,39.9800000000000000,39.9800
18346,,13.9800000000000000,13.9800
18345,,57.7350000000000000,115.4700
18344,,1759.9700000000000000,1759.9700
18343,,39.9800000000000000,39.9800
18342,,39.9800000000000000,39.9800
18341,,67.9300000000000000,67.9300
18340,,39.9800000000000000,39.9800
18339,,13.9800000000000000,13.9800
18338,,3062.2900000000000000,6124.5800
18337,,3010.8100000000000000,6021.6200
18336,,3072.5350000000000000,6145.0700
18335,,3017.8000000000000000,6035.6000
18334,,2349.3800000000000000,4698.7600
18333,,27.7700000000000000,27.7700
18332,,2376.3750000000000000,4752.7500
18331,,2376.3750000000000000,4752.7500
18330,,44.4850000000000000,88.9700
18329,,48.8433333333333333,146.5300
18328,,7.2800000000000000,7.2800
18327,,13.9800000000000000,13.9800
18326,,48.9800000000000000,97.9600
18325,,54.4250000000000000,108.8500
18324,,1735.9800000000000000,1735.9800
18323,,39.9800000000000000,39.9800
18322,,49.6300000000000000,148.8900
18321,,12.9400000000000000,12.9400
18320,,74.3966666666666667,223.1900
18319,,60.4700000000000000,60.4700
18318,,1760.4700000000000000,1760.4700
18317,,28.2466666666666667,84.7400
18316,,7.2800000000000000,7.2800
18315,,7.2800000000000000,7.2800
18314,,38.5766666666666667,115.7300
18313,,7.2800000000000000,7.2800
18312,,15.2300000000000000,15.2300
18311,,13.9800000000000000,13.9800
18310,,21.4900000000000000,21.4900
18309,,3045.2950000000000000,6090.5900
18308,,3018.9450000000000000,6037.8900
18307,,3010.8100000000000000,6021.6200
18306,,43.8850000000000000,87.7700
18305,,80.2750000000000000,160.5500
18304,,13.2800000000000000,26.5600
18303,,3015.3050000000000000,6030.6100
18302,,3014.7850000000000000,6029.5700
18301,,3028.3050000000000000,6056.6100
18300,,32.4400000000000000,64.8800
18299,,16.1100000000000000,32.2200
18298,,12.1350000000000000,24.2700
18297,,3059.7950000000000000,6119.5900
18296,,3058.8450000000000000,6117.6900
18295,,72.1350000000000000,144.2700
18294,,39.1300000000000000,78.2600
18293,,37.1200000000000000,74.2400
18292,,19.6250000000000000,39.2500
18291,,15.4850000000000000,30.9700
18290,,42.4800000000000000,84.9600
18289,,47.2350000000000000,94.4700
18288,,3046.6000000000000000,6093.2000
18287,,36.0800000000000000,72.1600
18286,,70.7750000000000000,141.5500
18285,,70.7750000000000000,141.5500
18284,,3014.7850000000000000,6029.5700
18283,,64.4700000000000000,128.9400
18282,,15.4850000000000000,30.9700
18281,,3040.5500000000000000,6081.1000
18280,,63.2800000000000000,126.5600
18279,,81.0100000000000000,162.0200
18278,,79.4750000000000000,158.9500
18277,,3035.2950000000000000,6070.5900
18276,,3053.3000000000000000,6106.6000
18275,,3010.8100000000000000,6021.6200
18274,,15.4850000000000000,30.9700
18273,,3052.1050000000000000,6104.2100
18272,,3028.3050000000000000,6056.6100
18271,,59.9750000000000000,119.9500
18270,,47.2350000000000000,94.4700
18269,,3056.6000000000000000,6113.2000
18268,,3051.0950000000000000,6102.1900
18267,,32.4900000000000000,64.9800
18266,,36.1300000000000000,72.2600
18265,,32.4900000000000000,64.9800
18264,,34.9850000000000000,69.9700
18263,,63.4700000000000000,126.9400
18262,,71.2250000000000000,142.4500
18261,,42.9800000000000000,85.9600
18260,,3017.8000000000000000,6035.6000
18259,,15.4850000000000000,30.9700
18258,,22.9750000000000000,45.9500
18257,,57.9750000000000000,115.9500
18256,,49.4800000000000000,98.9600
18255,,3033.6000000000000000,6067.2000
18254,,3010.8100000000000000,6021.6200
18253,,22.9750000000000000,45.9500
18252,,3010.8100000000000000,6021.6200
18251,,3017.8000000000000000,6035.6000
18250,,3029.1050000000000000,6058.2100
18249,,3022.2950000000000000,6044.5900
18248,,3018.9450000000000000,6037.8900
18247,,42.4800000000000000,84.9600
18246,,3015.3050000000000000,6030.6100
18245,,3010.8100000000000000,6021.6200
18244,,3010.8100000000000000,6021.6200
18243,,3029.1050000000000000,6058.2100
18242,,3060.8550000000000000,6121.7100
18241,,3029.1050000000000000,6058.2100
18240,,3049.2900000000000000,6098.5800
18239,,3015.3050000000000000,6030.6100
18238,,3015.3050000000000000,6030.6100
18237,,2318.9600000000000000,2318.9600
18236,,2414.9900000000000000,2414.9900
18235,,39.9800000000000000,39.9800
18234,,1754.9800000000000000,1754.9800
18233,,1732.2600000000000000,1732.2600
18232,,2369.9700000000000000,2369.9700
18231,,2414.9900000000000000,2414.9900
18230,,4.9900000000000000,4.9900
18229,,1700.9900000000000000,1700.9900
18228,,1709.9800000000000000,1709.9800
18227,,1729.9700000000000000,1729.9700
18226,,1725.9800000000000000,1725.9800
18225,,2349.9600000000000000,2349.9600
18224,,2394.4500000000000000,2394.4500
18223,,39.9800000000000000,39.9800
18222,,3022.2950000000000000,6044.5900
18221,,22.9750000000000000,45.9500
18220,,3010.8100000000000000,6021.6200
18219,,3019.2800000000000000,6038.5600
18218,,3010.8100000000000000,6021.6200
18217,,3028.3050000000000000,6056.6100
18216,,19.4600000000000000,38.9200
18215,,75.4850000000000000,150.9700
18214,,3046.6000000000000000,6093.2000
18213,,3035.2950000000000000,6070.5900
18212,,3014.7850000000000000,6029.5700
18211,,32.9800000000000000,65.9600
18210,,3022.2950000000000000,6044.5900
18209,,3028.3050000000000000,6056.6100
18208,,3017.8000000000000000,6035.6000
18207,,3044.7950000000000000,6089.5900
18206,,32.9800000000000000,65.9600
18205,,3028.3050000000000000,6056.6100
18204,,2066.6200000000000000,4133.2400
18203,,2086.1250000000000000,4172.2500
18202,,2071.6300000000000000,4143.2600
18201,,2078.8650000000000000,4157.7300
18200,,2075.2650000000000000,4150.5300
18199,,49.9700000000000000,99.9400
18198,,2071.6250000000000000,4143.2500
18197,,15.4850000000000000,30.9700
18196,,2066.6200000000000000,4133.2400
18195,,47.2350000000000000,94.4700
18194,,42.9800000000000000,85.9600
18193,,2072.7700000000000000,4145.5400
18192,,31.9850000000000000,63.9700
18191,,47.2350000000000000,94.4700
18190,,15.4850000000000000,30.9700
18189,,2059.1300000000000000,4118.2600
18188,,3046.6000000000000000,6093.2000
18187,,44.9100000000000000,44.9100
18186,,69.7200000000000000,139.4400
18185,,1666.1937500000000000,3332.3875
18184,,89.9700000000000000,89.9700
18183,,1671.6787500000000000,3343.3575
18182,,4.9900000000000000,4.9900
18181,,92.9600000000000000,185.9200
18180,,12.9400000000000000,12.9400
18179,,4.9900000000000000,4.9900
18178,,25.7300000000000000,51.4600
18177,,2347.8541666666666667,7043.5625
18176,,1672.6987500000000000,3345.3975
18175,,1532.0341000000000000,3064.0682
18174,,7.2800000000000000,7.2800
18173,,2396.4500000000000000,7189.3500
18172,,38.6350000000000000,77.2700
18171,,1659.6987500000000000,3319.3975
18170,,39.9800000000000000,39.9800
18169,,7.2800000000000000,7.2800
18168,,2302.5175000000000000,6907.5525
18167,,1702.7037500000000000,3405.4075
18166,,2400.1233333333333333,7200.3700
18165,,41.1300000000000000,82.2600
18164,,1665.2087500000000000,3330.4175
18163,,1522.0291000000000000,3044.0582
18162,,7.2800000000000000,7.2800
18161,,7.2800000000000000,7.2800
18160,,2304.8641666666666667,6914.5925
18159,,21.9800000000000000,21.9800
18158,,2289.8708333333333333,6869.6125
18157,,1699.7037500000000000,3399.4075
18156,,41.1300000000000000,82.2600
18155,,67.7150000000000000,135.4300
18154,,66.4400000000000000,66.4400
18153,,4.9900000000000000,4.9900
18152,,76.9700000000000000,76.9700
18151,,76.9700000000000000,76.9700
18150,,76.9700000000000000,76.9700
18149,,25.1150000000000000,50.2300
18148,,759.2891000000000000,1518.5782
18147,,2310.1975000000000000,6930.5925
18146,,31.9700000000000000,31.9700
18145,,71.9700000000000000,71.9700
18144,,31.9700000000000000,31.9700
18143,,1531.5291000000000000,3063.0582
18142,,24.2700000000000000,24.2700
18141,,2324.2875000000000000,6972.8625
18140,,1913.8025000000000000,5741.4075
18139,,1921.4758333333333333,5764.4275
18138,,75.9700000000000000,75.9700
18137,,1521.5291000000000000,3043.0582
18136,,2301.5341666666666667,6904.6025
18135,,2307.1941666666666667,6921.5825
18134,,1910.8225000000000000,5732.4675
18133,,1926.8225000000000000,5780.4675
18132,,1517.0341000000000000,3034.0682
18131,,1510.6891000000000000,3021.3782
18130,,1914.6558333333333333,5743.9675
18129,,96.4600000000000000,96.4600
18128,,85.4800000000000000,85.4800
18127,,2327.3575000000000000,6982.0725
18126,,2315.1941666666666667,6945.5825
18125,,1913.1658333333333333,5739.4975
18124,,56.9700000000000000,56.9700
18123,,4.9900000000000000,4.9900
18122,,2439.9900000000000000,2439.9900
18121,,1793.4700000000000000,1793.4700
18120,,1725.9800000000000000,1725.9800
18119,,13.9800000000000000,13.9800
18118,,1750.9800000000000000,1750.9800
18117,,13.9800000000000000,13.9800
18116,,2376.9600000000000000,2376.9600
18115,,13.9800000000000000,13.9800
18114,,58.9800000000000000,58.9800
18113,,2391.9600000000000000,2391.9600
18112,,64.4700000000000000,64.4700
18111,,4.9900000000000000,4.9900
18110,,12.9400000000000000,12.9400
18109,,123.4800000000000000,123.4800
18108,,1735.9800000000000000,1735.9800
18107,,13.9800000000000000,13.9800
18106,,4.9900000000000000,4.9900
18105,,39.9800000000000000,39.9800
18104,,13.9800000000000000,13.9800
18103,,1735.9800000000000000,1735.9800
18102,,4.9900000000000000,4.9900
18101,,64.4700000000000000,64.4700
18100,,59.9800000000000000,59.9800
18099,,4.9900000000000000,4.9900
18098,,1754.9800000000000000,1754.9800
18097,,39.9800000000000000,39.9800
18096,,1735.9800000000000000,1735.9800
18095,,58.9800000000000000,58.9800
18094,,68.4900000000000000,68.4900
18093,,13.9800000000000000,13.9800
18092,,1789.4500000000000000,1789.4500
18091,,1750.9800000000000000,1750.9800
18090,,32.4550000000000000,64.9100
18089,,1735.9800000000000000,1735.9800
18088,,1735.9800000000000000,1735.9800
18087,,13.9800000000000000,13.9800
18086,,1723.9600000000000000,1723.9600
18085,,1764.9600000000000000,1764.9600
18084,,1775.4700000000000000,1775.4700
18083,,89.9700000000000000,89.9700
18082,,67.9700000000000000,67.9700
18081,,25.9850000000000000,51.9700
18080,,1737.9200000000000000,1737.9200
18079,,1700.9900000000000000,1700.9900
18078,,100.4700000000000000,200.9400
18077,,80.2200000000000000,160.4400
18076,,67.9300000000000000,67.9300
18075,,2394.9700000000000000,2394.9700
18074,,58.9800000000000000,58.9800
18073,,13.9800000000000000,13.9800
18072,,4.9900000000000000,4.9900
18071,,68.4900000000000000,68.4900
18070,,4.9900000000000000,4.9900
18069,,4.9900000000000000,4.9900
18068,,2439.9900000000000000,2439.9900
18067,,2380.4700000000000000,2380.4700
18066,,2344.9600000000000000,2344.9600
18065,,77.7350000000000000,155.4700
18064,,58.9800000000000000,58.9800
18063,,54.9800000000000000,54.9800
18062,,63.9700000000000000,63.9700
18061,,4.9900000000000000,4.9900
18060,,1700.9900000000000000,1700.9900
18059,,1714.9700000000000000,1714.9700
18058,,39.9800000000000000,39.9800
18057,,1700.9900000000000000,1700.9900
18056,,1725.9800000000000000,1725.9800
18055,,71.9550000000000000,143.9100
18054,,53.4650000000000000,106.9300
18053,,7.2800000000000000,7.2800
18052,,1735.9800000000000000,1735.9800
18051,,1735.9800000000000000,1735.9800
18050,,1750.9800000000000000,1750.9800
18049,,1785.9700000000000000,1785.9700
18048,,64.9700000000000000,64.9700
18047,,1368.2087500000000000,2736.4175
18046,,1217.5391000000000000,2435.0782
18045,,1970.7662500000000000,3941.5325
18044,,32.2700000000000000,32.2700
18043,,34.9800000000000000,34.9800
18042,,29.9800000000000000,29.9800
18041,,32.2700000000000000,32.2700
18040,,193.9800000000000000,193.9800
18039,,1225.0391000000000000,2450.0782
18038,,1217.5391000000000000,2435.0782
18037,,49.4800000000000000,49.4800
18036,,24.9900000000000000,24.9900
18035,,63.9700000000000000,63.9700
18034,,63.9700000000000000,63.9700
18033,,24.9900000000000000,24.9900
18032,,144.4500000000000000,144.4500
18031,,24.9900000000000000,24.9900
18030,,64.9700000000000000,64.9700
18029,,82.9700000000000000,82.9700
18028,,1500.5212500000000000,3001.0425
18027,,1958.7712500000000000,3917.5425
18026,,1494.1612500000000000,2988.3225
18025,,37.2700000000000000,37.2700
18024,,149.9800000000000000,149.9800
18023,,187.9800000000000000,187.9800
18022,,63.9700000000000000,63.9700
18021,,1396.7612500000000000,2793.5225
18020,,39.2200000000000000,39.2200
18019,,1902.1275000000000000,5706.3825
18018,,51.9700000000000000,51.9700
18017,,24.9900000000000000,24.9900
18016,,34.9800000000000000,34.9800
18015,,37.2700000000000000,37.2700
18014,,93.4900000000000000,93.4900
18013,,27.7700000000000000,27.7700
18012,,25.4800000000000000,25.4800
18011,,1295.1791000000000000,2590.3582
18010,,1242.5341000000000000,2485.0682
18009,,1217.5391000000000000,2435.0782
18008,,1229.5341000000000000,2459.0682
18007,,38.9800000000000000,38.9800
18006,,38.9800000000000000,38.9800
18005,,1934.9575000000000000,5804.8725
18004,,759.2891000000000000,1518.5782
18003,,63.9700000000000000,63.9700
18002,,27.2800000000000000,27.2800
18001,,31.2700000000000000,31.2700
18000,,1540.1450000000000000,3080.2900
17999,,1227.0391000000000000,2454.0782
17998,,2072.1700000000000000,4144.3400
17997,,69.9700000000000000,69.9700
17996,,1227.0391000000000000,2454.0782
17995,,27.2800000000000000,27.2800
17994,,27.2800000000000000,27.2800
17993,,78.9800000000000000,78.9800
17992,,31.2700000000000000,31.2700
17991,,73.9600000000000000,73.9600
17990,,1389.2612500000000000,2778.5225
17989,,1966.2712500000000000,3932.5425
17988,,59.9200000000000000,59.9200
17987,,1225.0391000000000000,2450.0782
17986,,1930.2875000000000000,5790.8625
17985,,2005.5533333333333333,6016.6600
17984,,2027.7233333333333333,6083.1700
17983,,1928.1208333333333333,5784.3625
17982,,769.2791000000000000,1538.5582
17981,,1491.6700000000000000,2983.3400
17980,,2097.1650000000000000,4194.3300
17979,,1500.5112500000000000,3001.0225
17978,,1509.0062500000000000,3018.0125
17977,,1483.0162500000000000,2966.0325
17976,,1933.7941666666666667,5801.3825
17975,,759.2891000000000000,1518.5782
17974,,1395.7312500000000000,2791.4625
17973,,1275.6791000000000000,2551.3582
17972,,1395.7662500000000000,2791.5325
17971,,1217.5391000000000000,2435.0782
17970,,27.2800000000000000,27.2800
17969,,1520.1550000000000000,3040.3100
17968,,1521.6650000000000000,3043.3300
17967,,32.2700000000000000,32.2700
17966,,1631.4150000000000000,3262.8300
17965,,1500.5212500000000000,3001.0425
17964,,1916.7875000000000000,5750.3625
17963,,1966.2712500000000000,3932.5425
17962,,1388.7612500000000000,2777.5225
17961,,73.9600000000000000,73.9600
17960,,1500.5212500000000000,3001.0425
17959,,1374.4162500000000000,2748.8325
17958,,1405.7612500000000000,2811.5225
17957,,1217.5391000000000000,2435.0782
17956,,1215.6791000000000000,2431.3582
17955,,63.9700000000000000,63.9700
17954,,34.9800000000000000,34.9800
17953,,84.9700000000000000,84.9700
17952,,1970.7662500000000000,3941.5325
17951,,27.2800000000000000,27.2800
17950,,1366.3487500000000000,2732.6975
17949,,868.7491666666666667,2606.2475
17948,,1522.6500000000000000,3045.3000
17947,,1966.2712500000000000,3932.5425
17946,,1941.2762500000000000,3882.5525
17945,,1980.5162500000000000,3961.0325
17944,,1375.7087500000000000,2751.4175
17943,,1390.7712500000000000,2781.5425
17942,,1948.2662500000000000,3896.5325
17941,,1965.7612500000000000,3931.5225
17940,,1941.2762500000000000,3882.5525
17939,,37.2700000000000000,37.2700
17938,,37.2700000000000000,37.2700
17937,,1534.4100000000000000,3068.8200
17936,,64.9700000000000000,64.9700
17935,,63.9700000000000000,63.9700
17934,,1953.5212500000000000,3907.0425
17933,,1551.6550000000000000,3103.3100
17932,,1382.6987500000000000,2765.3975
17931,,29.9900000000000000,29.9900
17930,,69.9700000000000000,69.9700
17929,,1948.2662500000000000,3896.5325
17928,,1958.7712500000000000,3917.5425
17927,,2363.0200000000000000,4726.0400
17926,,2357.8500000000000000,4715.7000
17925,,2349.3800000000000000,4698.7600
17924,,2366.8750000000000000,4733.7500
17923,,2376.3750000000000000,4752.7500
17922,,2410.8600000000000000,4821.7200
17921,,2349.3800000000000000,4698.7600
17920,,2366.8750000000000000,4733.7500
17919,,2366.8750000000000000,4733.7500
17918,,2366.8750000000000000,4733.7500
17917,,2366.8750000000000000,4733.7500
17916,,2393.8700000000000000,4787.7400
17915,,2396.3650000000000000,4792.7300
17914,,2349.3800000000000000,4698.7600
17913,,2366.8750000000000000,4733.7500
17912,,2376.3750000000000000,4752.7500
17911,,2349.3800000000000000,4698.7600
17910,,2349.3800000000000000,4698.7600
17909,,2380.8700000000000000,4761.7400
17908,,35.7200000000000000,35.7200
17907,,27.7700000000000000,27.7700
17906,,21.4900000000000000,21.4900
17905,,25.4800000000000000,25.4800
17904,,2366.8750000000000000,4733.7500
17903,,32.2700000000000000,32.2700
17902,,2079.1600000000000000,4158.3200
17901,,31.2700000000000000,31.2700
17900,,1375.7087500000000000,2751.4175
17899,,29.9900000000000000,29.9900
17898,,2104.1550000000000000,4208.3100
17897,,1389.9537500000000000,2779.9075
17896,,1522.3950000000000000,3044.7900
17895,,29.9800000000000000,29.9800
17894,,1355.2087500000000000,2710.4175
17893,,1941.2762500000000000,3882.5525
17892,,1393.7562500000000000,2787.5125
17891,,1368.2087500000000000,2736.4175
17890,,1376.7612500000000000,2753.5225
17889,,1521.6650000000000000,3043.3300
17888,,29.9800000000000000,29.9800
17887,,64.9700000000000000,64.9700
17886,,38.9700000000000000,38.9700
17885,,1350.7137500000000000,2701.4275
17884,,29.9800000000000000,29.9800
17883,,78.9600000000000000,78.9600
17882,,32.2700000000000000,32.2700
17881,,46.1250000000000000,92.2500
17880,,19.7750000000000000,39.5500
17879,,59.9750000000000000,119.9500
17878,,69.9700000000000000,69.9700
17877,,187.9800000000000000,187.9800
17876,,28.9800000000000000,28.9800
17875,,24.9900000000000000,24.9900
17874,,34.9800000000000000,34.9800
17873,,2101.6600000000000000,4203.3200
17872,,39.9800000000000000,39.9800
17871,,1729.9700000000000000,1729.9700
17870,,1700.9900000000000000,1700.9900
17869,,1760.4700000000000000,1760.4700
17868,,1735.9800000000000000,1735.9800
17867,,88.4650000000000000,176.9300
17866,,1735.9800000000000000,1735.9800
17865,,1789.9700000000000000,1789.9700
17864,,1750.9800000000000000,1750.9800
17863,,67.9300000000000000,67.9300
17862,,1750.9800000000000000,1750.9800
17861,,1749.9600000000000000,1749.9600
17860,,1777.9500000000000000,1777.9500
17859,,1735.9800000000000000,1735.9800
17858,,1700.9900000000000000,1700.9900
17857,,24.9900000000000000,24.9900
17856,,32.2700000000000000,32.2700
17855,,94.9800000000000000,189.9600
17854,,64.9700000000000000,64.9700
17853,,29.9800000000000000,29.9800
17852,,86.9500000000000000,86.9500
17851,,49.4800000000000000,49.4800
17850,,78.9600000000000000,78.9600
17849,,1512.7662500000000000,3025.5325
17848,,1958.7712500000000000,3917.5425
17847,,2072.1700000000000000,4144.3400
17846,,69.9700000000000000,69.9700
17845,,24.9900000000000000,24.9900
17844,,98.1300000000000000,196.2600
17843,,93.4900000000000000,93.4900
17842,,37.2700000000000000,37.2700
17841,,1401.7612500000000000,2803.5225
17840,,114.4800000000000000,228.9600
17839,,17.4850000000000000,34.9700
17838,,16.1350000000000000,32.2700
17837,,73.9600000000000000,73.9600
17836,,32.2800000000000000,32.2800
17835,,34.9800000000000000,69.9600
17834,,1386.2391666666666667,4158.7175
17833,,1999.8166666666666667,5999.4500
17832,,24.9900000000000000,24.9900
17831,,1375.1987500000000000,2750.3975
17830,,1375.7087500000000000,2751.4175
17829,,1491.6662500000000000,2983.3325
17828,,1631.4150000000000000,3262.8300
17827,,1377.7087500000000000,2755.4175
17826,,29.9900000000000000,29.9900
17825,,2338.5175000000000000,7015.5525
17824,,2167.3050000000000000,4334.6100
17823,,40.2300000000000000,40.2300
17822,,29.9900000000000000,29.9900
17821,,6.2800000000000000,6.2800
17820,,3.9900000000000000,3.9900
17819,,3.9900000000000000,3.9900
17818,,3.9900000000000000,3.9900
17817,,49.4800000000000000,49.4800
17816,,37.2700000000000000,37.2700
17815,,1561.8900000000000000,3123.7800
17814,,66.9650000000000000,133.9300
17813,,1510.1500000000000000,3020.3000
17812,,1491.6662500000000000,2983.3325
17811,,2329.8608333333333333,6989.5825
17810,,43.9700000000000000,87.9400
17809,,205.2600000000000000,205.2600
17808,,79.9700000000000000,159.9400
17807,,40.6200000000000000,81.2400
17806,,64.9700000000000000,64.9700
17805,,32.2800000000000000,32.2800
17804,,73.9600000000000000,73.9600
17803,,1380.5112500000000000,2761.0225
17802,,86.9500000000000000,86.9500
17801,,125.9300000000000000,125.9300
17800,,37.2700000000000000,37.2700
17799,,1953.7712500000000000,3907.5425
17798,,1529.1550000000000000,3058.3100
17797,,64.9700000000000000,64.9700
17796,,1960.5112500000000000,3921.0225
17795,,1491.6700000000000000,2983.3400
17794,,1372.9112500000000000,2745.8225
17793,,1625.0550000000000000,3250.1100
17792,,1633.4050000000000000,3266.8100
17791,,64.9700000000000000,64.9700
17790,,1519.6550000000000000,3039.3100
17789,,1968.2712500000000000,3936.5425
17788,,64.9700000000000000,64.9700
17787,,1363.2087500000000000,2726.4175
17786,,44.7300000000000000,89.4600
17785,,33.6300000000000000,67.2600
17784,,1945.7712500000000000,3891.5425
17783,,24.9900000000000000,24.9900
17782,,1510.5212500000000000,3021.0425
17781,,2395.7900000000000000,7187.3700
17780,,1370.9225000000000000,4112.7675
17779,,1416.7358333333333333,4250.2075
17778,,1391.9191666666666667,4175.7575
17777,,2089.6650000000000000,4179.3300
17776,,36.1250000000000000,72.2500
17775,,1396.9537500000000000,2793.9075
17774,,27.2800000000000000,27.2800
17773,,1375.7087500000000000,2751.4175
17772,,1423.0012500000000000,2846.0025
17771,,69.9700000000000000,69.9700
17770,,1357.7037500000000000,2715.4075
17769,,1954.9162500000000000,3909.8325
17768,,1953.5212500000000000,3907.0425
17767,,1367.2525000000000000,4101.7575
17766,,1373.2491666666666667,4119.7475
17765,,1963.2662500000000000,3926.5325
17764,,1948.2662500000000000,3896.5325
17763,,18.9650000000000000,37.9300
17762,,1968.2712500000000000,3936.5425
17761,,1970.7662500000000000,3941.5325
17760,,46.1250000000000000,92.2500
17759,,37.2700000000000000,37.2700
17758,,32.2700000000000000,32.2700
17757,,39.9850000000000000,79.9700
17756,,1357.7037500000000000,2715.4075
17755,,1384.2662500000000000,2768.5325
17754,,1377.7087500000000000,2755.4175
17753,,1540.1450000000000000,3080.2900
17752,,1388.2037500000000000,2776.4075
17751,,93.4900000000000000,93.4900
17750,,1444.2662500000000000,2888.5325
17749,,69.9700000000000000,69.9700
17748,,32.2800000000000000,32.2800
17747,,1371.7662500000000000,2743.5325
17746,,29.9800000000000000,29.9800
17745,,32.2700000000000000,32.2700
17744,,1382.7662500000000000,2765.5325
17743,,1396.7612500000000000,2793.5225
17742,,2099.1650000000000000,4198.3300
17741,,2108.6500000000000000,4217.3000
17740,,38.9800000000000000,38.9800
17739,,1368.2087500000000000,2736.4175
17738,,24.9900000000000000,24.9900
17737,,29.9900000000000000,29.9900
17736,,2371.3700000000000000,4742.7400
17735,,2376.3750000000000000,4752.7500
17734,,2349.3800000000000000,4698.7600
17733,,2379.1200000000000000,4758.2400
17732,,2376.3750000000000000,4752.7500
17731,,23.7800000000000000,23.7800
17730,,2376.1150000000000000,4752.2300
17729,,110.4600000000000000,110.4600
17728,,2365.0150000000000000,4730.0300
17727,,21.9800000000000000,21.9800
17726,,2360.8650000000000000,4721.7300
17725,,2349.3800000000000000,4698.7600
17724,,36.9600000000000000,36.9600
17723,,41.9700000000000000,83.9400
17722,,1941.2762500000000000,3882.5525
17721,,69.9700000000000000,69.9700
17720,,1395.2662500000000000,2790.5325
17719,,38.9800000000000000,38.9800
17718,,32.2700000000000000,32.2700
17717,,1420.0062500000000000,2840.0125
17716,,1350.7137500000000000,2701.4275
17715,,1415.7662500000000000,2831.5325
17714,,1368.2087500000000000,2736.4175
17713,,69.9700000000000000,69.9700
17712,,56.9600000000000000,56.9600
17711,,69.9700000000000000,69.9700
17710,,56.9700000000000000,113.9400
17709,,39.4750000000000000,78.9500
17708,,61.4800000000000000,122.9600
17707,,32.2700000000000000,32.2700
17706,,38.9550000000000000,77.9100
17705,,18.6300000000000000,37.2600
17704,,32.2700000000000000,32.2700
17703,,78.9600000000000000,78.9600
17702,,28.3800000000000000,56.7600
17701,,17.2350000000000000,34.4700
17700,,1402.7662500000000000,2805.5325
17699,,67.9300000000000000,67.9300
17698,,68.9700000000000000,68.9700
17697,,4.9900000000000000,4.9900
17696,,39.9800000000000000,39.9800
17695,,67.9300000000000000,67.9300
17694,,4.9900000000000000,4.9900
17693,,13.9800000000000000,13.9800
17692,,13.9800000000000000,13.9800
17691,,1779.4700000000000000,1779.4700
17690,,1700.9900000000000000,1700.9900
17689,,4.9900000000000000,4.9900
17688,,4.9900000000000000,4.9900
17687,,39.9800000000000000,39.9800
17686,,52.1150000000000000,104.2300
17685,,4.9900000000000000,4.9900
17684,,4.9900000000000000,4.9900
17683,,4.9900000000000000,4.9900
17682,,68.4900000000000000,68.4900
17681,,1735.9800000000000000,1735.9800
17680,,111.0950000000000000,222.1900
17679,,39.9800000000000000,39.9800
17678,,1735.9800000000000000,1735.9800
17677,,1735.9800000000000000,1735.9800
17676,,603.4900000000000000,603.4900
17675,,124.9900000000000000,124.9900
17674,,39.9800000000000000,39.9800
17673,,4.9900000000000000,4.9900
17672,,539.9900000000000000,539.9900
17671,,565.4700000000000000,565.4700
17670,,539.9900000000000000,539.9900
17669,,624.9500000000000000,624.9500
17668,,553.9700000000000000,553.9700
17667,,1760.4700000000000000,1760.4700
17666,,1735.9800000000000000,1735.9800
17665,,39.9800000000000000,39.9800
17664,,624.9500000000000000,624.9500
17663,,7.2800000000000000,7.2800
17662,,1763.9700000000000000,1763.9700
17661,,1709.9800000000000000,1709.9800
17660,,1714.9700000000000000,1714.9700
17659,,1709.9800000000000000,1709.9800
17658,,7.2800000000000000,7.2800
17657,,56.6200000000000000,113.2400
17656,,578.4600000000000000,578.4600
17655,,1750.9800000000000000,1750.9800
17654,,1759.9700000000000000,1759.9700
17653,,39.9800000000000000,39.9800
17652,,14.2300000000000000,14.2300
17651,,1393.4091666666666667,4180.2275
17650,,38.9800000000000000,38.9800
17649,,3.9900000000000000,3.9900
17648,,1374.2458333333333333,4122.7375
17647,,1374.2525000000000000,4122.7575
17646,,1375.7087500000000000,2751.4175
17645,,66.1350000000000000,132.2700
17644,,1508.6650000000000000,3017.3300
17643,,69.9700000000000000,69.9700
17642,,16.4750000000000000,32.9500
17641,,1368.2087500000000000,2736.4175
17640,,24.9900000000000000,24.9900
17639,,1537.5162500000000000,3075.0325
17638,,69.9700000000000000,69.9700
17637,,149.9800000000000000,149.9800
17636,,73.9600000000000000,73.9600
17635,,2076.6650000000000000,4153.3300
17634,,1368.2087500000000000,2736.4175
17633,,1366.3487500000000000,2732.6975
17632,,1500.5112500000000000,3001.0225
17631,,97.9600000000000000,97.9600
17630,,4.9900000000000000,4.9900
17629,,2086.6600000000000000,4173.3200
17628,,53.1200000000000000,106.2400
17627,,1510.5112500000000000,3021.0225
17626,,1500.5212500000000000,3001.0425
17625,,2431.9500000000000000,2431.9500
17624,,2357.2800000000000000,2357.2800
17623,,2326.9600000000000000,2326.9600
17622,,2374.9800000000000000,2374.9800
17621,,1732.2600000000000000,1732.2600
17620,,1700.9900000000000000,1700.9900
17619,,81.9600000000000000,163.9200
17618,,39.9800000000000000,39.9800
17617,,1754.9800000000000000,1754.9800
17616,,4.9900000000000000,4.9900
17615,,1763.9700000000000000,1763.9700
17614,,1700.9900000000000000,1700.9900
17613,,2401.9500000000000000,2401.9500
17612,,2351.9600000000000000,2351.9600
17611,,39.9800000000000000,39.9800
17610,,39.9800000000000000,39.9800
17609,,1725.9800000000000000,1725.9800
17608,,1700.9900000000000000,1700.9900
17607,,54.9800000000000000,54.9800
17606,,4.9900000000000000,4.9900
17605,,39.9800000000000000,39.9800
17604,,2369.9700000000000000,2369.9700
17603,,4.9900000000000000,4.9900
17602,,4.9900000000000000,4.9900
17601,,112.7100000000000000,225.4200
17600,,1775.4700000000000000,1775.4700
17599,,13.9800000000000000,13.9800
17598,,39.9800000000000000,39.9800
17597,,1723.9600000000000000,1723.9600
17596,,1750.9800000000000000,1750.9800
17595,,1785.9700000000000000,1785.9700
17594,,2376.9600000000000000,2376.9600
17593,,2380.4700000000000000,2380.4700
17592,,2334.9700000000000000,2334.9700
17591,,2337.2700000000000000,2337.2700
17590,,4.9900000000000000,4.9900
17589,,59.9800000000000000,59.9800
17588,,13.9800000000000000,13.9800
17587,,4.9900000000000000,4.9900
17586,,1750.9800000000000000,1750.9800
17585,,82.2300000000000000,164.4600
17584,,39.9800000000000000,39.9800
17583,,39.9800000000000000,39.9800
17582,,2398.4700000000000000,2398.4700
17581,,2369.4500000000000000,2369.4500
17580,,2404.9700000000000000,2404.9700
17579,,75.7150000000000000,151.4300
17578,,7.2800000000000000,7.2800
17577,,39.9800000000000000,39.9800
17576,,1750.9800000000000000,1750.9800
17575,,1735.9800000000000000,1735.9800
17574,,1709.9800000000000000,1709.9800
17573,,1735.9800000000000000,1735.9800
17572,,1735.9800000000000000,1735.9800
17571,,1763.9700000000000000,1763.9700
17570,,68.9700000000000000,68.9700
17569,,64.4700000000000000,64.4700
17568,,1714.9700000000000000,1714.9700
17567,,1709.9800000000000000,1709.9800
17566,,1735.9800000000000000,1735.9800
17565,,1750.9800000000000000,1750.9800
17564,,1735.9800000000000000,1735.9800
17563,,2397.9100000000000000,2397.9100
17562,,13.9800000000000000,13.9800
17561,,1735.9800000000000000,1735.9800
17560,,39.9800000000000000,39.9800
17559,,1749.9600000000000000,1749.9600
17558,,1750.4700000000000000,1750.4700
17557,,539.9900000000000000,539.9900
17556,,4.9900000000000000,4.9900
17555,,2423.4800000000000000,2423.4800
17554,,39.9800000000000000,39.9800
17553,,2342.9200000000000000,2342.9200
17552,,2357.2800000000000000,2357.2800
17551,,80.4600000000000000,160.9200
17550,,4.9900000000000000,4.9900
17549,,39.9800000000000000,39.9800
17548,,1700.9900000000000000,1700.9900
17547,,4.9900000000000000,4.9900
17546,,2318.9600000000000000,2318.9600
17545,,2341.9700000000000000,2341.9700
17544,,2359.9800000000000000,2359.9800
17543,,2414.9900000000000000,2414.9900
17542,,2341.9700000000000000,2341.9700
17541,,4.9900000000000000,4.9900
17540,,13.9800000000000000,13.9800
17539,,102.9600000000000000,205.9200
17538,,4.9900000000000000,4.9900
17537,,2319.9900000000000000,2319.9900
17536,,2376.9600000000000000,2376.9600
17535,,2405.4700000000000000,2405.4700
17534,,4.9900000000000000,4.9900
17533,,1735.9800000000000000,1735.9800
17532,,4.9900000000000000,4.9900
17531,,13.9800000000000000,13.9800
17530,,79.4700000000000000,79.4700
17529,,13.9800000000000000,13.9800
17528,,54.9800000000000000,54.9800
17527,,12.9400000000000000,12.9400
17526,,4.9900000000000000,4.9900
17525,,4.9900000000000000,4.9900
17524,,2316.9700000000000000,2316.9700
17523,,4.9900000000000000,4.9900
17522,,37.4750000000000000,74.9500
17521,,1750.9800000000000000,1750.9800
17520,,4.9900000000000000,4.9900
17519,,58.9800000000000000,58.9800
17518,,539.9900000000000000,539.9900
17517,,39.9800000000000000,39.9800
17516,,39.9800000000000000,39.9800
17515,,2071.6300000000000000,4143.2600
17514,,2071.1150000000000000,4142.2300
17513,,2130.1200000000000000,4260.2400
17512,,2085.2700000000000000,4170.5400
17511,,2075.2650000000000000,4150.5300
17510,,2184.8700000000000000,4369.7400
17509,,49.3600000000000000,98.7200
17508,,2324.9200000000000000,2324.9200
17507,,68.9700000000000000,68.9700
17506,,12.9400000000000000,12.9400
17505,,7.2800000000000000,7.2800
17504,,2181.3700000000000000,4362.7400
17503,,49.4800000000000000,98.9600
17502,,3035.2950000000000000,6070.5900
17501,,70.9900000000000000,141.9800
17500,,78.4800000000000000,156.9600
17499,,2294.9900000000000000,2294.9900
17498,,565.4700000000000000,565.4700
17497,,1717.2600000000000000,1717.2600
17496,,114.7250000000000000,229.4500
17495,,59.9550000000000000,119.9100
17494,,55.9800000000000000,111.9600
17493,,65.4800000000000000,130.9600
17492,,84.4700000000000000,84.4700
17491,,63.4700000000000000,126.9400
17490,,12.9400000000000000,12.9400
17489,,58.9800000000000000,58.9800
17488,,4.9900000000000000,4.9900
17487,,7.2800000000000000,7.2800
17486,,89.9700000000000000,89.9700
17485,,76.9600000000000000,76.9600
17484,,63.4800000000000000,126.9600
17483,,32.2500000000000000,64.5000
17482,,73.4700000000000000,146.9400
17481,,63.4700000000000000,126.9400
17480,,1725.9800000000000000,1725.9800
17479,,81.7000000000000000,163.4000
17478,,2379.1200000000000000,4758.2400
17477,,1700.9900000000000000,1700.9900
17476,,1700.9900000000000000,1700.9900
17475,,2370.9600000000000000,2370.9600
17474,,2354.9800000000000000,2354.9800
17473,,4.9900000000000000,4.9900
17472,,4.9900000000000000,4.9900
17471,,39.9800000000000000,39.9800
17470,,2329.9900000000000000,2329.9900
17469,,7.2800000000000000,7.2800
17468,,64.4550000000000000,128.9100
17467,,4.9900000000000000,4.9900
17466,,68.4900000000000000,68.4900
17465,,1764.9600000000000000,1764.9600
17464,,1784.9600000000000000,1784.9600
17463,,1773.9500000000000000,1773.9500
17462,,2334.9800000000000000,2334.9800
17461,,2406.9500000000000000,2406.9500
17460,,2339.9700000000000000,2339.9700
17459,,59.9800000000000000,59.9800
17458,,2369.9700000000000000,2369.9700
17457,,54.9800000000000000,54.9800
17456,,4.9900000000000000,4.9900
17455,,7.2800000000000000,7.2800
17454,,4.9900000000000000,4.9900
17453,,2376.9600000000000000,2376.9600
17452,,4.9900000000000000,4.9900
17451,,39.9800000000000000,39.9800
17450,,76.9550000000000000,153.9100
17449,,4.9900000000000000,4.9900
17448,,64.4700000000000000,64.4700
17447,,13.9800000000000000,13.9800
17446,,2384.9600000000000000,2384.9600
17445,,1729.9700000000000000,1729.9700
17444,,124.9900000000000000,124.9900
17443,,1754.9800000000000000,1754.9800
17442,,106.6266666666666667,319.8800
17441,,2404.9500000000000000,2404.9500
17440,,4.9900000000000000,4.9900
17439,,2341.9700000000000000,2341.9700
17438,,59.9800000000000000,59.9800
17437,,58.9800000000000000,58.9800
17436,,4.9900000000000000,4.9900
17435,,67.9700000000000000,67.9700
17434,,4.9900000000000000,4.9900
17433,,2341.4600000000000000,2341.4600
17432,,4.9900000000000000,4.9900
17431,,4.9900000000000000,4.9900
17430,,4.9900000000000000,4.9900
17429,,4.9900000000000000,4.9900
17428,,39.9800000000000000,39.9800
17427,,2371.9600000000000000,2371.9600
17426,,4.9900000000000000,4.9900
17425,,2394.9500000000000000,2394.9500
17424,,2423.4800000000000000,2423.4800
17423,,2297.2800000000000000,2297.2800
17422,,87.4600000000000000,174.9200
17421,,2376.9600000000000000,2376.9600
17420,,2370.2200000000000000,2370.2200
17419,,39.9800000000000000,39.9800
17418,,39.9800000000000000,39.9800
17417,,2354.9900000000000000,2354.9900
17416,,2370.9600000000000000,2370.9600
17415,,2297.2800000000000000,2297.2800
17414,,2294.9900000000000000,2294.9900
17413,,2365.9400000000000000,2365.9400
17412,,2414.9900000000000000,2414.9900
17411,,77.7350000000000000,155.4700
17410,,84.3700000000000000,168.7400
17409,,109.9600000000000000,219.9200
17408,,4.9900000000000000,4.9900
17407,,54.9800000000000000,54.9800
17406,,7.2800000000000000,7.2800
17405,,1725.4800000000000000,1725.4800
17404,,1709.9800000000000000,1709.9800
17403,,2322.2800000000000000,2322.2800
17402,,2304.9800000000000000,2304.9800
17401,,2329.9900000000000000,2329.9900
17400,,2331.9500000000000000,2331.9500
17399,,2366.9600000000000000,2366.9600
17398,,2354.9800000000000000,2354.9800
17397,,39.9800000000000000,39.9800
17396,,12.9400000000000000,12.9400
17395,,4.9900000000000000,4.9900
17394,,68.4900000000000000,68.4900
17393,,2404.9100000000000000,2404.9100
17392,,13.9800000000000000,13.9800
17391,,4.9900000000000000,4.9900
17390,,39.9800000000000000,39.9800
17389,,1779.4700000000000000,1779.4700
17388,,1763.9700000000000000,1763.9700
17387,,49.3966666666666667,148.1900
17386,,1735.9800000000000000,1735.9800
17385,,69.5633333333333333,208.6900
17384,,1760.4700000000000000,1760.4700
17383,,7.2800000000000000,7.2800
17382,,29.4800000000000000,29.4800
17381,,173.9650000000000000,347.9300
17380,,39.9800000000000000,39.9800
17379,,124.9900000000000000,124.9900
17378,,39.9800000000000000,39.9800
17377,,4.9900000000000000,4.9900
17376,,4.9900000000000000,4.9900
17375,,23.2350000000000000,46.4700
17374,,68.8766666666666667,206.6300
17373,,1735.9800000000000000,1735.9800
17372,,1729.9700000000000000,1729.9700
17371,,50.6400000000000000,151.9200
17370,,2371.3700000000000000,4742.7400
17369,,7.2800000000000000,7.2800
17368,,4.9900000000000000,4.9900
17367,,68.4900000000000000,68.4900
17366,,39.9800000000000000,39.9800
17365,,2369.9600000000000000,2369.9600
17364,,2351.9600000000000000,2351.9600
17363,,2341.9700000000000000,2341.9700
17362,,2309.9700000000000000,2309.9700
17361,,1759.9700000000000000,1759.9700
17360,,40.7266666666666667,122.1800
17359,,39.9800000000000000,39.9800
17358,,1728.2700000000000000,1728.2700
17357,,4.9900000000000000,4.9900
17356,,13.9800000000000000,13.9800
17355,,23.2350000000000000,46.4700
17354,,3014.7850000000000000,6029.5700
17353,,3017.8000000000000000,6035.6000
17352,,3010.8100000000000000,6021.6200
17351,,3058.8450000000000000,6117.6900
17350,,63.7350000000000000,127.4700
17349,,64.4700000000000000,64.4700
17348,,68.4733333333333333,205.4200
17347,,39.9066666666666667,119.7200
17346,,40.7300000000000000,81.4600
17345,,1764.9600000000000000,1764.9600
17344,,4.9900000000000000,4.9900
17343,,39.9800000000000000,39.9800
17342,,39.9800000000000000,39.9800
17341,,35.9600000000000000,35.9600
17340,,29.2600000000000000,29.2600
17339,,4.9900000000000000,4.9900
17338,,30.7200000000000000,92.1600
17337,,41.3033333333333333,123.9100
17336,,26.9700000000000000,26.9700
17335,,4.9900000000000000,4.9900
17334,,2173.8800000000000000,4347.7600
17333,,40.4700000000000000,80.9400
17332,,2240.3650000000000000,4480.7300
17331,,20.4800000000000000,40.9600
17330,,15.4850000000000000,30.9700
17329,,3010.8100000000000000,6021.6200
17328,,2193.8700000000000000,4387.7400
17327,,49.9700000000000000,99.9400
17326,,2233.8800000000000000,4467.7600
17325,,27.4700000000000000,54.9400
17324,,40.4700000000000000,80.9400
17323,,42.4800000000000000,84.9600
17322,,47.2350000000000000,94.4700
17321,,71.2300000000000000,142.4600
17320,,2195.8700000000000000,4391.7400
17319,,19.4900000000000000,38.9800
17318,,21.9850000000000000,43.9700
17317,,64.4750000000000000,128.9500
17316,,48.7250000000000000,97.4500
17315,,3015.3050000000000000,6030.6100
17314,,39.4800000000000000,78.9600
17313,,25.9600000000000000,51.9200
17312,,2235.8700000000000000,4471.7400
17311,,39.4800000000000000,78.9600
17310,,3014.7850000000000000,6029.5700
17309,,3015.3050000000000000,6030.6100
17308,,3010.8100000000000000,6021.6200
17307,,66.4750000000000000,132.9500
17306,,58.9800000000000000,117.9600
17305,,115.9800000000000000,231.9600
17304,,31.1350000000000000,62.2700
17303,,61.7250000000000000,123.4500
17302,,73.7200000000000000,147.4400
17301,,37.4900000000000000,74.9800
17300,,47.1100000000000000,94.2200
17299,,2191.3750000000000000,4382.7500
17298,,87.2250000000000000,174.4500
17297,,50.1250000000000000,100.2500
17296,,56.9800000000000000,113.9600
17295,,2196.3700000000000000,4392.7400
17294,,2177.8550000000000000,4355.7100
17293,,2208.8750000000000000,4417.7500
17292,,47.1100000000000000,94.2200
17291,,43.1350000000000000,86.2700
17290,,46.4850000000000000,92.9700
17289,,53.4750000000000000,106.9500
17288,,2213.1200000000000000,4426.2400
17287,,47.6300000000000000,95.2600
17286,,3014.7850000000000000,6029.5700
17285,,3046.6000000000000000,6093.2000
17284,,45.1250000000000000,90.2500
17283,,73.7200000000000000,147.4400
17282,,50.1250000000000000,100.2500
17281,,41.9850000000000000,83.9700
17280,,3044.7950000000000000,6089.5900
17279,,3010.8100000000000000,6021.6200
17278,,2191.3750000000000000,4382.7500
17277,,2213.3700000000000000,4426.7400
17276,,67.9700000000000000,67.9700
17275,,4.9900000000000000,4.9900
17274,,13.9800000000000000,13.9800
17273,,67.9700000000000000,67.9700
17272,,1714.9700000000000000,1714.9700
17271,,1725.9800000000000000,1725.9800
17270,,1735.9800000000000000,1735.9800
17269,,1728.2700000000000000,1728.2700
17268,,2319.9900000000000000,2319.9900
17267,,2354.9800000000000000,2354.9800
17266,,59.9800000000000000,59.9800
17265,,4.9900000000000000,4.9900
17264,,2325.9600000000000000,2325.9600
17263,,1700.9900000000000000,1700.9900
17262,,1735.9800000000000000,1735.9800
17261,,1764.9600000000000000,1764.9600
17260,,39.9800000000000000,39.9800
17259,,2202.3650000000000000,4404.7300
17258,,2173.8800000000000000,4347.7600
17257,,2240.3650000000000000,4480.7300
17256,,2181.3700000000000000,4362.7400
17255,,2221.1200000000000000,4442.2400
17254,,73.7400000000000000,147.4800
17253,,41.9900000000000000,83.9800
17252,,46.4850000000000000,92.9700
17251,,61.9800000000000000,123.9600
17250,,48.9800000000000000,97.9600
17249,,2213.3700000000000000,4426.7400
17248,,2191.3750000000000000,4382.7500
17247,,2216.3600000000000000,4432.7200
17246,,2190.0200000000000000,4380.0400
17245,,46.4850000000000000,92.9700
17244,,43.1350000000000000,86.2700
17243,,41.9900000000000000,83.9800
17242,,2193.6150000000000000,4387.2300
17241,,2191.3750000000000000,4382.7500
17240,,2192.5150000000000000,4385.0300
17239,,43.1350000000000000,86.2700
17238,,73.7400000000000000,147.4800
17237,,86.9650000000000000,173.9300
17236,,43.1350000000000000,86.2700
17235,,41.9900000000000000,83.9800
17234,,45.6300000000000000,91.2600
17233,,2173.8800000000000000,4347.7600
17232,,2173.8800000000000000,4347.7600
17231,,41.9900000000000000,83.9800
17230,,41.9900000000000000,83.9800
17229,,2235.8700000000000000,4471.7400
17228,,38.6350000000000000,77.2700
17227,,41.9850000000000000,83.9700
17226,,54.9850000000000000,109.9700
17225,,2328.9575000000000000,6986.8725
17224,,66.9600000000000000,66.9600
17223,,21.9800000000000000,21.9800
17222,,36.9600000000000000,36.9600
17221,,2430.7700000000000000,7292.3100
17220,,2304.9508333333333333,6914.8525
17219,,35.0000000000000000,35.0000
17218,,2302.5208333333333333,6907.5625
17217,,80.9600000000000000,80.9600
17216,,1685.1987500000000000,3370.3975
17215,,31.9700000000000000,31.9700
17214,,2403.7966666666666667,7211.3900
17213,,89.9750000000000000,179.9500
17212,,61.9700000000000000,61.9700
17211,,47.9400000000000000,47.9400
17210,,71.9500000000000000,71.9500
17209,,2394.1333333333333333,7182.4000
17208,,45.9500000000000000,45.9500
17207,,2326.5208333333333333,6979.5625
17206,,1647.7137500000000000,3295.4275
17205,,37.4900000000000000,74.9800
17204,,57.4800000000000000,114.9600
17203,,2317.5108333333333333,6952.5325
17202,,2324.6875000000000000,6974.0625
17201,,21.9800000000000000,21.9800
17200,,21.9800000000000000,21.9800
17199,,2332.5208333333333333,6997.5625
17198,,2411.1200000000000000,7233.3600
17197,,56.9700000000000000,56.9700
17196,,1659.1787500000000000,3318.3575
17195,,1665.3337500000000000,3330.6675
17194,,111.4500000000000000,111.4500
17193,,67.4800000000000000,134.9600
17192,,2325.8608333333333333,6977.5825
17191,,2298.5375000000000000,6895.6125
17190,,24.2700000000000000,24.2700
17189,,46.4700000000000000,46.4700
17188,,1675.2087500000000000,3350.4175
17187,,1655.2037500000000000,3310.4075
17186,,38.6350000000000000,77.2700
17185,,2318.1908333333333333,6954.5725
17184,,2417.7833333333333333,7253.3500
17183,,2391.9533333333333333,7175.8600
17182,,2316.8675000000000000,6950.6025
17181,,2314.8608333333333333,6944.5825
17180,,68.9700000000000000,68.9700
17179,,29.4800000000000000,29.4800
17178,,13.9800000000000000,13.9800
17177,,13.9800000000000000,13.9800
17176,,2369.9600000000000000,2369.9600
17175,,2334.9800000000000000,2334.9800
17174,,4.9900000000000000,4.9900
17173,,4.9900000000000000,4.9900
17172,,68.4900000000000000,68.4900
17171,,2439.9900000000000000,2439.9900
17170,,13.9800000000000000,13.9800
17169,,4.9900000000000000,4.9900
17168,,4.9900000000000000,4.9900
17167,,1735.9800000000000000,1735.9800
17166,,4.9900000000000000,4.9900
17165,,4.9900000000000000,4.9900
17164,,12.9400000000000000,12.9400
17163,,1732.2600000000000000,1732.2600
17162,,39.9800000000000000,39.9800
17161,,59.9800000000000000,59.9800
17160,,4.9900000000000000,4.9900
17159,,1735.9800000000000000,1735.9800
17158,,39.9800000000000000,39.9800
17157,,2334.9800000000000000,2334.9800
17156,,2502.2700000000000000,2502.2700
17155,,13.9800000000000000,13.9800
17154,,1764.9600000000000000,1764.9600
17153,,1744.9700000000000000,1744.9700
17152,,12.9400000000000000,12.9400
17151,,12.9400000000000000,12.9400
17150,,1764.9600000000000000,1764.9600
17149,,1735.9800000000000000,1735.9800
17148,,1775.4700000000000000,1775.4700
17147,,1700.9900000000000000,1700.9900
17146,,39.9800000000000000,39.9800
17145,,13.9800000000000000,13.9800
17144,,1891.2600000000000000,1891.2600
17143,,1763.9700000000000000,1763.9700
17142,,1728.2700000000000000,1728.2700
17141,,2376.9600000000000000,2376.9600
17140,,2319.9900000000000000,2319.9900
17139,,2309.9700000000000000,2309.9700
17138,,59.9800000000000000,59.9800
17137,,4.9900000000000000,4.9900
17136,,2297.2800000000000000,2297.2800
17135,,2379.4700000000000000,2379.4700
17134,,2376.9600000000000000,2376.9600
17133,,2357.2800000000000000,2357.2800
17132,,4.9900000000000000,4.9900
17131,,4.9900000000000000,4.9900
17130,,98.9600000000000000,98.9600
17129,,1735.9800000000000000,1735.9800
17128,,1735.9800000000000000,1735.9800
17127,,1778.4700000000000000,1778.4700
17126,,63.4800000000000000,126.9600
17125,,539.9900000000000000,539.9900
17124,,562.9600000000000000,562.9600
17123,,562.9600000000000000,562.9600
17122,,58.9800000000000000,58.9800
17121,,1735.9800000000000000,1735.9800
17120,,1735.9800000000000000,1735.9800
17119,,71.6333333333333333,214.9000
17118,,562.9600000000000000,562.9600
17117,,39.9800000000000000,39.9800
17116,,1764.9600000000000000,1764.9600
17115,,1504.0112500000000000,3008.0225
17114,,2425.1200000000000000,7275.3600
17113,,4.9900000000000000,4.9900
17112,,6.2800000000000000,6.2800
17111,,4.9900000000000000,4.9900
17110,,23.6300000000000000,47.2600
17109,,1384.6987500000000000,2769.3975
17108,,24.9900000000000000,24.9900
17107,,2089.6650000000000000,4179.3300
17106,,72.9600000000000000,72.9600
17105,,41.7200000000000000,83.4400
17104,,4.9900000000000000,4.9900
17103,,2311.6941666666666667,6935.0825
17102,,32.2700000000000000,32.2700
17101,,81.9700000000000000,163.9400
17100,,95.9400000000000000,95.9400
17099,,1350.7137500000000000,2701.4275
17098,,1384.2662500000000000,2768.5325
17097,,1510.5112500000000000,3021.0225
17096,,2072.1700000000000000,4144.3400
17095,,1380.2037500000000000,2760.4075
17094,,1500.5212500000000000,3001.0425
17093,,2305.8641666666666667,6917.5925
17092,,37.2700000000000000,37.2700
17091,,32.2700000000000000,32.2700
17090,,64.9700000000000000,64.9700
17089,,64.9700000000000000,64.9700
17088,,24.9900000000000000,24.9900
17087,,37.6050000000000000,75.2100
17086,,2097.1650000000000000,4194.3300
17085,,1493.0162500000000000,2986.0325
17084,,31.2700000000000000,31.2700
17083,,51.9600000000000000,51.9600
17082,,1945.7712500000000000,3891.5425
17081,,74.9800000000000000,74.9800
17080,,1366.3487500000000000,2732.6975
17079,,2208.8750000000000000,4417.7500
17078,,93.4700000000000000,186.9400
17077,,69.2250000000000000,138.4500
17076,,51.7300000000000000,103.4600
17075,,38.6350000000000000,77.2700
17074,,45.1250000000000000,90.2500
17073,,39.4850000000000000,78.9700
17072,,61.9800000000000000,123.9600
17071,,2208.8750000000000000,4417.7500
17070,,61.9800000000000000,123.9600
17069,,2213.3700000000000000,4426.7400
17068,,46.4850000000000000,92.9700
17067,,56.9800000000000000,113.9600
17066,,52.8750000000000000,105.7500
17065,,2208.8750000000000000,4417.7500
17064,,2253.3800000000000000,4506.7600
17063,,50.1250000000000000,100.2500
17062,,45.6300000000000000,91.2600
17061,,43.1350000000000000,86.2700
17060,,61.9800000000000000,123.9600
17059,,61.9800000000000000,123.9600
17058,,41.9900000000000000,83.9800
17057,,43.1350000000000000,86.2700
17056,,2208.8750000000000000,4417.7500
17055,,2173.8800000000000000,4347.7600
17054,,41.9900000000000000,83.9800
17053,,61.9800000000000000,123.9600
17052,,48.4600000000000000,96.9200
17051,,3030.2500000000000000,6060.5000
17050,,2248.1150000000000000,4496.2300
17049,,2173.8800000000000000,4347.7600
17048,,2191.3750000000000000,4382.7500
17047,,2173.8800000000000000,4347.7600
17046,,2233.8700000000000000,4467.7400
17045,,2240.3650000000000000,4480.7300
17044,,39.9800000000000000,39.9800
17043,,1760.4700000000000000,1760.4700
17042,,1735.9800000000000000,1735.9800
17041,,1700.9900000000000000,1700.9900
17040,,1760.4700000000000000,1760.4700
17039,,1799.4800000000000000,1799.4800
17038,,2442.2800000000000000,2442.2800
17037,,2334.9700000000000000,2334.9700
17036,,88.4750000000000000,176.9500
17035,,58.9800000000000000,58.9800
17034,,1750.9800000000000000,1750.9800
17033,,29.4800000000000000,29.4800
17032,,12.9400000000000000,12.9400
17031,,13.9800000000000000,13.9800
17030,,1700.9900000000000000,1700.9900
17029,,1759.9700000000000000,1759.9700
17028,,1763.9700000000000000,1763.9700
17027,,76.9666666666666667,230.9000
17026,,87.1300000000000000,261.3900
17025,,1709.9800000000000000,1709.9800
17024,,1775.9700000000000000,1775.9700
17023,,1735.9800000000000000,1735.9800
17022,,1763.9700000000000000,1763.9700
17021,,1700.9900000000000000,1700.9900
17020,,1714.9700000000000000,1714.9700
17019,,54.9800000000000000,54.9800
17018,,93.9700000000000000,93.9700
17017,,2332.2800000000000000,2332.2800
17016,,98.9600000000000000,98.9600
17015,,4.9900000000000000,4.9900
17014,,4.9900000000000000,4.9900
17013,,2401.4500000000000000,2401.4500
17012,,1750.9800000000000000,1750.9800
17011,,1750.9800000000000000,1750.9800
17010,,2384.9700000000000000,2384.9700
17009,,2351.9600000000000000,2351.9600
17008,,2316.9700000000000000,2316.9700
17007,,2329.9900000000000000,2329.9900
17006,,2404.4600000000000000,2404.4600
17005,,2376.4500000000000000,2376.4500
17004,,2418.4800000000000000,2418.4800
17003,,2416.4500000000000000,2416.4500
17002,,2331.9500000000000000,2331.9500
17001,,2341.9700000000000000,2341.9700
17000,,2294.9900000000000000,2294.9900
16999,,1735.9800000000000000,1735.9800
16998,,1735.9800000000000000,1735.9800
16997,,1763.9700000000000000,1763.9700
16996,,1754.9800000000000000,1754.9800
16995,,1735.9800000000000000,1735.9800
16994,,39.9800000000000000,39.9800
16993,,124.9900000000000000,124.9900
16992,,4.9900000000000000,4.9900
16991,,39.9800000000000000,39.9800
16990,,59.9800000000000000,59.9800
16989,,2319.9900000000000000,2319.9900
16988,,4.9900000000000000,4.9900
16987,,2414.9900000000000000,2414.9900
16986,,68.4900000000000000,68.4900
16985,,13.9800000000000000,13.9800
16984,,1759.9700000000000000,1759.9700
16983,,2357.2800000000000000,2357.2800
16982,,89.9700000000000000,89.9700
16981,,2317.9200000000000000,2317.9200
16980,,39.9800000000000000,39.9800
16979,,2322.2800000000000000,2322.2800
16978,,4.9900000000000000,4.9900
16977,,1709.9800000000000000,1709.9800
16976,,1785.9700000000000000,1785.9700
16975,,67.9700000000000000,67.9700
16974,,1729.9700000000000000,1729.9700
16973,,1857.9200000000000000,1857.9200
16972,,1754.9800000000000000,1754.9800
16971,,64.4700000000000000,64.4700
16970,,1754.9800000000000000,1754.9800
16969,,2439.9900000000000000,2439.9900
16968,,2325.9600000000000000,2325.9600
16967,,2316.9700000000000000,2316.9700
16966,,4.9900000000000000,4.9900
16965,,39.9800000000000000,39.9800
16964,,36.1800000000000000,108.5400
16963,,39.9800000000000000,39.9800
16962,,13.9800000000000000,13.9800
16961,,2318.9600000000000000,2318.9600
16960,,4.9900000000000000,4.9900
16959,,45.1166666666666667,135.3500
16958,,56.0066666666666667,168.0200
16957,,39.9800000000000000,39.9800
16956,,1700.9900000000000000,1700.9900
16955,,1760.4700000000000000,1760.4700
16954,,67.9700000000000000,67.9700
16953,,13.9800000000000000,13.9800
16952,,1735.9800000000000000,1735.9800
16951,,1735.9800000000000000,1735.9800
16950,,70.3366666666666667,211.0100
16949,,1789.9700000000000000,1789.9700
16948,,82.6700000000000000,248.0100
16947,,1735.9800000000000000,1735.9800
16946,,1535.5162500000000000,3071.0325
16945,,1631.4150000000000000,3262.8300
16944,,2126.9050000000000000,4253.8100
16943,,37.9300000000000000,37.9300
16942,,1375.7087500000000000,2751.4175
16941,,64.9700000000000000,64.9700
16940,,2503.3500000000000000,5006.7000
16939,,29.9800000000000000,29.9800
16938,,1555.0262500000000000,3110.0525
16937,,1963.2662500000000000,3926.5325
16936,,63.9700000000000000,63.9700
16935,,47.4800000000000000,94.9600
16934,,43.4750000000000000,86.9500
16933,,47.4800000000000000,94.9600
16932,,7.2800000000000000,14.5600
16931,,2383.8650000000000000,4767.7300
16930,,27.2100000000000000,54.4200
16929,,2366.8750000000000000,4733.7500
16928,,2349.3800000000000000,4698.7600
16927,,19.4600000000000000,38.9200
16926,,22.4750000000000000,44.9500
16925,,1764.9600000000000000,1764.9600
16924,,1775.4700000000000000,1775.4700
16923,,59.9800000000000000,59.9800
16922,,98.9600000000000000,98.9600
16921,,1754.9800000000000000,1754.9800
16920,,1700.9900000000000000,1700.9900
16919,,35.4750000000000000,70.9500
16918,,64.4700000000000000,64.4700
16917,,4.9900000000000000,4.9900
16916,,2434.9200000000000000,2434.9200
16915,,2374.9800000000000000,2374.9800
16914,,2361.9500000000000000,2361.9500
16913,,13.9800000000000000,13.9800
16912,,2380.4700000000000000,2380.4700
16911,,58.9800000000000000,58.9800
16910,,70.9800000000000000,141.9600
16909,,2376.9600000000000000,2376.9600
16908,,2366.9600000000000000,2366.9600
16907,,2341.9700000000000000,2341.9700
16906,,2359.9800000000000000,2359.9800
16905,,4.9900000000000000,4.9900
16904,,4.9900000000000000,4.9900
16903,,4.9900000000000000,4.9900
16902,,105.9850000000000000,211.9700
16901,,39.9800000000000000,39.9800
16900,,7.2800000000000000,7.2800
16899,,4.9900000000000000,4.9900
16898,,1750.9800000000000000,1750.9800
16897,,1763.9700000000000000,1763.9700
16896,,1714.9700000000000000,1714.9700
16895,,1760.4700000000000000,1760.4700
16894,,1763.9700000000000000,1763.9700
16893,,2325.9600000000000000,2325.9600
16892,,2341.9700000000000000,2341.9700
16891,,59.9800000000000000,59.9800
16890,,1808.4500000000000000,1808.4500
16889,,1729.9700000000000000,1729.9700
16888,,1754.9800000000000000,1754.9800
16887,,1769.9600000000000000,1769.9600
16886,,1729.9700000000000000,1729.9700
16885,,39.9800000000000000,39.9800
16884,,39.9800000000000000,39.9800
16883,,48.9700000000000000,48.9700
16882,,2294.9900000000000000,2294.9900
16881,,2319.9900000000000000,2319.9900
16880,,2343.9600000000000000,2343.9600
16879,,1728.2700000000000000,1728.2700
16878,,1735.9800000000000000,1735.9800
16877,,39.9800000000000000,39.9800
16876,,50.6133333333333333,151.8400
16875,,39.9800000000000000,39.9800
16874,,4.9900000000000000,4.9900
16873,,578.4600000000000000,578.4600
16872,,2359.2400000000000000,2359.2400
16871,,2316.9700000000000000,2316.9700
16870,,49.6800000000000000,149.0400
16869,,2376.9600000000000000,2376.9600
16868,,2322.2800000000000000,2322.2800
16867,,2381.9400000000000000,2381.9400
16866,,2444.4500000000000000,2444.4500
16865,,2369.9600000000000000,2369.9600
16864,,2369.9700000000000000,2369.9700
16863,,64.4700000000000000,64.4700
16862,,39.9800000000000000,39.9800
16861,,13.9800000000000000,13.9800
16860,,4.9900000000000000,4.9900
16859,,2380.4700000000000000,2380.4700
16858,,4.9900000000000000,4.9900
16857,,54.9800000000000000,54.9800
16856,,13.9800000000000000,13.9800
16855,,75.4750000000000000,150.9500
16854,,2342.9300000000000000,2342.9300
16853,,4.9900000000000000,4.9900
16852,,2405.4700000000000000,2405.4700
16851,,2369.9600000000000000,2369.9600
16850,,2354.9800000000000000,2354.9800
16849,,88.4750000000000000,176.9500
16848,,62.7250000000000000,125.4500
16847,,94.9700000000000000,189.9400
16846,,90.4750000000000000,180.9500
16845,,2380.4700000000000000,2380.4700
16844,,2369.9700000000000000,2369.9700
16843,,89.9700000000000000,89.9700
16842,,4.9900000000000000,4.9900
16841,,63.4800000000000000,126.9600
16840,,88.4750000000000000,176.9500
16839,,2294.9900000000000000,2294.9900
16838,,13.9800000000000000,13.9800
16837,,77.7350000000000000,155.4700
16836,,1596.8950000000000000,3193.7900
16835,,2294.9900000000000000,2294.9900
16834,,1750.9800000000000000,1750.9800
16833,,2343.9600000000000000,2343.9600
16832,,2369.9600000000000000,2369.9600
16831,,2402.1233333333333333,7206.3700
16830,,2379.5600000000000000,7138.6800
16829,,2395.1233333333333333,7185.3700
16828,,2394.2200000000000000,7182.6600
16827,,2401.7866666666666667,7205.3600
16826,,2317.8608333333333333,6953.5825
16825,,61.4500000000000000,61.4500
16824,,2312.8641666666666667,6938.5925
16823,,2414.1166666666666667,7242.3500
16822,,2392.1266666666666667,7176.3800
16821,,2407.1166666666666667,7221.3500
16820,,1608.8950000000000000,3217.7900
16819,,2316.9700000000000000,2316.9700
16818,,2391.9400000000000000,2391.9400
16817,,4.9900000000000000,4.9900
16816,,4.9900000000000000,4.9900
16815,,4.9900000000000000,4.9900
16814,,39.9800000000000000,39.9800
16813,,13.9800000000000000,13.9800
16812,,1735.9800000000000000,1735.9800
16811,,1700.9900000000000000,1700.9900
16810,,1532.3150000000000000,3064.6300
16809,,13.9800000000000000,13.9800
16808,,13.9800000000000000,13.9800
16807,,1728.2700000000000000,1728.2700
16806,,54.9800000000000000,54.9800
16805,,1768.9600000000000000,1768.9600
16804,,1728.2700000000000000,1728.2700
16803,,1759.9700000000000000,1759.9700
16802,,13.9800000000000000,13.9800
16801,,54.9800000000000000,54.9800
16800,,25.2800000000000000,75.8400
16799,,1700.9900000000000000,1700.9900
16798,,1764.9600000000000000,1764.9600
16797,,1732.2600000000000000,1732.2600
16796,,54.9800000000000000,54.9800
16795,,67.9300000000000000,67.9300
16794,,1785.9700000000000000,1785.9700
16793,,1788.9500000000000000,1788.9500
16792,,1735.9800000000000000,1735.9800
16791,,1729.9700000000000000,1729.9700
16790,,2564.9200000000000000,2564.9200
16789,,2443.3500000000000000,2443.3500
16788,,39.9800000000000000,39.9800
16787,,39.9800000000000000,39.9800
16786,,2294.9900000000000000,2294.9900
16785,,2342.9200000000000000,2342.9200
16784,,1735.9800000000000000,1735.9800
16783,,2457.3300000000000000,2457.3300
16782,,2482.2300000000000000,2482.2300
16781,,64.4700000000000000,64.4700
16780,,54.9800000000000000,54.9800
16779,,2297.2800000000000000,2297.2800
16778,,2541.3200000000000000,2541.3200
16777,,124.9900000000000000,124.9900
16776,,2443.3500000000000000,2443.3500
16775,,4.9900000000000000,4.9900
16774,,54.9800000000000000,54.9800
16773,,13.9800000000000000,13.9800
16772,,52.8433333333333333,158.5300
16771,,34.8500000000000000,104.5500
16770,,2478.3400000000000000,2478.3400
16769,,4.9900000000000000,4.9900
16768,,4.9900000000000000,4.9900
16767,,59.9800000000000000,59.9800
16766,,4.9900000000000000,4.9900
16765,,4.9900000000000000,4.9900
16764,,1760.4700000000000000,1760.4700
16763,,1700.9900000000000000,1700.9900
16762,,2479.9400000000000000,2479.9400
16761,,2475.9500000000000000,2475.9500
16760,,67.9700000000000000,67.9700
16759,,7.2800000000000000,7.2800
16758,,1531.1700000000000000,3062.3400
16757,,4.9900000000000000,4.9900
16756,,2395.9600000000000000,2395.9600
16755,,2316.9700000000000000,2316.9700
16754,,1559.3000000000000000,3118.6000
16753,,2319.9900000000000000,2319.9900
16752,,2512.3200000000000000,2512.3200
16751,,2492.3200000000000000,2492.3200
16750,,7.2800000000000000,7.2800
16749,,61.9600000000000000,61.9600
16748,,58.9800000000000000,58.9800
16747,,2479.9400000000000000,2479.9400
16746,,64.4700000000000000,64.4700
16745,,3010.8100000000000000,6021.6200
16744,,3035.2950000000000000,6070.5900
16743,,3035.2950000000000000,6070.5900
16742,,3022.2950000000000000,6044.5900
16741,,3028.3050000000000000,6056.6100
16740,,3049.5500000000000000,6099.1000
16739,,40.6300000000000000,81.2600
16738,,22.4750000000000000,44.9500
16737,,4.9900000000000000,4.9900
16736,,59.9800000000000000,59.9800
16735,,58.9800000000000000,58.9800
16734,,64.4850000000000000,128.9700
16733,,17.6300000000000000,35.2600
16732,,2451.3000000000000000,2451.3000
16731,,51.9700000000000000,155.9100
16730,,70.4700000000000000,140.9400
16729,,19.4600000000000000,38.9200
16728,,2443.3500000000000000,2443.3500
16727,,2451.3000000000000000,2451.3000
16726,,7.2800000000000000,7.2800
16725,,13.9800000000000000,13.9800
16724,,39.9800000000000000,39.9800
16723,,7.2800000000000000,7.2800
16722,,4.9900000000000000,4.9900
16721,,60.2366666666666667,180.7100
16720,,39.9800000000000000,39.9800
16719,,39.9800000000000000,39.9800
16718,,13.9800000000000000,13.9800
16717,,77.9366666666666667,233.8100
16716,,27.9200000000000000,27.9200
16715,,7.2800000000000000,7.2800
16714,,64.4700000000000000,64.4700
16713,,3045.2950000000000000,6090.5900
16712,,2208.8750000000000000,4417.7500
16711,,66.4750000000000000,132.9500
16710,,45.6300000000000000,91.2600
16709,,71.9700000000000000,143.9400
16708,,2203.3700000000000000,4406.7400
16707,,2188.8750000000000000,4377.7500
16706,,46.4850000000000000,92.9700
16705,,48.9800000000000000,97.9600
16704,,45.6300000000000000,91.2600
16703,,3045.2950000000000000,6090.5900
16702,,3010.8100000000000000,6021.6200
16701,,2213.3700000000000000,4426.7400
16700,,46.4850000000000000,92.9700
16699,,33.7900000000000000,67.5800
16698,,115.0800000000000000,230.1600
16697,,43.5400000000000000,87.0800
16696,,2253.3800000000000000,4506.7600
16695,,38.0750000000000000,76.1500
16694,,39.1000000000000000,78.2000
16693,,3030.2500000000000000,6060.5000
16692,,15.6350000000000000,31.2700
16691,,2235.8700000000000000,4471.7400
16690,,82.5350000000000000,165.0700
16689,,145.2300000000000000,290.4600
16688,,3040.5500000000000000,6081.1000
16687,,3035.2950000000000000,6070.5900
16686,,2078.8650000000000000,4157.7300
16685,,2091.6150000000000000,4183.2300
16684,,2079.1200000000000000,4158.2400
16683,,34.9350000000000000,69.8700
16682,,33.2900000000000000,66.5800
16681,,34.4350000000000000,68.8700
16680,,52.4300000000000000,104.8600
16679,,53.2800000000000000,106.5600
16678,,1581.1550000000000000,3162.3100
16677,,13.9800000000000000,13.9800
16676,,13.9800000000000000,13.9800
16675,,2192.5150000000000000,4385.0300
16674,,38.0750000000000000,76.1500
16673,,2466.3200000000000000,2466.3200
16672,,7.2800000000000000,7.2800
16671,,4.9900000000000000,4.9900
16670,,2478.3400000000000000,2478.3400
16669,,4.9900000000000000,4.9900
16668,,607.9600000000000000,607.9600
16667,,16.4975000000000000,65.9900
16666,,102.7200000000000000,205.4400
16665,,40.9050000000000000,81.8100
16664,,2188.8750000000000000,4377.7500
16663,,2235.8700000000000000,4471.7400
16662,,2177.8550000000000000,4355.7100
16661,,2954.1250000000000000,5908.2500
16660,,2949.1300000000000000,5898.2600
16659,,2936.6300000000000000,5873.2600
16658,,2936.6300000000000000,5873.2600
16657,,2950.2750000000000000,5900.5500
16656,,2965.1150000000000000,5930.2300
16655,,39.9800000000000000,39.9800
16654,,1528.1600000000000000,3056.3200
16653,,2411.9500000000000000,2411.9500
16652,,48.9700000000000000,48.9700
16651,,13.9800000000000000,13.9800
16650,,4.9900000000000000,4.9900
16649,,57.9700000000000000,115.9400
16648,,7.2800000000000000,7.2800
16647,,54.9800000000000000,54.9800
16646,,125.4550000000000000,250.9100
16645,,2357.2800000000000000,2357.2800
16644,,4.9900000000000000,4.9900
16643,,63.4800000000000000,126.9600
16642,,39.9800000000000000,39.9800
16641,,2391.4300000000000000,2391.4300
16640,,51.2850000000000000,102.5700
16639,,2954.1250000000000000,5908.2500
16638,,2987.1150000000000000,5974.2300
16637,,2950.2750000000000000,5900.5500
16636,,2966.3700000000000000,5932.7400
16635,,80.6450000000000000,161.2900
16634,,53.2800000000000000,106.5600
16633,,50.7850000000000000,101.5700
16632,,34.4350000000000000,68.8700
16631,,2950.2750000000000000,5900.5500
16630,,2986.6200000000000000,5973.2400
16629,,2966.6300000000000000,5933.2600
16628,,93.7900000000000000,187.5800
16627,,32.4400000000000000,64.8800
16626,,35.7850000000000000,71.5700
16625,,40.9050000000000000,81.8100
16624,,2969.1250000000000000,5938.2500
16623,,2986.6200000000000000,5973.2400
16622,,53.2800000000000000,106.5600
16621,,36.9300000000000000,73.8600
16620,,2947.6200000000000000,5895.2400
16619,,48.7900000000000000,97.5800
16618,,38.0750000000000000,76.1500
16617,,80.2750000000000000,160.5500
16616,,2957.7700000000000000,5915.5400
16615,,47.9200000000000000,95.8400
16614,,35.5800000000000000,71.1600
16613,,64.6750000000000000,129.3500
16612,,2949.1300000000000000,5898.2600
16611,,37.7650000000000000,75.5300
16610,,33.7900000000000000,67.5800
16609,,172.0200000000000000,344.0400
16608,,50.7850000000000000,101.5700
16607,,2948.7650000000000000,5897.5300
16606,,33.5850000000000000,67.1700
16605,,33.1300000000000000,66.2600
16604,,56.9700000000000000,56.9700
16603,,2333.5175000000000000,7000.5525
16602,,38.6350000000000000,77.2700
16601,,43.1300000000000000,86.2600
16600,,124.9700000000000000,124.9700
16599,,74.7300000000000000,149.4600
16598,,2377.1333333333333333,7131.4000
16597,,103.4900000000000000,103.4900
16596,,2243.2712500000000000,4486.5425
16595,,2300.4608333333333333,6901.3825
16594,,2410.4566666666666667,7231.3700
16593,,50.8800000000000000,101.7600
16592,,74.9800000000000000,74.9800
16591,,68.9800000000000000,137.9600
16590,,84.4750000000000000,168.9500
16589,,2447.8966666666666667,7343.6900
16588,,2331.5275000000000000,6994.5825
16587,,2354.5208333333333333,7063.5625
16586,,69.9900000000000000,69.9900
16585,,2397.4633333333333333,7192.3900
16584,,86.4750000000000000,172.9500
16583,,42.2800000000000000,42.2800
16582,,35.0000000000000000,35.0000
16581,,50.2300000000000000,50.2300
16580,,1809.9200000000000000,5429.7600
16579,,48.9750000000000000,97.9500
16578,,74.9800000000000000,74.9800
16577,,74.9800000000000000,74.9800
16576,,149.4600000000000000,149.4600
16575,,2331.5241666666666667,6994.5725
16574,,22.4850000000000000,44.9700
16573,,1500.5212500000000000,3001.0425
16572,,2443.3500000000000000,4886.7000
16571,,26.4600000000000000,52.9200
16570,,2109.6600000000000000,4219.3200
16569,,1968.2712500000000000,3936.5425
16568,,69.9700000000000000,69.9700
16567,,2386.5666666666666667,7159.7000
16566,,1935.4508333333333333,5806.3525
16565,,2401.2200000000000000,7203.6600
16564,,66.1350000000000000,132.2700
16563,,31.4750000000000000,62.9500
16562,,1500.5212500000000000,3001.0425
16561,,1515.0162500000000000,3030.0325
16560,,2316.9512500000000000,4633.9025
16559,,2352.7412500000000000,4705.4825
16558,,24.9900000000000000,24.9900
16557,,31.2700000000000000,31.2700
16556,,86.9500000000000000,86.9500
16555,,31.2700000000000000,31.2700
16554,,1495.2612500000000000,2990.5225
16553,,1500.5212500000000000,3001.0425
16552,,2493.3950000000000000,4986.7900
16551,,2516.3800000000000000,5032.7600
16550,,1500.5212500000000000,3001.0425
16549,,2465.3400000000000000,4930.6800
16548,,2312.4562500000000000,4624.9125
16547,,2450.3400000000000000,4900.6800
16546,,1518.2662500000000000,3036.5325
16545,,31.2700000000000000,31.2700
16544,,28.9800000000000000,28.9800
16543,,26.9800000000000000,53.9600
16542,,22.4850000000000000,44.9700
16541,,1514.0112500000000000,3028.0225
16540,,2348.2462500000000000,4696.4925
16539,,83.9700000000000000,83.9700
16538,,2329.9512500000000000,4659.9025
16537,,24.9900000000000000,24.9900
16536,,27.2800000000000000,27.2800
16535,,37.9700000000000000,37.9700
16534,,2410.2512500000000000,4820.5025
16533,,2351.1962500000000000,4702.3925
16532,,2460.8450000000000000,4921.6900
16531,,1645.9000000000000000,3291.8000
16530,,1500.5212500000000000,3001.0425
16529,,2376.3750000000000000,4752.7500
16528,,2349.3800000000000000,4698.7600
16527,,2376.3750000000000000,4752.7500
16526,,2379.1200000000000000,4758.2400
16525,,2376.3750000000000000,4752.7500
16524,,2366.8750000000000000,4733.7500
16523,,2349.3800000000000000,4698.7600
16522,,2349.3800000000000000,4698.7600
16521,,2349.3800000000000000,4698.7600
16520,,2363.8700000000000000,4727.7400
16519,,2376.3750000000000000,4752.7500
16518,,2349.3800000000000000,4698.7600
16517,,2349.3800000000000000,4698.7600
16516,,2366.8750000000000000,4733.7500
16515,,2366.8750000000000000,4733.7500
16514,,2380.8700000000000000,4761.7400
16513,,2334.7262500000000000,4669.4525
16512,,1631.4150000000000000,3262.8300
16511,,23.6300000000000000,47.2600
16510,,27.2800000000000000,27.2800
16509,,1629.3950000000000000,3258.7900
16508,,83.9700000000000000,83.9700
16507,,35.2300000000000000,35.2300
16506,,34.0133333333333333,102.0400
16505,,39.9800000000000000,39.9800
16504,,588.9600000000000000,588.9600
16503,,4.9900000000000000,4.9900
16502,,39.9800000000000000,39.9800
16501,,4.9900000000000000,4.9900
16500,,588.9600000000000000,588.9600
16499,,4.9900000000000000,4.9900
16498,,39.9800000000000000,39.9800
16497,,33.1775000000000000,132.7100
16496,,2980.1150000000000000,5960.2300
16495,,3001.1150000000000000,6002.2300
16494,,2980.6000000000000000,5961.2000
16493,,2098.6250000000000000,4197.2500
16492,,65.4700000000000000,130.9400
16491,,1553.1650000000000000,3106.3300
16490,,2478.3400000000000000,2478.3400
16489,,56.3650000000000000,112.7300
16488,,116.2100000000000000,232.4200
16487,,36.6200000000000000,73.2400
16486,,56.6200000000000000,113.2400
16485,,39.9800000000000000,39.9800
16484,,2087.7650000000000000,4175.5300
16483,,2059.1300000000000000,4118.2600
16482,,2391.8700000000000000,4783.7400
16481,,97.4550000000000000,194.9100
16480,,72.4700000000000000,144.9400
16479,,52.8366666666666667,158.5100
16478,,2385.9400000000000000,2385.9400
16477,,39.9800000000000000,39.9800
16476,,2357.7462500000000000,4715.4925
16475,,2336.9412500000000000,4673.8825
16474,,24.9900000000000000,24.9900
16473,,24.9900000000000000,24.9900
16472,,27.2800000000000000,27.2800
16471,,53.4700000000000000,53.4700
16470,,1510.5212500000000000,3021.0425
16469,,63.9700000000000000,63.9700
16468,,63.9700000000000000,63.9700
16467,,6.1350000000000000,12.2700
16466,,2312.4562500000000000,4624.9125
16465,,1635.8950000000000000,3271.7900
16464,,22.4850000000000000,44.9700
16463,,59.9100000000000000,59.9100
16462,,49.4800000000000000,49.4800
16461,,1643.6600000000000000,3287.3200
16460,,23.6300000000000000,47.2600
16459,,23.6300000000000000,47.2600
16458,,24.9900000000000000,24.9900
16457,,149.9800000000000000,149.9800
16456,,64.9700000000000000,64.9700
16455,,28.9800000000000000,28.9800
16454,,23.6300000000000000,47.2600
16453,,7.2800000000000000,14.5600
16452,,1535.5062500000000000,3071.0125
16451,,2316.4312500000000000,4632.8625
16450,,37.9700000000000000,37.9700
16449,,23.6300000000000000,47.2600
16448,,2302.2975000000000000,6906.8925
16447,,1500.5112500000000000,3001.0225
16446,,1546.5162500000000000,3093.0325
16445,,1621.4150000000000000,3242.8300
16444,,1635.9100000000000000,3271.8200
16443,,33.4750000000000000,66.9500
16442,,2461.6450000000000000,4923.2900
16441,,24.9900000000000000,24.9900
16440,,28.9800000000000000,28.9800
16439,,24.9900000000000000,24.9900
16438,,24.9900000000000000,24.9900
16437,,23.6300000000000000,47.2600
16436,,2348.2462500000000000,4696.4925
16435,,6.2800000000000000,6.2800
16434,,69.9700000000000000,69.9700
16433,,2348.2462500000000000,4696.4925
16432,,2316.9512500000000000,4633.9025
16431,,2384.7012500000000000,4769.4025
16430,,2319.4462500000000000,4638.8925
16429,,2479.1400000000000000,4958.2800
16428,,1510.5112500000000000,3021.0225
16427,,1487.5112500000000000,2975.0225
16426,,1922.7875000000000000,5768.3625
16425,,1906.2308333333333333,5718.6925
16424,,1912.7941666666666667,5738.3825
16423,,83.9700000000000000,83.9700
16422,,2316.4312500000000000,4632.8625
16421,,31.2700000000000000,31.2700
16420,,1479.5012500000000000,2959.0025
16419,,27.2800000000000000,27.2800
16418,,27.2800000000000000,27.2800
16417,,1500.5212500000000000,3001.0425
16416,,2485.8400000000000000,4971.6800
16415,,2465.3400000000000000,4930.6800
16414,,2459.6500000000000000,4919.3000
16413,,37.9300000000000000,37.9300
16412,,2460.7950000000000000,4921.5900
16411,,2329.9512500000000000,4659.9025
16410,,1621.3850000000000000,3242.7700
16409,,2462.5850000000000000,4925.1700
16408,,2346.4412500000000000,4692.8825
16407,,1625.0550000000000000,3250.1100
16406,,1555.0262500000000000,3110.0525
16405,,1631.4150000000000000,3262.8300
16404,,2000.7200000000000000,6002.1600
16403,,37.9700000000000000,37.9700
16402,,4.9900000000000000,9.9800
16401,,51.1250000000000000,102.2500
16400,,2479.1400000000000000,4958.2800
16399,,32.2700000000000000,32.2700
16398,,53.4700000000000000,53.4700
16397,,64.9700000000000000,64.9700
16396,,32.2700000000000000,32.2700
16395,,63.9700000000000000,63.9700
16394,,2329.9512500000000000,4659.9025
16393,,1947.1241666666666667,5841.3725
16392,,1928.7941666666666667,5786.3825
16391,,2312.4562500000000000,4624.9125
16390,,2328.7562500000000000,4657.5125
16389,,2319.4462500000000000,4638.8925
16388,,2336.9412500000000000,4673.8825
16387,,47.4800000000000000,94.9600
16386,,64.9750000000000000,129.9500
16385,,64.4700000000000000,64.4700
16384,,7.2800000000000000,7.2800
16383,,58.9800000000000000,58.9800
16382,,59.9800000000000000,59.9800
16381,,4.9900000000000000,4.9900
16380,,97.9750000000000000,195.9500
16379,,58.9800000000000000,58.9800
16378,,13.9800000000000000,13.9800
16377,,13.9800000000000000,13.9800
16376,,7.2800000000000000,7.2800
16375,,2478.3400000000000000,2478.3400
16374,,15.2300000000000000,15.2300
16373,,2578.4300000000000000,2578.4300
16372,,2482.2300000000000000,2482.2300
16371,,54.9800000000000000,54.9800
16370,,44.1666666666666667,132.5000
16369,,26.9700000000000000,26.9700
16368,,98.9600000000000000,98.9600
16367,,39.9800000000000000,39.9800
16366,,2563.3500000000000000,2563.3500
16365,,2490.1800000000000000,2490.1800
16364,,2482.2300000000000000,2482.2300
16363,,2481.8200000000000000,2481.8200
16362,,2482.2300000000000000,2482.2300
16361,,2514.9300000000000000,2514.9300
16360,,553.9700000000000000,553.9700
16359,,7.2800000000000000,7.2800
16358,,21.9875000000000000,87.9500
16357,,4.9900000000000000,4.9900
16356,,7.2800000000000000,7.2800
16355,,89.9700000000000000,89.9700
16354,,574.9800000000000000,574.9800
16353,,106.9600000000000000,106.9600
16352,,2974.2450000000000000,5948.4900
16351,,2936.6300000000000000,5873.2600
16350,,2951.5950000000000000,5903.1900
16349,,2949.1300000000000000,5898.2600
16348,,2959.1200000000000000,5918.2400
16347,,2959.2500000000000000,5918.5000
16346,,18.7750000000000000,37.5500
16345,,2086.6200000000000000,4173.2400
16344,,2294.9900000000000000,2294.9900
16343,,29.1250000000000000,58.2500
16342,,71.6950000000000000,143.3900
16341,,44.1250000000000000,88.2500
16340,,608.9600000000000000,608.9600
16339,,1584.7941000000000000,3169.5882
16338,,84.7150000000000000,169.4300
16337,,7.2800000000000000,7.2800
16336,,64.4700000000000000,64.4700
16335,,36.9600000000000000,36.9600
16334,,84.9200000000000000,84.9200
16333,,56.9700000000000000,56.9700
16332,,73.6150000000000000,147.2300
16331,,39.5933333333333333,118.7800
16330,,31.2700000000000000,31.2700
16329,,1636.0450000000000000,3272.0900
16328,,1500.5212500000000000,3001.0425
16327,,2323.9412500000000000,4647.8825
16326,,24.9900000000000000,24.9900
16325,,85.6350000000000000,171.2700
16324,,1641.4050000000000000,3282.8100
16323,,24.9900000000000000,24.9900
16322,,28.9800000000000000,28.9800
16321,,48.6250000000000000,97.2500
16320,,49.4800000000000000,49.4800
16319,,27.2800000000000000,27.2800
16318,,1510.5112500000000000,3021.0225
16317,,1500.5212500000000000,3001.0425
16316,,2329.9012500000000000,4659.8025
16315,,28.9800000000000000,28.9800
16314,,55.9750000000000000,111.9500
16313,,2492.8300000000000000,4985.6600
16312,,63.9700000000000000,63.9700
16311,,1494.1612500000000000,2988.3225
16310,,2003.3866666666666667,6010.1600
16309,,2303.5308333333333333,6910.5925
16308,,2275.7612500000000000,4551.5225
16307,,2305.8641666666666667,6917.5925
16306,,14.6300000000000000,29.2600
16305,,1491.6700000000000000,2983.3400
16304,,49.4800000000000000,49.4800
16303,,149.9800000000000000,149.9800
16302,,24.9900000000000000,24.9900
16301,,72.9600000000000000,72.9600
16300,,55.9750000000000000,111.9500
16299,,4.9900000000000000,4.9900
16298,,2333.6241666666666667,7000.8725
16297,,2296.5375000000000000,6889.6125
16296,,122.9500000000000000,122.9500
16295,,138.4500000000000000,138.4500
16294,,13.9800000000000000,13.9800
16293,,4.9900000000000000,4.9900
16292,,32.2800000000000000,32.2800
16291,,2460.8450000000000000,4921.6900
16290,,1411.0062500000000000,2822.0125
16289,,1389.2612500000000000,2778.5225
16288,,1384.2662500000000000,2768.5325
16287,,2269.4212500000000000,4538.8425
16286,,2306.8708333333333333,6920.6125
16285,,76.9400000000000000,76.9400
16284,,7.2800000000000000,7.2800
16283,,63.9700000000000000,63.9700
16282,,32.1250000000000000,64.2500
16281,,63.9700000000000000,63.9700
16280,,12.9400000000000000,12.9400
16279,,48.9700000000000000,48.9700
16278,,1496.1650000000000000,2992.3300
16277,,1505.0162500000000000,3010.0325
16276,,7.2800000000000000,7.2800
16275,,1641.4150000000000000,3282.8300
16274,,4.9900000000000000,4.9900
16273,,1401.7612500000000000,2803.5225
16272,,1510.5212500000000000,3021.0425
16271,,1507.1550000000000000,3014.3100
16270,,1385.7612500000000000,2771.5225
16269,,1389.4112500000000000,2778.8225
16268,,1389.4112500000000000,2778.8225
16267,,1518.6650000000000000,3037.3300
16266,,63.9700000000000000,63.9700
16265,,27.2800000000000000,27.2800
16264,,30.9800000000000000,61.9600
16263,,2414.4533333333333333,7243.3600
16262,,2316.5241666666666667,6949.5725
16261,,2390.2900000000000000,7170.8700
16260,,1500.5112500000000000,3001.0225
16259,,1378.2712500000000000,2756.5425
16258,,63.9700000000000000,63.9700
16257,,72.9600000000000000,72.9600
16256,,40.9800000000000000,81.9600
16255,,187.9800000000000000,187.9800
16254,,24.9900000000000000,24.9900
16253,,1360.7762500000000000,2721.5525
16252,,1390.7712500000000000,2781.5425
16251,,13.4850000000000000,26.9700
16250,,2255.7712500000000000,4511.5425
16249,,13.9800000000000000,13.9800
16248,,39.9800000000000000,39.9800
16247,,31.9400000000000000,95.8200
16246,,12.9400000000000000,12.9400
16245,,4.9900000000000000,4.9900
16244,,2369.9700000000000000,2369.9700
16243,,45.9850000000000000,91.9700
16242,,7.2800000000000000,7.2800
16241,,63.4800000000000000,126.9600
16240,,4.9900000000000000,4.9900
16239,,39.9800000000000000,39.9800
16238,,12.9400000000000000,12.9400
16237,,2514.9300000000000000,2514.9300
16236,,98.9600000000000000,98.9600
16235,,2443.3500000000000000,2443.3500
16234,,13.9800000000000000,13.9800
16233,,114.4600000000000000,114.4600
16232,,2475.9500000000000000,2475.9500
16231,,2525.9400000000000000,2525.9400
16230,,618.9800000000000000,618.9800
16229,,572.2600000000000000,572.2600
16228,,569.9700000000000000,569.9700
16227,,80.9600000000000000,80.9600
16226,,553.9700000000000000,553.9700
16225,,553.9700000000000000,553.9700
16224,,556.2600000000000000,556.2600
16223,,562.9600000000000000,562.9600
16222,,561.4800000000000000,561.4800
16221,,588.9600000000000000,588.9600
16220,,562.9600000000000000,562.9600
16219,,553.9700000000000000,553.9700
16218,,574.9800000000000000,574.9800
16217,,124.9900000000000000,124.9900
16216,,614.4700000000000000,614.4700
16215,,617.9100000000000000,617.9100
16214,,15.2300000000000000,15.2300
16213,,51.5133333333333333,154.5400
16212,,39.9800000000000000,39.9800
16211,,586.9700000000000000,586.9700
16210,,645.9400000000000000,645.9400
16209,,30.9700000000000000,30.9700
16208,,119.9600000000000000,119.9600
16207,,2408.7900000000000000,7226.3700
16206,,2401.1166666666666667,7203.3500
16205,,2316.8575000000000000,6950.5725
16204,,2387.4633333333333333,7162.3900
16203,,2313.2908333333333333,6939.8725
16202,,31.2700000000000000,31.2700
16201,,1529.0062500000000000,3058.0125
16200,,48.4750000000000000,96.9500
16199,,2305.8641666666666667,6917.5925
16198,,57.4800000000000000,114.9600
16197,,1378.2712500000000000,2756.5425
16196,,2412.4533333333333333,7237.3600
16195,,92.4800000000000000,92.4800
16194,,49.4800000000000000,49.4800
16193,,45.2350000000000000,90.4700
16192,,50.7250000000000000,101.4500
16191,,13.4850000000000000,26.9700
16190,,39.6250000000000000,79.2500
16189,,52.9700000000000000,105.9400
16188,,48.4750000000000000,96.9500
16187,,17.4600000000000000,34.9200
16186,,64.9700000000000000,64.9700
16185,,14.4900000000000000,28.9800
16184,,39.1000000000000000,78.2000
16183,,15.6350000000000000,31.2700
16182,,41.9850000000000000,83.9700
16181,,85.0300000000000000,170.0600
16180,,2193.1841000000000000,4386.3682
16179,,36.0800000000000000,72.1600
16178,,54.4250000000000000,108.8500
16177,,66.6700000000000000,133.3400
16176,,2202.0391000000000000,4404.0782
16175,,35.1250000000000000,70.2500
16174,,70.2250000000000000,140.4500
16173,,21.6050000000000000,43.2100
16172,,93.0200000000000000,186.0400
16171,,51.9300000000000000,103.8600
16170,,94.4350000000000000,188.8700
16169,,2202.0391000000000000,4404.0782
16168,,40.0550000000000000,80.1100
16167,,51.2850000000000000,102.5700
16166,,54.4250000000000000,108.8500
16165,,40.9050000000000000,81.8100
16164,,1319.5391000000000000,2639.0782
16163,,1320.6948000000000000,2641.3896
16162,,92.5200000000000000,185.0400
16161,,1350.0241000000000000,2700.0482
16160,,1322.0341000000000000,2644.0682
16159,,2205.8248000000000000,4411.6496
16158,,2184.5441000000000000,4369.0882
16157,,2195.7048000000000000,4391.4096
16156,,2172.0441000000000000,4344.0882
16155,,2244.7841000000000000,4489.5682
16154,,4.9900000000000000,4.9900
16153,,39.9800000000000000,39.9800
16152,,64.4700000000000000,64.4700
16151,,639.4500000000000000,639.4500
16150,,629.9700000000000000,629.9700
16149,,64.0133333333333333,192.0400
16148,,2319.9900000000000000,2319.9900
16147,,2367.2000000000000000,2367.2000
16146,,2329.9800000000000000,2329.9800
16145,,2322.2800000000000000,2322.2800
16144,,2376.9600000000000000,2376.9600
16143,,26.9700000000000000,26.9700
16142,,563.9600000000000000,563.9600
16141,,589.9600000000000000,589.9600
16140,,2528.3300000000000000,2528.3300
16139,,654.9500000000000000,654.9500
16138,,564.9900000000000000,564.9900
16137,,554.9700000000000000,554.9700
16136,,564.9900000000000000,564.9900
16135,,579.9700000000000000,579.9700
16134,,13.9800000000000000,13.9800
16133,,54.9400000000000000,164.8200
16132,,2459.6200000000000000,2459.6200
16131,,166.2800000000000000,166.2800
16130,,61.9600000000000000,61.9600
16129,,564.9900000000000000,564.9900
16128,,539.9900000000000000,539.9900
16127,,618.4700000000000000,618.4700
16126,,579.9700000000000000,579.9700
16125,,588.9600000000000000,588.9600
16124,,614.4500000000000000,614.4500
16123,,629.9700000000000000,629.9700
16122,,569.9700000000000000,569.9700
16121,,614.4700000000000000,614.4700
16120,,7.2800000000000000,7.2800
16119,,13.9800000000000000,13.9800
16118,,2563.9100000000000000,2563.9100
16117,,86.4500000000000000,86.4500
16116,,2341.9700000000000000,2341.9700
16115,,7.2800000000000000,7.2800
16114,,2319.9900000000000000,2319.9900
16113,,2391.9500000000000000,2391.9500
16112,,2373.4700000000000000,2373.4700
16111,,2340.9400000000000000,2340.9400
16110,,650.4700000000000000,650.4700
16109,,548.9800000000000000,548.9800
16108,,633.9600000000000000,633.9600
16107,,39.9800000000000000,39.9800
16106,,52.5033333333333333,157.5100
16105,,2361.9500000000000000,2361.9500
16104,,2414.9700000000000000,2414.9700
16103,,1571.1600000000000000,3142.3200
16102,,563.9600000000000000,563.9600
16101,,2322.2800000000000000,2322.2800
16100,,2369.9600000000000000,2369.9600
16099,,89.9700000000000000,89.9700
16098,,1550.6450000000000000,3101.2900
16097,,34.5166666666666667,103.5500
16096,,70.6700000000000000,212.0100
16095,,2329.9900000000000000,2329.9900
16094,,567.2700000000000000,567.2700
16093,,554.9700000000000000,554.9700
16092,,7.2800000000000000,7.2800
16091,,39.9800000000000000,39.9800
16090,,604.9600000000000000,604.9600
16089,,114.0100000000000000,342.0300
16088,,7.2800000000000000,7.2800
16087,,2369.9700000000000000,2369.9700
16086,,2406.9500000000000000,2406.9500
16085,,47.8433333333333333,143.5300
16084,,4.9900000000000000,4.9900
16083,,561.9700000000000000,561.9700
16082,,39.9800000000000000,39.9800
16081,,2319.9900000000000000,2319.9900
16080,,567.2700000000000000,567.2700
16079,,2324.9200000000000000,2324.9200
16078,,2383.9500000000000000,2383.9500
16077,,2401.4500000000000000,2401.4500
16076,,7.2800000000000000,7.2800
16075,,7.2800000000000000,7.2800
16074,,39.9800000000000000,39.9800
16073,,64.4700000000000000,64.4700
16072,,166.2800000000000000,166.2800
16071,,34.5166666666666667,103.5500
16070,,39.9800000000000000,39.9800
16069,,579.9700000000000000,579.9700
16068,,563.9600000000000000,563.9600
16067,,664.8900000000000000,664.8900
16066,,611.9400000000000000,611.9400
16065,,572.2600000000000000,572.2600
16064,,7.2800000000000000,7.2800
16063,,4.9900000000000000,4.9900
16062,,7.2800000000000000,7.2800
16061,,592.2700000000000000,592.2700
16060,,7.2800000000000000,7.2800
16059,,146.9700000000000000,146.9700
16058,,19.1250000000000000,38.2500
16057,,39.9800000000000000,39.9800
16056,,27.2800000000000000,27.2800
16055,,66.4400000000000000,66.4400
16054,,1253.1208333333333333,3759.3625
16053,,1250.7941666666666667,3752.3825
16052,,1365.7712500000000000,2731.5425
16051,,1373.2762500000000000,2746.5525
16050,,38.4700000000000000,76.9400
16049,,39.9800000000000000,39.9800
16048,,39.9800000000000000,39.9800
16047,,4.9900000000000000,4.9900
16046,,1321.0466666666666667,3963.1400
16045,,1267.4575000000000000,3802.3725
16044,,68.4900000000000000,68.4900
16043,,30.9800000000000000,61.9600
16042,,24.9900000000000000,24.9900
16041,,64.9700000000000000,64.9700
16040,,64.9700000000000000,64.9700
16039,,4.9900000000000000,4.9900
16038,,42.1250000000000000,84.2500
16037,,39.9800000000000000,39.9800
16036,,30.9800000000000000,61.9600
16035,,25.7300000000000000,51.4600
16034,,7.2800000000000000,7.2800
16033,,1247.7975000000000000,3743.3925
16032,,45.4750000000000000,90.9500
16031,,1875.0441000000000000,3750.0882
16030,,36.7700000000000000,73.5400
16029,,1903.6998000000000000,3807.3996
16028,,1903.6998000000000000,3807.3996
16027,,1913.1998000000000000,3826.3996
16026,,1902.0391000000000000,3804.0782
16025,,1915.9448000000000000,3831.8896
16024,,4.9900000000000000,4.9900
16023,,83.4450000000000000,166.8900
16022,,589.9600000000000000,589.9600
16021,,539.9900000000000000,539.9900
16020,,595.9600000000000000,595.9600
16019,,573.9800000000000000,573.9800
16018,,89.9700000000000000,89.9700
16017,,59.9800000000000000,59.9800
16016,,58.9650000000000000,117.9300
16015,,574.9800000000000000,574.9800
16014,,7.2800000000000000,7.2800
16013,,89.9700000000000000,89.9700
16012,,47.1300000000000000,94.2600
16011,,1828.6300000000000000,3657.2600
16010,,7.2800000000000000,7.2800
16009,,85.2250000000000000,170.4500
16008,,4.9900000000000000,4.9900
16007,,2329.9900000000000000,2329.9900
16006,,39.9800000000000000,39.9800
16005,,66.2433333333333333,198.7300
16004,,2518.2500000000000000,2518.2500
16003,,4.9900000000000000,4.9900
16002,,61.9600000000000000,61.9600
16001,,7.2800000000000000,7.2800
16000,,2406.9750000000000000,4813.9500
15999,,2354.9800000000000000,2354.9800
15998,,2371.9600000000000000,2371.9600
15997,,2373.1700000000000000,4746.3400
15996,,564.9900000000000000,564.9900
15995,,608.9600000000000000,608.9600
15994,,695.9750000000000000,1391.9500
15993,,597.2600000000000000,597.2600
15992,,1597.4650000000000000,3194.9300
15991,,1563.6250000000000000,3127.2500
15990,,1549.9800000000000000,3099.9600
15989,,1570.4600000000000000,3140.9200
15988,,89.9100000000000000,89.9100
15987,,702.4750000000000000,1404.9500
15986,,711.4700000000000000,1422.9400
15985,,1589.9750000000000000,3179.9500
15984,,1562.4800000000000000,3124.9600
15983,,1567.4750000000000000,3134.9500
15982,,4.9900000000000000,4.9900
15981,,124.9900000000000000,124.9900
15980,,1538.9900000000000000,3077.9800
15979,,4.9900000000000000,4.9900
15978,,7.2800000000000000,7.2800
15977,,39.9800000000000000,39.9800
15976,,1578.9850000000000000,3157.9700
15975,,166.2800000000000000,166.2800
15974,,69.4700000000000000,208.4100
15973,,39.9800000000000000,39.9800
15972,,1574.4700000000000000,3148.9400
15971,,39.9800000000000000,39.9800
15970,,39.9800000000000000,39.9800
15969,,1554.9750000000000000,3109.9500
15968,,1549.9800000000000000,3099.9600
15967,,4.9900000000000000,4.9900
15966,,4.9900000000000000,4.9900
15965,,1554.4750000000000000,3108.9500
15964,,1558.9800000000000000,3117.9600
15963,,89.9700000000000000,89.9700
15962,,61.9600000000000000,61.9600
15961,,1563.6250000000000000,3127.2500
15960,,4.9900000000000000,4.9900
15959,,1558.9850000000000000,3117.9700
15958,,68.4900000000000000,68.4900
15957,,163.9900000000000000,163.9900
15956,,4.9900000000000000,4.9900
15955,,39.9800000000000000,39.9800
15954,,1558.9800000000000000,3117.9600
15953,,678.9850000000000000,1357.9700
15952,,1587.4750000000000000,3174.9500
15951,,39.9800000000000000,39.9800
15950,,7.2800000000000000,7.2800
15949,,1578.9850000000000000,3157.9700
15948,,1546.4800000000000000,3092.9600
15947,,7.2800000000000000,7.2800
15946,,103.4800000000000000,103.4800
15945,,7.2800000000000000,7.2800
15944,,1617.4700000000000000,3234.9400
15943,,121.8033333333333333,365.4100
15942,,63.9566666666666667,191.8700
15941,,1552.6350000000000000,3105.2700
15940,,7.2800000000000000,7.2800
15939,,39.9800000000000000,39.9800
15938,,7.2800000000000000,7.2800
15937,,1572.6300000000000000,3145.2600
15936,,39.9800000000000000,39.9800
15935,,7.2800000000000000,7.2800
15934,,1573.9750000000000000,3147.9500
15933,,2310.6275000000000000,6931.8825
15932,,2395.4633333333333333,7186.3900
15931,,1787.4300000000000000,5362.2900
15930,,83.9700000000000000,83.9700
15929,,2314.8608333333333333,6944.5825
15928,,2320.0275000000000000,6960.0825
15927,,2310.9675000000000000,6932.9025
15926,,2326.1875000000000000,6978.5625
15925,,1968.6033333333333333,5905.8100
15924,,1914.6675000000000000,5744.0025
15923,,2197.5933333333333333,6592.7800
15922,,74.1000000000000000,148.2000
15921,,2183.0966666666666667,6549.2900
15920,,2082.5075000000000000,6247.5225
15919,,41.9850000000000000,83.9700
15918,,1574.9750000000000000,3149.9500
15917,,2339.5300000000000000,4679.0600
15916,,2396.6350000000000000,4793.2700
15915,,1551.4900000000000000,3102.9800
15914,,1540.1350000000000000,3080.2700
15913,,712.2700000000000000,712.2700
15912,,93.9700000000000000,93.9700
15911,,26.9700000000000000,26.9700
15910,,39.9800000000000000,39.9800
15909,,690.1250000000000000,1380.2500
15908,,706.9650000000000000,1413.9300
15907,,4.9900000000000000,4.9900
15906,,2380.5150000000000000,4761.0300
15905,,2449.5100000000000000,4899.0200
15904,,697.4750000000000000,1394.9500
15903,,686.4750000000000000,1372.9500
15902,,698.9750000000000000,1397.9500
15901,,688.4850000000000000,1376.9700
15900,,699.9700000000000000,699.9700
15899,,1566.9750000000000000,3133.9500
15898,,7.2800000000000000,7.2800
15897,,1557.4700000000000000,3114.9400
15896,,7.2800000000000000,7.2800
15895,,61.9600000000000000,61.9600
15894,,89.9700000000000000,89.9700
15893,,714.4700000000000000,1428.9400
15892,,700.7300000000000000,1401.4600
15891,,39.9800000000000000,39.9800
15890,,687.6300000000000000,1375.2600
15889,,2424.0150000000000000,4848.0300
15888,,1589.4750000000000000,3178.9500
15887,,39.9800000000000000,39.9800
15886,,711.2300000000000000,1422.4600
15885,,698.9750000000000000,1397.9500
15884,,39.9800000000000000,39.9800
15883,,89.9500000000000000,89.9500
15882,,686.2300000000000000,1372.4600
15881,,564.9900000000000000,564.9900
15880,,132.9400000000000000,132.9400
15879,,65.6433333333333333,196.9300
15878,,75.3066666666666667,225.9200
15877,,39.9800000000000000,39.9800
15876,,2394.5100000000000000,4789.0200
15875,,15.2300000000000000,15.2300
15874,,75.1466666666666667,225.4400
15873,,1561.9650000000000000,3123.9300
15872,,78.5133333333333333,235.5400
15871,,39.9800000000000000,39.9800
15870,,7.2800000000000000,7.2800
15869,,13.9800000000000000,13.9800
15868,,55.5033333333333333,166.5100
15867,,7.2800000000000000,7.2800
15866,,48.6066666666666667,145.8200
15865,,708.4750000000000000,1416.9500
15864,,34.5166666666666667,103.5500
15863,,81.0033333333333333,243.0100
15862,,689.9750000000000000,1379.9500
15861,,7.2800000000000000,7.2800
15860,,661.4900000000000000,1322.9800
15859,,24.7133333333333333,74.1400
15858,,7.2800000000000000,7.2800
15857,,4.9900000000000000,4.9900
15856,,51.0700000000000000,153.2100
15855,,29.2600000000000000,29.2600
15854,,41.9500000000000000,41.9500
15853,,59.9800000000000000,59.9800
15852,,1611.4900000000000000,3222.9800
15851,,1599.2300000000000000,3198.4600
15850,,2406.5200000000000000,4813.0400
15849,,7.2800000000000000,7.2800
15848,,39.9800000000000000,39.9800
15847,,80.1466666666666667,240.4400
15846,,2471.6600000000000000,4943.3200
15845,,1622.4800000000000000,3244.9600
15844,,1567.4750000000000000,3134.9500
15843,,1571.4850000000000000,3142.9700
15842,,1576.4800000000000000,3152.9600
15841,,1552.6350000000000000,3105.2700
15840,,1540.1350000000000000,3080.2700
15839,,24.2700000000000000,24.2700
15838,,56.9700000000000000,56.9700
15837,,39.9800000000000000,39.9800
15836,,7.2800000000000000,7.2800
15835,,93.9700000000000000,93.9700
15834,,661.4900000000000000,1322.9800
15833,,1305.7048000000000000,2611.4096
15832,,1305.7048000000000000,2611.4096
15831,,1323.1791000000000000,2646.3582
15830,,1340.1898000000000000,2680.3796
15829,,93.9900000000000000,187.9800
15828,,86.1250000000000000,172.2500
15827,,709.4600000000000000,1418.9200
15826,,46.1775000000000000,184.7100
15825,,39.9800000000000000,39.9800
15824,,75.9700000000000000,75.9700
15823,,33.9800000000000000,67.9600
15822,,21.6050000000000000,43.2100
15821,,30.9700000000000000,30.9700
15820,,71.9700000000000000,71.9700
15819,,30.9700000000000000,30.9700
15818,,4.9900000000000000,4.9900
15817,,64.4700000000000000,64.4700
15816,,62.6733333333333333,188.0200
15815,,47.2766666666666667,141.8300
15814,,93.9700000000000000,93.9700
15813,,30.9700000000000000,30.9700
15812,,40.6250000000000000,81.2500
15811,,35.5800000000000000,71.1600
15810,,33.5850000000000000,67.1700
15809,,31.2950000000000000,62.5900
15808,,2212.0391000000000000,4424.0782
15807,,35.2850000000000000,70.5700
15806,,51.4250000000000000,102.8500
15805,,63.7350000000000000,127.4700
15804,,49.4800000000000000,98.9600
15803,,33.1300000000000000,66.2600
15802,,2222.0341000000000000,4444.0682
15801,,2190.6891000000000000,4381.3782
15800,,2199.5391000000000000,4399.0782
15799,,2211.6898000000000000,4423.3796
15798,,49.4800000000000000,98.9600
15797,,2207.8398000000000000,4415.6796
15796,,29.9900000000000000,59.9800
15795,,66.2200000000000000,132.4400
15794,,56.9850000000000000,113.9700
15793,,2184.5441000000000000,4369.0882
15792,,1322.6998000000000000,2645.3996
15791,,21.1300000000000000,42.2600
15790,,1334.1898000000000000,2668.3796
15789,,2243.0341000000000000,4486.0682
15788,,2221.6898000000000000,4443.3796
15787,,83.9650000000000000,167.9300
15786,,2183.0341000000000000,4366.0682
15785,,2227.1748000000000000,4454.3496
15784,,2189.5441000000000000,4379.0882
15783,,49.4800000000000000,98.9600
15782,,7.2800000000000000,7.2800
15781,,1604.9700000000000000,3209.9400
15780,,1622.4800000000000000,3244.9600
15779,,90.4700000000000000,90.4700
15778,,1588.9800000000000000,3177.9600
15777,,39.9800000000000000,39.9800
15776,,4.9900000000000000,4.9900
15775,,15.2300000000000000,15.2300
15774,,124.9900000000000000,124.9900
15773,,64.4700000000000000,64.4700
15772,,39.9800000000000000,39.9800
15771,,1587.4750000000000000,3174.9500
15770,,1589.9650000000000000,3179.9300
15769,,1579.9750000000000000,3159.9500
15768,,1562.4800000000000000,3124.9600
15767,,2189.5441000000000000,4379.0882
15766,,31.1350000000000000,62.2700
15765,,2184.5441000000000000,4369.0882
15764,,2206.6948000000000000,4413.3896
15763,,693.9750000000000000,1387.9500
15762,,564.4800000000000000,564.4800
15761,,49.1000000000000000,196.4000
15760,,36.6300000000000000,146.5200
15759,,89.9700000000000000,89.9700
15758,,49.4800000000000000,98.9600
15757,,2183.2048000000000000,4366.4096
15756,,2220.6948000000000000,4441.3896
15755,,2202.0391000000000000,4404.0782
15754,,2208.1898000000000000,4416.3796
15753,,2199.5391000000000000,4399.0782
15752,,2204.3448000000000000,4408.6896
15751,,2223.1998000000000000,4446.3996
15750,,1543.9850000000000000,3087.9700
15749,,7.2800000000000000,7.2800
15748,,98.9700000000000000,296.9100
15747,,39.9800000000000000,39.9800
15746,,4.9900000000000000,4.9900
15745,,89.9700000000000000,89.9700
15744,,12.9400000000000000,12.9400
15743,,39.9800000000000000,39.9800
15742,,39.9800000000000000,39.9800
15741,,89.9700000000000000,89.9700
15740,,39.9800000000000000,39.9800
15739,,1570.1350000000000000,3140.2700
15738,,166.2800000000000000,166.2800
15737,,1558.6150000000000000,3117.2300
15736,,76.9400000000000000,76.9400
15735,,58.1250000000000000,116.2500
15734,,2213.2048000000000000,4426.4096
15733,,2221.7741000000000000,4443.5482
15732,,2188.1998000000000000,4376.3996
15731,,29.9900000000000000,59.9800
15730,,61.4800000000000000,122.9600
15729,,2196.8498000000000000,4393.6996
15728,,31.9850000000000000,63.9700
15727,,67.2300000000000000,134.4600
15726,,2196.6791000000000000,4393.3582
15725,,2208.1898000000000000,4416.3796
15724,,2179.5341000000000000,4359.0682
15723,,2222.0341000000000000,4444.0682
15722,,2224.2841000000000000,4448.5682
15721,,59.4800000000000000,118.9600
15720,,35.1100000000000000,70.2200
15719,,2214.7841000000000000,4429.5682
15718,,31.9850000000000000,63.9700
15717,,2205.6841000000000000,4411.3682
15716,,2233.5291000000000000,4467.0582
15715,,19.9850000000000000,39.9700
15714,,83.9700000000000000,83.9700
15713,,18.7950000000000000,37.5900
15712,,25.7850000000000000,51.5700
15711,,63.2800000000000000,126.5600
15710,,2105.5008333333333333,6316.5025
15709,,94.9800000000000000,94.9800
15708,,74.9800000000000000,74.9800
15707,,35.0000000000000000,35.0000
15706,,35.0000000000000000,35.0000
15705,,69.9900000000000000,69.9900
15704,,35.0000000000000000,35.0000
15703,,74.9800000000000000,74.9800
15702,,2305.8475000000000000,6917.5425
15701,,39.4300000000000000,78.8600
15700,,2082.5108333333333333,6247.5325
15699,,2323.1908333333333333,6969.5725
15698,,42.2800000000000000,42.2800
15697,,2324.8475000000000000,6974.5425
15696,,198.9900000000000000,198.9900
15695,,2774.7466666666666667,8324.2400
15694,,53.6850000000000000,107.3700
15693,,2301.5341666666666667,6904.6025
15692,,2797.4333333333333333,8392.3000
15691,,2780.4300000000000000,8341.2900
15690,,38.2850000000000000,76.5700
15689,,35.0000000000000000,35.0000
15688,,2073.8408333333333333,6221.5225
15687,,2324.6241666666666667,6973.8725
15686,,36.2900000000000000,72.5800
15685,,2396.1233333333333333,7188.3700
15684,,2321.0241666666666667,6963.0725
15683,,89.9800000000000000,89.9800
15682,,69.9900000000000000,69.9900
15681,,52.7800000000000000,105.5600
15680,,4.9900000000000000,4.9900
15679,,64.9700000000000000,64.9700
15678,,2407.7800000000000000,7223.3400
15677,,2400.2866666666666667,7200.8600
15676,,2408.2266666666666667,7224.6800
15675,,2402.1266666666666667,7206.3800
15674,,1526.6600000000000000,3053.3200
15673,,64.9700000000000000,64.9700
15672,,89.9700000000000000,89.9700
15671,,15.7750000000000000,31.5500
15670,,114.9600000000000000,114.9600
15669,,2949.1300000000000000,5898.2600
15668,,2956.6200000000000000,5913.2400
15667,,1562.6600000000000000,3125.3200
15666,,1544.6500000000000000,3089.3000
15665,,1401.7612500000000000,2803.5225
15664,,1385.2612500000000000,2770.5225
15663,,1385.7712500000000000,2771.5425
15662,,1751.0233333333333333,5253.0700
15661,,1736.0133333333333333,5208.0400
15660,,1723.0233333333333333,5169.0700
15659,,1523.9050000000000000,3047.8100
15658,,64.9700000000000000,64.9700
15657,,1750.4466666666666667,5251.3400
15656,,1496.1650000000000000,2992.3300
15655,,1376.9112500000000000,2753.8225
15654,,24.9900000000000000,24.9900
15653,,1734.6866666666666667,5204.0600
15652,,1720.0266666666666667,5160.0800
15651,,1373.2762500000000000,2746.5525
15650,,114.9600000000000000,114.9600
15649,,1524.1550000000000000,3048.3100
15648,,1903.6998000000000000,3807.3996
15647,,1882.0341000000000000,3764.0682
15646,,1902.0391000000000000,3804.0782
15645,,1892.5391000000000000,3785.0782
15644,,1901.8398000000000000,3803.6796
15643,,1903.6998000000000000,3807.3996
15642,,1886.2048000000000000,3772.4096
15641,,48.3750000000000000,96.7500
15640,,17.2850000000000000,34.5700
15639,,17.2850000000000000,34.5700
15638,,1720.7900000000000000,5162.3700
15637,,2333.1908333333333333,6999.5725
15636,,78.9600000000000000,78.9600
15635,,58.4750000000000000,116.9500
15634,,30.9800000000000000,61.9600
15633,,68.4900000000000000,68.4900
15632,,1748.3533333333333333,5245.0600
15631,,1707.4633333333333333,5122.3900
15630,,1712.1233333333333333,5136.3700
15629,,39.9800000000000000,39.9800
15628,,63.9700000000000000,63.9700
15627,,2314.5275000000000000,6943.5825
15626,,2343.0241666666666667,7029.0725
15625,,2389.7966666666666667,7169.3900
15624,,2329.8608333333333333,6989.5825
15623,,2415.6233333333333333,7246.8700
15622,,1513.6600000000000000,3027.3200
15621,,2988.8700000000000000,5977.7400
15620,,2979.8600000000000000,5959.7200
15619,,2954.1250000000000000,5908.2500
15618,,24.9900000000000000,24.9900
15617,,59.9100000000000000,59.9100
15616,,27.2800000000000000,27.2800
15615,,35.1200000000000000,70.2400
15614,,3029.5900000000000000,6059.1800
15613,,27.2800000000000000,27.2800
15612,,39.9850000000000000,79.9700
15611,,54.2500000000000000,54.2500
15610,,57.4800000000000000,114.9600
15609,,27.2800000000000000,27.2800
15608,,39.9800000000000000,39.9800
15607,,44.2300000000000000,88.4600
15606,,57.9650000000000000,115.9300
15605,,19.9850000000000000,39.9700
15604,,33.3750000000000000,66.7500
15603,,19.9850000000000000,39.9700
15602,,31.9850000000000000,63.9700
15601,,2214.7841000000000000,4429.5682
15600,,2295.1998000000000000,4590.3996
15599,,40.6200000000000000,81.2400
15598,,83.9650000000000000,167.9300
15597,,2195.7048000000000000,4391.4096
15596,,2230.0191000000000000,4460.0382
15595,,2184.5441000000000000,4369.0882
15594,,33.1300000000000000,66.2600
15593,,58.1300000000000000,116.2600
15592,,29.9900000000000000,59.9800
15591,,2173.1891000000000000,4346.3782
15590,,2220.0241000000000000,4440.0482
15589,,2208.1898000000000000,4416.3796
15588,,2243.0341000000000000,4486.0682
15587,,2211.6898000000000000,4423.3796
15586,,2234.6848000000000000,4469.3696
15585,,2183.5091000000000000,4367.0182
15584,,31.1350000000000000,62.2700
15583,,33.1300000000000000,66.2600
15582,,1453.7791000000000000,2907.5582
15581,,56.9700000000000000,113.9400
15580,,1455.4498000000000000,2910.8996
15579,,17.4900000000000000,34.9800
15578,,2254.9498000000000000,4509.8996
15577,,71.7250000000000000,143.4500
15576,,2172.0441000000000000,4344.0882
15575,,1455.4498000000000000,2910.8996
15574,,127.2800000000000000,127.2800
15573,,4.9900000000000000,4.9900
15572,,34.8500000000000000,104.5500
15571,,33.9500000000000000,101.8500
15570,,672.4800000000000000,1344.9600
15569,,1538.9900000000000000,3077.9800
15568,,1556.4850000000000000,3112.9700
15567,,2360.1350000000000000,4720.2700
15566,,2456.2350000000000000,4912.4700
15565,,1549.9800000000000000,3099.9600
15564,,62.8400000000000000,188.5200
15563,,39.9800000000000000,39.9800
15562,,673.9850000000000000,1347.9700
15561,,687.6300000000000000,1375.2600
15560,,4.9900000000000000,4.9900
15559,,57.3466666666666667,172.0400
15558,,681.4800000000000000,1362.9600
15557,,668.9800000000000000,1337.9600
15556,,588.9600000000000000,588.9600
15555,,685.9750000000000000,1371.9500
15554,,678.9850000000000000,1357.9700
15553,,686.4750000000000000,1372.9500
15552,,713.2300000000000000,1426.4600
15551,,687.6300000000000000,1375.2600
15550,,4.9900000000000000,4.9900
15549,,574.9800000000000000,574.9800
15548,,668.9800000000000000,1337.9600
15547,,793.7350000000000000,1587.4700
15546,,39.9800000000000000,39.9800
15545,,39.9800000000000000,39.9800
15544,,111.9500000000000000,111.9500
15543,,60.3133333333333333,180.9400
15542,,1558.9800000000000000,3117.9600
15541,,61.9600000000000000,61.9600
15540,,1562.4800000000000000,3124.9600
15539,,64.4700000000000000,64.4700
15538,,797.7050000000000000,1595.4100
15537,,815.7300000000000000,1631.4600
15536,,83.1766666666666667,249.5300
15535,,1549.9800000000000000,3099.9600
15534,,1599.7200000000000000,3199.4400
15533,,4.9900000000000000,4.9900
15532,,794.8750000000000000,1589.7500
15531,,811.2350000000000000,1622.4700
15530,,846.4600000000000000,846.4600
15529,,793.7350000000000000,1587.4700
15528,,838.2300000000000000,1676.4600
15527,,811.2350000000000000,1622.4700
15526,,62.7733333333333333,188.3200
15525,,780.2150000000000000,1560.4300
15524,,7.2800000000000000,7.2800
15523,,815.7300000000000000,1631.4600
15522,,26.9700000000000000,26.9700
15521,,1586.4750000000000000,3172.9500
15520,,805.9800000000000000,1611.9600
15519,,21.9800000000000000,21.9800
15518,,1557.4700000000000000,3114.9400
15517,,1556.4900000000000000,3112.9800
15516,,7.2800000000000000,7.2800
15515,,7.2800000000000000,7.2800
15514,,124.9900000000000000,124.9900
15513,,39.9800000000000000,39.9800
15512,,61.9600000000000000,61.9600
15511,,47.8466666666666667,143.5400
15510,,39.9800000000000000,39.9800
15509,,39.9800000000000000,39.9800
15508,,39.9800000000000000,39.9800
15507,,89.2800000000000000,267.8400
15506,,776.2400000000000000,1552.4800
15505,,7.2800000000000000,7.2800
15504,,39.9800000000000000,39.9800
15503,,811.2250000000000000,1622.4500
15502,,793.7350000000000000,1587.4700
15501,,1598.9900000000000000,3197.9800
15500,,1576.9750000000000000,3153.9500
15499,,1611.4900000000000000,3222.9800
15498,,85.5066666666666667,256.5200
15497,,811.2350000000000000,1622.4700
15496,,39.9800000000000000,39.9800
15495,,39.9800000000000000,39.9800
15494,,91.8133333333333333,275.4400
15493,,1549.9800000000000000,3099.9600
15492,,1558.7250000000000000,3117.4500
15491,,1590.7300000000000000,3181.4600
15490,,2406.7600000000000000,4813.5200
15489,,842.7250000000000000,1685.4500
15488,,55.1000000000000000,165.3000
15487,,89.9700000000000000,89.9700
15486,,39.9800000000000000,39.9800
15485,,39.9800000000000000,39.9800
15484,,1589.9750000000000000,3179.9500
15483,,1560.1300000000000000,3120.2600
15482,,1562.2250000000000000,3124.4500
15481,,1576.4800000000000000,3152.9600
15480,,1538.9900000000000000,3077.9800
15479,,85.9500000000000000,85.9500
15478,,60.9433333333333333,182.8300
15477,,7.2800000000000000,7.2800
15476,,7.2800000000000000,7.2800
15475,,793.7300000000000000,1587.4600
15474,,838.2300000000000000,1676.4600
15473,,776.2400000000000000,1552.4800
15472,,780.2150000000000000,1560.4300
15471,,811.2350000000000000,1622.4700
15470,,76.9600000000000000,76.9600
15469,,39.9800000000000000,39.9800
15468,,145.4500000000000000,436.3500
15467,,815.7300000000000000,1631.4600
15466,,793.7350000000000000,1587.4700
15465,,20.1150000000000000,40.2300
15464,,18.6350000000000000,37.2700
15463,,1401.2462500000000000,2802.4925
15462,,1543.4100000000000000,3086.8200
15461,,44.4800000000000000,88.9600
15460,,1373.2762500000000000,2746.5525
15459,,34.9200000000000000,34.9200
15458,,4.9900000000000000,4.9900
15457,,1390.7712500000000000,2781.5425
15456,,1407.7612500000000000,2815.5225
15455,,1549.6450000000000000,3099.2900
15454,,1373.2762500000000000,2746.5525
15453,,2216.8666666666666667,6650.6000
15452,,24.9900000000000000,24.9900
15451,,1378.2712500000000000,2756.5425
15450,,32.2700000000000000,32.2700
15449,,24.7800000000000000,49.5600
15448,,26.4650000000000000,52.9300
15447,,24.9900000000000000,24.9900
15446,,32.2700000000000000,32.2700
15445,,64.9700000000000000,64.9700
15444,,69.4750000000000000,138.9500
15443,,7.2800000000000000,7.2800
15442,,93.4800000000000000,93.4800
15441,,38.6350000000000000,77.2700
15440,,2245.5200000000000000,6736.5600
15439,,1902.0391000000000000,3804.0782
15438,,1894.3398000000000000,3788.6796
15437,,18.6350000000000000,37.2700
15436,,1886.2048000000000000,3772.4096
15435,,1900.6948000000000000,3801.3896
15434,,16.1400000000000000,32.2800
15433,,811.2350000000000000,1622.4700
15432,,793.7350000000000000,1587.4700
15431,,7.2800000000000000,7.2800
15430,,39.9800000000000000,39.9800
15429,,1585.1000000000000000,3170.2000
15428,,815.7300000000000000,1631.4600
15427,,787.2300000000000000,1574.4600
15426,,57.9600000000000000,115.9200
15425,,1886.2048000000000000,3772.4096
15424,,30.9700000000000000,30.9700
15423,,4.9900000000000000,4.9900
15422,,816.9700000000000000,1633.9400
15421,,4.9900000000000000,4.9900
15420,,4.9900000000000000,4.9900
15419,,1551.4900000000000000,3102.9800
15418,,77.4100000000000000,232.2300
15417,,1560.1300000000000000,3120.2600
15416,,4.9900000000000000,4.9900
15415,,89.9700000000000000,89.9700
15414,,4.9900000000000000,4.9900
15413,,106.3066666666666667,318.9200
15412,,4.9900000000000000,4.9900
15411,,1563.9750000000000000,3127.9500
15410,,809.9500000000000000,1619.9000
15409,,783.7300000000000000,1567.4600
15408,,39.9800000000000000,39.9800
15407,,39.9800000000000000,39.9800
15406,,7.2800000000000000,7.2800
15405,,15.2300000000000000,15.2300
15404,,1557.4700000000000000,3114.9400
15403,,39.9800000000000000,39.9800
15402,,43.8500000000000000,131.5500
15401,,39.9800000000000000,39.9800
15400,,4.9900000000000000,4.9900
15399,,1574.1100000000000000,3148.2200
15398,,1566.4850000000000000,3132.9700
15397,,39.9800000000000000,39.9800
15396,,1573.9750000000000000,3147.9500
15395,,2390.0100000000000000,4780.0200
15394,,1567.4750000000000000,3134.9500
15393,,7.2800000000000000,7.2800
15392,,39.9800000000000000,39.9800
15391,,2414.0050000000000000,4828.0100
15390,,39.9800000000000000,39.9800
15389,,1576.4800000000000000,3152.9600
15388,,1563.9750000000000000,3127.9500
15387,,4.9900000000000000,4.9900
15386,,4.9900000000000000,4.9900
15385,,7.2800000000000000,7.2800
15384,,7.2800000000000000,7.2800
15383,,114.4600000000000000,114.4600
15382,,103.4800000000000000,103.4800
15381,,4.9900000000000000,4.9900
15380,,1572.6300000000000000,3145.2600
15379,,1592.2200000000000000,3184.4400
15378,,56.9700000000000000,170.9100
15377,,55.9666666666666667,167.9000
15376,,45.4133333333333333,136.2400
15375,,67.9300000000000000,67.9300
15374,,1588.9800000000000000,3177.9600
15373,,39.9800000000000000,39.9800
15372,,1552.6350000000000000,3105.2700
15371,,1589.4750000000000000,3178.9500
15370,,7.2800000000000000,7.2800
15369,,1563.9750000000000000,3127.9500
15368,,7.2800000000000000,7.2800
15367,,1588.9800000000000000,3177.9600
15366,,59.9800000000000000,59.9800
15365,,1571.1150000000000000,3142.2300
15364,,1591.9700000000000000,3183.9400
15363,,2359.5200000000000000,4719.0400
15362,,2372.5100000000000000,4745.0200
15361,,39.9800000000000000,39.9800
15360,,4.9900000000000000,4.9900
15359,,51.4600000000000000,51.4600
15358,,39.9800000000000000,39.9800
15357,,2410.7900000000000000,7232.3700
15356,,119.9800000000000000,119.9800
15355,,35.0000000000000000,35.0000
15354,,2765.7633333333333333,8297.2900
15353,,162.9150000000000000,325.8300
15352,,69.9900000000000000,69.9900
15351,,1557.4700000000000000,3114.9400
15350,,1572.6300000000000000,3145.2600
15349,,1569.9700000000000000,3139.9400
15348,,1599.2250000000000000,3198.4500
15347,,815.7300000000000000,1631.4600
15346,,1623.6250000000000000,3247.2500
15345,,1550.9750000000000000,3101.9500
15344,,4.9900000000000000,4.9900
15343,,776.2400000000000000,1552.4800
15342,,823.4800000000000000,1646.9600
15341,,811.2350000000000000,1622.4700
15340,,52.0133333333333333,156.0400
15339,,811.2350000000000000,1622.4700
15338,,798.8500000000000000,1597.7000
15337,,811.2350000000000000,1622.4700
15336,,7.2800000000000000,7.2800
15335,,39.9800000000000000,39.9800
15334,,848.4700000000000000,848.4700
15333,,815.7300000000000000,1631.4600
15332,,39.9800000000000000,39.9800
15331,,7.2800000000000000,7.2800
15330,,39.9800000000000000,39.9800
15329,,1567.4750000000000000,3134.9500
15328,,1599.7200000000000000,3199.4400
15327,,39.9800000000000000,39.9800
15326,,172.9800000000000000,172.9800
15325,,792.3800000000000000,1584.7600
15324,,50.9400000000000000,50.9400
15323,,804.4700000000000000,804.4700
15322,,1576.4750000000000000,3152.9500
15321,,1556.4900000000000000,3112.9800
15320,,1576.4800000000000000,3152.9600
15319,,7.2800000000000000,7.2800
15318,,39.9800000000000000,39.9800
15317,,54.9800000000000000,54.9800
15316,,7.2800000000000000,7.2800
15315,,4.9900000000000000,4.9900
15314,,788.2250000000000000,1576.4500
15313,,7.2800000000000000,7.2800
15312,,815.7300000000000000,1631.4600
15311,,811.2350000000000000,1622.4700
15310,,31.4800000000000000,94.4400
15309,,811.2350000000000000,1622.4700
15308,,811.2350000000000000,1622.4700
15307,,39.9800000000000000,39.9800
15306,,89.9700000000000000,89.9700
15305,,15.2300000000000000,15.2300
15304,,2421.5000000000000000,4843.0000
15303,,1538.9900000000000000,3077.9800
15302,,1567.4750000000000000,3134.9500
15301,,15.2300000000000000,15.2300
15300,,4.9900000000000000,4.9900
15299,,7.2800000000000000,7.2800
15298,,7.2800000000000000,7.2800
15297,,39.9800000000000000,39.9800
15296,,7.2800000000000000,7.2800
15295,,7.2800000000000000,7.2800
15294,,59.9800000000000000,59.9800
15293,,39.9800000000000000,39.9800
15292,,54.9600000000000000,54.9600
15291,,889.4700000000000000,889.4700
15290,,838.2300000000000000,1676.4600
15289,,787.2300000000000000,1574.4600
15288,,787.2300000000000000,1574.4600
15287,,840.7250000000000000,1681.4500
15286,,68.4900000000000000,68.4900
15285,,39.9800000000000000,39.9800
15284,,841.9650000000000000,1683.9300
15283,,865.9500000000000000,865.9500
15282,,7.2800000000000000,7.2800
15281,,39.9800000000000000,39.9800
15280,,1557.4700000000000000,3114.9400
15279,,56.9700000000000000,56.9700
15278,,56.9700000000000000,56.9700
15277,,96.4400000000000000,96.4400
15276,,673.3800000000000000,1346.7600
15275,,13.9800000000000000,13.9800
15274,,114.4600000000000000,114.4600
15273,,103.4800000000000000,103.4800
15272,,64.4700000000000000,64.4700
15271,,39.9800000000000000,39.9800
15270,,39.9800000000000000,39.9800
15269,,7.2800000000000000,7.2800
15268,,1420.4548000000000000,2840.9096
15267,,1426.7891000000000000,2853.5782
15266,,1467.6848000000000000,2935.3696
15265,,1448.7841000000000000,2897.5682
15264,,19.4900000000000000,38.9800
15263,,39.4800000000000000,78.9600
15262,,1886.2048000000000000,3772.4096
15261,,35.3700000000000000,70.7400
15260,,45.9500000000000000,45.9500
15259,,21.9800000000000000,21.9800
15258,,4.9900000000000000,4.9900
15257,,39.9800000000000000,39.9800
15256,,815.7300000000000000,1631.4600
15255,,793.7350000000000000,1587.4700
15254,,812.2250000000000000,1624.4500
15253,,39.4800000000000000,78.9600
15252,,776.2400000000000000,1552.4800
15251,,50.0500000000000000,200.2000
15250,,56.9700000000000000,56.9700
15249,,46.4700000000000000,46.4700
15248,,64.4700000000000000,64.4700
15247,,7.2800000000000000,7.2800
15246,,21.9800000000000000,21.9800
15245,,30.9700000000000000,30.9700
15244,,44.7975000000000000,179.1900
15243,,36.9600000000000000,36.9600
15242,,18.6350000000000000,37.2700
15241,,25.9550000000000000,51.9100
15240,,36.9800000000000000,73.9600
15239,,61.7250000000000000,123.4500
15238,,49.4800000000000000,98.9600
15237,,33.1300000000000000,66.2600
15236,,63.4750000000000000,126.9500
15235,,95.4450000000000000,190.8900
15234,,29.9900000000000000,59.9800
15233,,29.9900000000000000,59.9800
15232,,19.9850000000000000,39.9700
15231,,45.3750000000000000,90.7500
15230,,121.4750000000000000,242.9500
15229,,1416.7841000000000000,2833.5682
15228,,2187.5291000000000000,4375.0582
15227,,2234.7791000000000000,4469.5582
15226,,2195.7048000000000000,4391.4096
15225,,2200.7048000000000000,4401.4096
15224,,35.9600000000000000,71.9200
15223,,2183.2048000000000000,4366.4096
15222,,61.7250000000000000,123.4500
15221,,2223.9348000000000000,4447.8696
15220,,2192.0391000000000000,4384.0782
15219,,2199.5391000000000000,4399.0782
15218,,2199.5391000000000000,4399.0782
15217,,20.6300000000000000,41.2600
15216,,50.8700000000000000,101.7400
15215,,2234.2791000000000000,4468.5582
15214,,2245.4398000000000000,4490.8796
15213,,1409.2941000000000000,2818.5882
15212,,34.4800000000000000,68.9600
15211,,1455.4498000000000000,2910.8996
15210,,1463.1948000000000000,2926.3896
15209,,1458.2791000000000000,2916.5582
15208,,1475.7791000000000000,2951.5582
15207,,2223.1998000000000000,4446.3996
15206,,49.4800000000000000,98.9600
15205,,2216.8448000000000000,4433.6896
15204,,2222.0341000000000000,4444.0682
15203,,1605.7250000000000000,3211.4500
15202,,12.9400000000000000,12.9400
15201,,2396.5100000000000000,4793.0200
15200,,1571.4850000000000000,3142.9700
15199,,1540.1350000000000000,3080.2700
15198,,7.2800000000000000,7.2800
15197,,63.9366666666666667,191.8100
15196,,1579.7200000000000000,3159.4400
15195,,1577.4750000000000000,3154.9500
15194,,1586.9700000000000000,3173.9400
15193,,1604.9650000000000000,3209.9300
15192,,2192.0391000000000000,4384.0782
15191,,776.2400000000000000,1552.4800
15190,,98.9600000000000000,98.9600
15189,,776.2400000000000000,1552.4800
15188,,815.7300000000000000,1631.4600
15187,,2362.6600000000000000,4725.3200
15186,,43.3800000000000000,86.7600
15185,,2196.8498000000000000,4393.6996
15184,,2220.6898000000000000,4441.3796
15183,,2184.3498000000000000,4368.6996
15182,,2195.7048000000000000,4391.4096
15181,,2224.1898000000000000,4448.3796
15180,,2233.1948000000000000,4466.3896
15179,,2222.4448000000000000,4444.8896
15178,,2222.5291000000000000,4445.0582
15177,,7.2800000000000000,7.2800
15176,,2351.5150000000000000,4703.0300
15175,,2425.1650000000000000,4850.3300
15174,,99.9000000000000000,99.9000
15173,,45.9500000000000000,45.9500
15172,,53.8625000000000000,215.4500
15171,,2196.0091000000000000,4392.0182
15170,,2195.7048000000000000,4391.4096
15169,,1459.9448000000000000,2919.8896
15168,,39.9800000000000000,39.9800
15167,,1590.4700000000000000,3180.9400
15166,,1562.4800000000000000,3124.9600
15165,,39.9800000000000000,39.9800
15164,,4.9900000000000000,4.9900
15163,,7.2800000000000000,7.2800
15162,,51.6533333333333333,154.9600
15161,,7.2800000000000000,7.2800
15160,,98.9600000000000000,98.9600
15159,,7.2800000000000000,7.2800
15158,,39.9800000000000000,39.9800
15157,,71.3133333333333333,213.9400
15156,,124.9900000000000000,124.9900
15155,,1574.4700000000000000,3148.9400
15154,,54.9850000000000000,109.9700
15153,,56.9850000000000000,113.9700
15152,,2232.2841000000000000,4464.5682
15151,,2172.0441000000000000,4344.0882
15150,,2189.5391000000000000,4379.0782
15149,,31.9850000000000000,63.9700
15148,,45.3750000000000000,90.7500
15147,,48.7250000000000000,97.4500
15146,,80.9700000000000000,161.9400
15145,,2184.3498000000000000,4368.6996
15144,,2172.0441000000000000,4344.0882
15143,,2183.2048000000000000,4366.4096
15142,,69.2300000000000000,138.4600
15141,,31.9850000000000000,63.9700
15140,,31.1350000000000000,62.2700
15139,,29.9900000000000000,59.9800
15138,,61.7250000000000000,123.4500
15137,,80.9700000000000000,161.9400
15136,,31.1350000000000000,62.2700
15135,,2190.6948000000000000,4381.3896
15134,,1717.2365333333333333,5151.7096
15133,,1745.9098666666666667,5237.7296
15132,,75.9700000000000000,151.9400
15131,,40.6300000000000000,81.2600
15130,,1738.4660666666666667,5215.3982
15129,,1725.9098666666666667,5177.7296
15128,,38.6350000000000000,77.2700
15127,,1727.5765333333333333,5182.7296
15126,,43.1300000000000000,86.2600
15125,,40.6300000000000000,81.2600
15124,,61.2200000000000000,122.4400
15123,,40.6300000000000000,81.2600
15122,,1731.2398666666666667,5193.7196
15121,,1734.2432000000000000,5202.7296
15120,,1739.2327333333333333,5217.6982
15119,,34.4350000000000000,68.8700
15118,,2767.1033333333333333,8301.3100
15117,,2324.8541666666666667,6974.5625
15116,,2404.2866666666666667,7212.8600
15115,,94.4800000000000000,94.4800
15114,,2306.2908333333333333,6918.8725
15113,,119.9800000000000000,119.9800
15112,,94.4800000000000000,94.4800
15111,,78.9800000000000000,78.9800
15110,,69.9900000000000000,69.9900
15109,,119.9800000000000000,119.9800
15108,,105.2700000000000000,210.5400
15107,,69.9900000000000000,69.9900
15106,,2807.0933333333333333,8421.2800
15105,,119.9800000000000000,119.9800
15104,,69.9900000000000000,69.9900
15103,,53.9250000000000000,107.8500
15102,,48.6750000000000000,97.3500
15101,,2314.5175000000000000,6943.5525
15100,,2317.5275000000000000,6952.5825
15099,,90.5800000000000000,90.5800
15098,,38.8800000000000000,38.8800
15097,,2792.3633333333333333,8377.0900
15096,,69.9900000000000000,69.9900
15095,,2418.5533333333333333,7255.6600
15094,,2369.6241666666666667,7108.8725
15093,,2421.8833333333333333,7265.6500
15092,,36.5900000000000000,36.5900
15091,,39.9800000000000000,39.9800
15090,,163.9900000000000000,163.9900
15089,,2947.6200000000000000,5895.2400
15088,,2948.0950000000000000,5896.1900
15087,,2958.6200000000000000,5917.2400
15086,,2319.5241666666666667,6958.5725
15085,,2409.7900000000000000,7229.3700
15084,,2333.0308333333333333,6999.0925
15083,,2944.1200000000000000,5888.2400
15082,,2356.0275000000000000,7068.0825
15081,,2950.2750000000000000,5900.5500
15080,,2768.4333333333333333,8305.3000
15079,,1365.7712500000000000,2731.5425
15078,,2225.2000000000000000,6675.6000
15077,,2224.5100000000000000,6673.5300
15076,,96.4600000000000000,96.4600
15075,,37.4900000000000000,74.9800
15074,,85.4800000000000000,85.4800
15073,,2071.6300000000000000,4143.2600
15072,,1377.7712500000000000,2755.5425
15071,,1373.2762500000000000,2746.5525
15070,,1385.4112500000000000,2770.8225
15069,,71.9500000000000000,71.9500
15068,,80.9400000000000000,80.9400
15067,,1401.7612500000000000,2803.5225
15066,,24.9900000000000000,24.9900
15065,,24.2700000000000000,24.2700
15064,,1496.1650000000000000,2992.3300
15063,,2066.6200000000000000,4133.2400
15062,,2228.1966666666666667,6684.5900
15061,,1390.7712500000000000,2781.5425
15060,,24.9900000000000000,24.9900
15059,,2264.5133333333333333,6793.5400
15058,,2213.1933333333333333,6639.5800
15057,,57.4800000000000000,114.9600
15056,,2249.6833333333333333,6749.0500
15055,,2089.1250000000000000,4178.2500
15054,,2077.6100000000000000,4155.2200
15053,,93.4800000000000000,93.4800
15052,,22.2850000000000000,44.5700
15051,,2216.8666666666666667,6650.6000
15050,,2103.1200000000000000,4206.2400
15049,,71.9700000000000000,71.9700
15048,,2230.1933333333333333,6690.5800
15047,,2223.1900000000000000,6669.5700
15046,,2971.6250000000000000,5943.2500
15045,,49.4800000000000000,49.4800
15044,,1901.7791000000000000,3803.5582
15043,,1923.4448000000000000,3846.8896
15042,,1903.6998000000000000,3807.3996
15041,,1913.1998000000000000,3826.3996
15040,,1903.6998000000000000,3807.3996
15039,,39.4800000000000000,78.9600
15038,,1875.0441000000000000,3750.0882
15037,,1928.1898000000000000,3856.3796
15036,,1892.5391000000000000,3785.0782
15035,,1886.2048000000000000,3772.4096
15034,,51.7250000000000000,103.4500
15033,,1898.6998000000000000,3797.3996
15032,,1900.0391000000000000,3800.0782
15031,,20.6350000000000000,41.2700
15030,,1893.1948000000000000,3786.3896
15029,,1913.1998000000000000,3826.3996
15028,,1913.1998000000000000,3826.3996
15027,,1426.7841000000000000,2853.5682
15026,,14.9900000000000000,29.9800
15025,,64.4700000000000000,128.9400
15024,,39.4800000000000000,78.9600
15023,,1539.7841000000000000,3079.5682
15022,,1499.9548000000000000,2999.9096
15021,,19.4900000000000000,38.9800
15020,,20.1300000000000000,40.2600
15019,,36.4800000000000000,72.9600
15018,,56.2300000000000000,112.4600
15017,,653.5291000000000000,1307.0582
15016,,749.2891000000000000,1498.5782
15015,,1902.0391000000000000,3804.0782
15014,,1930.4348000000000000,3860.8696
15013,,26.9700000000000000,26.9700
15012,,39.9800000000000000,39.9800
15011,,89.9700000000000000,89.9700
15010,,80.9600000000000000,80.9600
15009,,36.9600000000000000,36.9600
15008,,56.8433333333333333,170.5300
15007,,69.9433333333333333,209.8300
15006,,1497.0441000000000000,2994.0882
15005,,751.7891000000000000,1503.5782
15004,,1536.6550000000000000,3073.3100
15003,,1524.2800000000000000,3048.5600
15002,,1390.7712500000000000,2781.5425
15001,,30.9700000000000000,30.9700
15000,,46.4700000000000000,46.4700
14999,,28.7550000000000000,57.5100
14998,,1529.1550000000000000,3058.3100
14997,,2071.6250000000000000,4143.2500
14996,,21.9800000000000000,21.9800
14995,,1416.0162500000000000,2832.0325
14994,,29.9800000000000000,29.9800
14993,,76.4700000000000000,152.9400
14992,,53.1300000000000000,106.2600
14991,,2235.5233333333333333,6706.5700
14990,,2086.5950000000000000,4173.1900
14989,,32.2700000000000000,32.2700
14988,,35.6350000000000000,71.2700
14987,,24.9900000000000000,24.9900
14986,,58.4550000000000000,116.9100
14985,,29.9800000000000000,29.9800
14984,,2233.1900000000000000,6699.5700
14983,,35.6350000000000000,71.2700
14982,,76.2250000000000000,152.4500
14981,,35.6350000000000000,71.2700
14980,,56.9700000000000000,56.9700
14979,,2091.6150000000000000,4183.2300
14978,,2104.6050000000000000,4209.2100
14977,,29.9800000000000000,29.9800
14976,,2346.8708333333333333,7040.6125
14975,,2978.6100000000000000,5957.2200
14974,,79.4750000000000000,158.9500
14973,,29.9300000000000000,29.9300
14972,,56.9700000000000000,56.9700
14971,,39.9800000000000000,39.9800
14970,,79.4800000000000000,158.9600
14969,,2059.1300000000000000,4118.2600
14968,,48.9700000000000000,48.9700
14967,,2097.1150000000000000,4194.2300
14966,,1373.2762500000000000,2746.5525
14965,,1376.9112500000000000,2753.8225
14964,,48.9700000000000000,48.9700
14963,,39.9800000000000000,39.9800
14962,,63.9700000000000000,63.9700
14961,,151.2700000000000000,151.2700
14960,,1401.7612500000000000,2803.5225
14959,,39.9800000000000000,39.9800
14958,,29.4800000000000000,29.4800
14957,,1403.5162500000000000,2807.0325
14956,,2072.7700000000000000,4145.5400
14955,,51.9850000000000000,103.9700
14954,,70.9500000000000000,70.9500
14953,,101.2300000000000000,202.4600
14952,,2076.6250000000000000,4153.2500
14951,,2076.6250000000000000,4153.2500
14950,,2236.5300000000000000,6709.5900
14949,,2265.2000000000000000,6795.6000
14948,,1393.2612500000000000,2786.5225
14947,,2219.5266666666666667,6658.5800
14946,,1389.2612500000000000,2778.5225
14945,,2130.1200000000000000,4260.2400
14944,,1520.1550000000000000,3040.3100
14943,,36.9600000000000000,36.9600
14942,,4.9900000000000000,4.9900
14941,,2288.5233333333333333,6865.5700
14940,,2789.1833333333333333,8367.5500
14939,,2789.1000000000000000,8367.3000
14938,,53.9850000000000000,107.9700
14937,,2217.6300000000000000,6652.8900
14936,,95.9400000000000000,95.9400
14935,,29.9300000000000000,29.9300
14934,,89.2250000000000000,178.4500
14933,,36.9600000000000000,36.9600
14932,,98.9600000000000000,98.9600
14931,,2326.9508333333333333,6980.8525
14930,,1360.7762500000000000,2721.5525
14929,,2215.5266666666666667,6646.5800
14928,,2235.5233333333333333,6706.5700
14927,,2095.1150000000000000,4190.2300
14926,,1529.1550000000000000,3058.3100
14925,,1360.7762500000000000,2721.5525
14924,,39.9800000000000000,39.9800
14923,,15.2300000000000000,15.2300
14922,,4.9900000000000000,4.9900
14921,,7.2800000000000000,7.2800
14920,,4.9900000000000000,4.9900
14919,,7.2800000000000000,7.2800
14918,,12.9400000000000000,12.9400
14917,,64.4700000000000000,64.4700
14916,,26.9700000000000000,26.9700
14915,,769.2891000000000000,1538.5782
14914,,796.2841000000000000,1592.5682
14913,,766.7791000000000000,1533.5582
14912,,773.7841000000000000,1547.5682
14911,,867.9700000000000000,867.9700
14910,,839.4800000000000000,839.4800
14909,,4.9900000000000000,4.9900
14908,,39.9800000000000000,39.9800
14907,,127.2800000000000000,127.2800
14906,,63.1766666666666667,189.5300
14905,,163.9900000000000000,163.9900
14904,,156.0400000000000000,468.1200
14903,,61.9600000000000000,61.9600
14902,,769.2891000000000000,1538.5782
14901,,7.2800000000000000,7.2800
14900,,839.4800000000000000,839.4800
14899,,4.9900000000000000,4.9900
14898,,41.9500000000000000,41.9500
14897,,65.4233333333333333,196.2700
14896,,794.2841000000000000,1588.5682
14895,,751.7891000000000000,1503.5782
14894,,751.7891000000000000,1503.5782
14893,,839.4800000000000000,839.4800
14892,,734.2941000000000000,1468.5882
14891,,749.2891000000000000,1498.5782
14890,,21.9800000000000000,21.9800
14889,,21.9800000000000000,21.9800
14888,,949.0341000000000000,1898.0682
14887,,86.9500000000000000,86.9500
14886,,539.9900000000000000,539.9900
14885,,1155.4800000000000000,1155.4800
14884,,941.7791000000000000,1883.5582
14883,,914.2891000000000000,1828.5782
14882,,927.2891000000000000,1854.5782
14881,,927.2891000000000000,1854.5782
14880,,909.7941000000000000,1819.5882
14879,,806.5291000000000000,1613.0582
14878,,125.4600000000000000,125.4600
14877,,889.4700000000000000,889.4700
14876,,12.9400000000000000,12.9400
14875,,839.4800000000000000,839.4800
14874,,804.4800000000000000,804.4800
14873,,21.9800000000000000,21.9800
14872,,71.9700000000000000,71.9700
14871,,848.4700000000000000,848.4700
14870,,85.9500000000000000,85.9500
14869,,54.9600000000000000,54.9600
14868,,798.7791000000000000,1597.5582
14867,,839.4800000000000000,839.4800
14866,,31.2700000000000000,31.2700
14865,,29.9900000000000000,29.9900
14864,,69.9700000000000000,69.9700
14863,,32.2800000000000000,32.2800
14862,,32.2800000000000000,32.2800
14861,,2988.3700000000000000,5976.7400
14860,,33.6300000000000000,67.2600
14859,,20.1300000000000000,40.2600
14858,,98.4850000000000000,196.9700
14857,,43.9850000000000000,87.9700
14856,,39.9800000000000000,39.9800
14855,,1879.5391000000000000,3759.0782
14854,,36.4800000000000000,72.9600
14853,,18.9850000000000000,37.9700
14852,,734.2941000000000000,1468.5882
14851,,1401.2462500000000000,2802.4925
14850,,39.9800000000000000,39.9800
14849,,56.9700000000000000,56.9700
14848,,1373.2762500000000000,2746.5525
14847,,2241.8566666666666667,6725.5700
14846,,2248.1900000000000000,6744.5700
14845,,7.2800000000000000,7.2800
14844,,85.4800000000000000,85.4800
14843,,2230.1933333333333333,6690.5800
14842,,99.9400000000000000,99.9400
14841,,85.4800000000000000,85.4800
14840,,78.9800000000000000,157.9600
14839,,78.1250000000000000,156.2500
14838,,2207.3600000000000000,4414.7200
14837,,116.9500000000000000,116.9500
14836,,57.6250000000000000,115.2500
14835,,80.9600000000000000,80.9600
14834,,2198.8750000000000000,4397.7500
14833,,2226.5333333333333333,6679.6000
14832,,2969.1200000000000000,5938.2400
14831,,2956.3650000000000000,5912.7300
14830,,2782.0933333333333333,8346.2800
14829,,90.4700000000000000,90.4700
14828,,75.9700000000000000,75.9700
14827,,2233.8700000000000000,4467.7400
14826,,39.9800000000000000,39.9800
14825,,61.4500000000000000,61.4500
14824,,2220.6250000000000000,4441.2500
14823,,2196.3700000000000000,4392.7400
14822,,2198.8750000000000000,4397.7500
14821,,29.9900000000000000,29.9900
14820,,37.2700000000000000,37.2700
14819,,2177.8550000000000000,4355.7100
14818,,1486.9912500000000000,2973.9825
14817,,63.9700000000000000,63.9700
14816,,63.9700000000000000,63.9700
14815,,63.9700000000000000,63.9700
14814,,64.2300000000000000,128.4600
14813,,1670.9050000000000000,3341.8100
14812,,63.9700000000000000,63.9700
14811,,36.9300000000000000,36.9300
14810,,39.9900000000000000,39.9900
14809,,57.6250000000000000,115.2500
14808,,82.1000000000000000,164.2000
14807,,39.9800000000000000,39.9800
14806,,121.4700000000000000,242.9400
14805,,101.4600000000000000,101.4600
14804,,69.4800000000000000,138.9600
14803,,2177.8550000000000000,4355.7100
14802,,1643.6600000000000000,3287.3200
14801,,2191.3700000000000000,4382.7400
14800,,2195.3450000000000000,4390.6900
14799,,81.4750000000000000,162.9500
14798,,1500.5212500000000000,3001.0425
14797,,2198.8750000000000000,4397.7500
14796,,1535.5062500000000000,3071.0125
14795,,2190.0200000000000000,4380.0400
14794,,2936.6300000000000000,5873.2600
14793,,2974.1200000000000000,5948.2400
14792,,2956.6200000000000000,5913.2400
14791,,2403.6166666666666667,7210.8500
14790,,2334.8575000000000000,7004.5725
14789,,2191.3700000000000000,4382.7400
14788,,4.9900000000000000,4.9900
14787,,81.7250000000000000,163.4500
14786,,66.9600000000000000,66.9600
14785,,48.9700000000000000,48.9700
14784,,78.1250000000000000,156.2500
14783,,79.4800000000000000,158.9600
14782,,66.9600000000000000,66.9600
14781,,56.9700000000000000,56.9700
14780,,7.2800000000000000,7.2800
14779,,1631.4150000000000000,3262.8300
14778,,2224.5100000000000000,6673.5300
14777,,2961.6150000000000000,5923.2300
14776,,2954.1250000000000000,5908.2500
14775,,2801.4266666666666667,8404.2800
14774,,2144.9133333333333333,6434.7400
14773,,2338.5375000000000000,7015.6125
14772,,2190.0200000000000000,4380.0400
14771,,2229.8600000000000000,6689.5800
14770,,2226.5300000000000000,6679.5900
14769,,2198.8750000000000000,4397.7500
14768,,106.9600000000000000,106.9600
14767,,29.9300000000000000,29.9300
14766,,4.9900000000000000,4.9900
14765,,39.9533333333333333,119.8600
14764,,7.2800000000000000,7.2800
14763,,4.9900000000000000,4.9900
14762,,4.9900000000000000,4.9900
14761,,39.9800000000000000,39.9800
14760,,55.7533333333333333,167.2600
14759,,7.2800000000000000,7.2800
14758,,39.9800000000000000,39.9800
14757,,769.2891000000000000,1538.5782
14756,,794.2841000000000000,1588.5682
14755,,796.2841000000000000,1592.5682
14754,,750.4341000000000000,1500.8682
14753,,734.2941000000000000,1468.5882
14752,,764.0341000000000000,1528.0682
14751,,7.2800000000000000,7.2800
14750,,806.5291000000000000,1613.0582
14749,,98.9600000000000000,98.9600
14748,,124.9900000000000000,124.9900
14747,,751.7891000000000000,1503.5782
14746,,794.2841000000000000,1588.5682
14745,,902.4600000000000000,902.4600
14744,,752.9291000000000000,1505.8582
14743,,64.4700000000000000,64.4700
14742,,7.2800000000000000,7.2800
14741,,794.2841000000000000,1588.5682
14740,,766.7791000000000000,1533.5582
14739,,750.4341000000000000,1500.8682
14738,,751.7891000000000000,1503.5782
14737,,936.7891000000000000,1873.5782
14736,,85.4800000000000000,85.4800
14735,,927.2891000000000000,1854.5782
14734,,927.2891000000000000,1854.5782
14733,,927.2891000000000000,1854.5782
14732,,1225.0391000000000000,2450.0782
14731,,1217.5391000000000000,2435.0782
14730,,1294.0341000000000000,2588.0682
14729,,4.9900000000000000,4.9900
14728,,781.5341000000000000,1563.0682
14727,,781.5341000000000000,1563.0682
14726,,741.7841000000000000,1483.5682
14725,,106.2766666666666667,318.8300
14724,,40.1366666666666667,120.4100
14723,,29.1900000000000000,87.5700
14722,,734.2941000000000000,1468.5882
14721,,4.9900000000000000,4.9900
14720,,2950.2750000000000000,5900.5500
14719,,1837.4200000000000000,5512.2600
14718,,63.9700000000000000,63.9700
14717,,56.9800000000000000,113.9600
14716,,1766.7533333333333333,5300.2600
14715,,31.2700000000000000,31.2700
14714,,1795.4266666666666667,5386.2800
14713,,2153.9033333333333333,6461.7100
14712,,2220.1966666666666667,6660.5900
14711,,71.9700000000000000,71.9700
14710,,39.9900000000000000,39.9900
14709,,2198.8750000000000000,4397.7500
14708,,1483.0162500000000000,2966.0325
14707,,37.2900000000000000,37.2900
14706,,24.9900000000000000,24.9900
14705,,2937.7750000000000000,5875.5500
14704,,95.9400000000000000,95.9400
14703,,42.2800000000000000,42.2800
14702,,2243.1900000000000000,6729.5700
14701,,1500.5112500000000000,3001.0225
14700,,2952.1150000000000000,5904.2300
14699,,78.9800000000000000,78.9800
14698,,60.9500000000000000,60.9500
14697,,2228.1933333333333333,6684.5800
14696,,42.2800000000000000,42.2800
14695,,48.9800000000000000,48.9800
14694,,78.4700000000000000,156.9400
14693,,39.9800000000000000,39.9800
14692,,53.1300000000000000,106.2600
14691,,89.9700000000000000,89.9700
14690,,128.9700000000000000,128.9700
14689,,4.9900000000000000,4.9900
14688,,74.9800000000000000,74.9800
14687,,80.9600000000000000,80.9600
14686,,67.8200000000000000,203.4600
14685,,48.9133333333333333,146.7400
14684,,31.1800000000000000,93.5400
14683,,32.9833333333333333,98.9500
14682,,69.2250000000000000,138.4500
14681,,1726.1327333333333333,5178.3982
14680,,81.9750000000000000,163.9500
14679,,43.9800000000000000,87.9600
14678,,83.9750000000000000,167.9500
14677,,40.6300000000000000,81.2600
14676,,1729.4694000000000000,5188.4082
14675,,118.9850000000000000,237.9700
14674,,71.2350000000000000,142.4700
14673,,1705.9165333333333333,5117.7496
14672,,1745.9065333333333333,5237.7196
14671,,1467.1848000000000000,2934.3696
14670,,1459.9448000000000000,2919.8896
14669,,45.1250000000000000,90.2500
14668,,1738.8965333333333333,5216.6896
14667,,1765.1360666666666667,5295.4082
14666,,1733.3060666666666667,5199.9182
14665,,40.6300000000000000,81.2600
14664,,1550.2741000000000000,3100.5482
14663,,104.9500000000000000,104.9500
14662,,801.0391000000000000,1602.0782
14661,,65.0066666666666667,195.0200
14660,,794.2841000000000000,1588.5682
14659,,39.9800000000000000,39.9800
14658,,30.9400000000000000,92.8200
14657,,1538.0291000000000000,3076.0582
14656,,1542.0291000000000000,3084.0582
14655,,58.3200000000000000,174.9600
14654,,7.2800000000000000,7.2800
14653,,773.7841000000000000,1547.5682
14652,,764.0341000000000000,1528.0682
14651,,794.2841000000000000,1588.5682
14650,,769.2891000000000000,1538.5782
14649,,800.7791000000000000,1601.5582
14648,,1512.0091000000000000,3024.0182
14647,,794.2841000000000000,1588.5682
14646,,769.2791000000000000,1538.5582
14645,,769.2891000000000000,1538.5782
14644,,7.2800000000000000,7.2800
14643,,806.5291000000000000,1613.0582
14642,,7.2800000000000000,7.2800
14641,,39.9533333333333333,119.8600
14640,,812.4200000000000000,812.4200
14639,,773.7841000000000000,1547.5682
14638,,26.9700000000000000,26.9700
14637,,39.9800000000000000,39.9800
14636,,769.2891000000000000,1538.5782
14635,,37.2100000000000000,37.2100
14634,,769.2891000000000000,1538.5782
14633,,80.8333333333333333,242.5000
14632,,52.1833333333333333,156.5500
14631,,848.4700000000000000,848.4700
14630,,4.9900000000000000,4.9900
14629,,4.9900000000000000,4.9900
14628,,4.9900000000000000,4.9900
14627,,7.2800000000000000,7.2800
14626,,65.6800000000000000,197.0400
14625,,7.2800000000000000,7.2800
14624,,39.9800000000000000,39.9800
14623,,64.4700000000000000,64.4700
14622,,28.9600000000000000,28.9600
14621,,103.4800000000000000,103.4800
14620,,4.9900000000000000,4.9900
14619,,39.9800000000000000,39.9800
14618,,39.9800000000000000,39.9800
14617,,769.2791000000000000,1538.5582
14616,,769.2891000000000000,1538.5782
14615,,28.9600000000000000,28.9600
14614,,822.7741000000000000,1645.5482
14613,,800.7791000000000000,1601.5582
14612,,39.9800000000000000,39.9800
14611,,101.5166666666666667,304.5500
14610,,734.2941000000000000,1468.5882
14609,,4.9900000000000000,4.9900
14608,,39.9800000000000000,39.9800
14607,,4.9900000000000000,4.9900
14606,,2358.0100000000000000,4716.0200
14605,,2375.0050000000000000,4750.0100
14604,,45.9833333333333333,137.9500
14603,,1517.0341000000000000,3034.0682
14602,,1575.2691000000000000,3150.5382
14601,,1538.0291000000000000,3076.0582
14600,,39.9800000000000000,39.9800
14599,,1527.0391000000000000,3054.0782
14598,,2419.5000000000000000,4839.0000
14597,,2401.6550000000000000,4803.3100
14596,,1528.0241000000000000,3056.0482
14595,,39.9800000000000000,39.9800
14594,,163.9900000000000000,163.9900
14593,,7.2800000000000000,7.2800
14592,,4.9900000000000000,4.9900
14591,,750.4341000000000000,1500.8682
14590,,798.7791000000000000,1597.5582
14589,,734.2941000000000000,1468.5882
14588,,39.9800000000000000,39.9800
14587,,7.2800000000000000,7.2800
14586,,77.9800000000000000,233.9400
14585,,1508.0341000000000000,3016.0682
14584,,1520.0191000000000000,3040.0382
14583,,4.9900000000000000,4.9900
14582,,37.2633333333333333,111.7900
14581,,781.5241000000000000,1563.0482
14580,,734.2941000000000000,1468.5882
14579,,124.9900000000000000,124.9900
14578,,848.4700000000000000,848.4700
14577,,752.9291000000000000,1505.8582
14576,,738.2691000000000000,1476.5382
14575,,185.9700000000000000,185.9700
14574,,59.2000000000000000,177.6000
14573,,39.9800000000000000,39.9800
14572,,1508.0341000000000000,3016.0682
14571,,89.9700000000000000,89.9700
14570,,39.9800000000000000,39.9800
14569,,7.2800000000000000,7.2800
14568,,54.9600000000000000,54.9600
14567,,53.7600000000000000,161.2800
14566,,133.8300000000000000,401.4900
14565,,751.7891000000000000,1503.5782
14564,,124.9900000000000000,124.9900
14563,,39.9800000000000000,39.9800
14562,,7.2800000000000000,7.2800
14561,,52.9466666666666667,158.8400
14560,,769.2891000000000000,1538.5782
14559,,773.7841000000000000,1547.5682
14558,,764.0341000000000000,1528.0682
14557,,58.9800000000000000,117.9600
14556,,19.9700000000000000,19.9700
14555,,1510.5112500000000000,3021.0225
14554,,89.2250000000000000,178.4500
14553,,73.9750000000000000,147.9500
14552,,51.9850000000000000,103.9700
14551,,111.9600000000000000,111.9600
14550,,48.9700000000000000,48.9700
14549,,74.9800000000000000,74.9800
14548,,124.9900000000000000,124.9900
14547,,96.4750000000000000,192.9500
14546,,76.4850000000000000,152.9700
14545,,56.4800000000000000,112.9600
14544,,39.9800000000000000,39.9800
14543,,42.2800000000000000,42.2800
14542,,57.6250000000000000,115.2500
14541,,2198.8750000000000000,4397.7500
14540,,78.1250000000000000,156.2500
14539,,1635.9100000000000000,3271.8200
14538,,1508.5062500000000000,3017.0125
14537,,42.2800000000000000,42.2800
14536,,68.4900000000000000,68.4900
14535,,61.7350000000000000,123.4700
14534,,36.9600000000000000,36.9600
14533,,80.2750000000000000,160.5500
14532,,21.9800000000000000,21.9800
14531,,95.2700000000000000,190.5400
14530,,36.4300000000000000,72.8600
14529,,127.0300000000000000,254.0600
14528,,4.9900000000000000,4.9900
14527,,4.9900000000000000,4.9900
14526,,29.4800000000000000,29.4800
14525,,2221.8600000000000000,6665.5800
14524,,1500.5212500000000000,3001.0425
14523,,1903.6998000000000000,3807.3996
14522,,63.4750000000000000,126.9500
14521,,58.9800000000000000,117.9600
14520,,751.7891000000000000,1503.5782
14519,,80.9600000000000000,80.9600
14518,,63.4750000000000000,126.9500
14517,,41.4850000000000000,82.9700
14516,,39.4900000000000000,78.9800
14515,,56.9700000000000000,56.9700
14514,,141.9800000000000000,141.9800
14513,,4.9900000000000000,4.9900
14512,,39.9800000000000000,39.9800
14511,,89.9700000000000000,89.9700
14510,,1518.1841000000000000,3036.3682
14509,,163.9900000000000000,163.9900
14508,,54.9800000000000000,54.9800
14507,,39.9800000000000000,39.9800
14506,,39.9800000000000000,39.9800
14505,,61.9600000000000000,61.9600
14504,,54.0800000000000000,162.2400
14503,,39.9800000000000000,39.9800
14502,,40.7533333333333333,122.2600
14501,,1497.0441000000000000,2994.0882
14500,,64.4700000000000000,64.4700
14499,,15.2300000000000000,15.2300
14498,,1697.1937500000000000,3394.3875
14497,,804.4800000000000000,804.4800
14496,,804.4800000000000000,804.4800
14495,,919.9587500000000000,1839.9175
14494,,884.9637500000000000,1769.9275
14493,,54.9600000000000000,54.9600
14492,,7.2800000000000000,7.2800
14491,,127.2800000000000000,127.2800
14490,,39.9800000000000000,39.9800
14489,,39.9800000000000000,39.9800
14488,,67.9300000000000000,67.9300
14487,,39.9800000000000000,39.9800
14486,,1655.2037500000000000,3310.4075
14485,,1656.3487500000000000,3312.6975
14484,,1672.6987500000000000,3345.3975
14483,,39.9800000000000000,39.9800
14482,,89.9700000000000000,89.9700
14481,,1680.2087500000000000,3360.4175
14480,,64.9800000000000000,194.9400
14479,,81.9600000000000000,81.9600
14478,,2397.5050000000000000,4795.0100
14477,,1671.2037500000000000,3342.4075
14476,,7.2800000000000000,7.2800
14475,,7.2800000000000000,7.2800
14474,,7.2800000000000000,7.2800
14473,,1706.9587500000000000,3413.9175
14472,,1751.8487500000000000,3503.6975
14471,,1677.7137500000000000,3355.4275
14470,,1691.1987500000000000,3382.3975
14469,,64.4700000000000000,64.4700
14468,,7.2800000000000000,7.2800
14467,,39.9800000000000000,39.9800
14466,,90.4700000000000000,90.4700
14465,,7.2800000000000000,7.2800
14464,,1678.8587500000000000,3357.7175
14463,,67.9300000000000000,67.9300
14462,,21.9800000000000000,21.9800
14461,,1655.2037500000000000,3310.4075
14460,,96.4600000000000000,96.4600
14459,,2387.5050000000000000,4775.0100
14458,,44.6500000000000000,133.9500
14457,,1679.9487500000000000,3359.8975
14456,,1702.9537500000000000,3405.9075
14455,,72.9766666666666667,218.9300
14454,,31.9700000000000000,31.9700
14453,,1700.6937500000000000,3401.3875
14452,,1688.6987500000000000,3377.3975
14451,,1681.3537500000000000,3362.7075
14450,,180.9800000000000000,180.9800
14449,,1677.7087500000000000,3355.4175
14448,,1685.2037500000000000,3370.4075
14447,,1692.6987500000000000,3385.3975
14446,,48.9166666666666667,146.7500
14445,,100.4600000000000000,100.4600
14444,,30.9700000000000000,30.9700
14443,,21.9800000000000000,21.9800
14442,,1685.2037500000000000,3370.4075
14441,,141.9800000000000000,141.9800
14440,,1683.6887500000000000,3367.3775
14439,,1656.3487500000000000,3312.6975
14438,,1676.1987500000000000,3352.3975
14437,,21.9800000000000000,21.9800
14436,,2388.0050000000000000,4776.0100
14435,,80.9600000000000000,80.9600
14434,,1698.1987500000000000,3396.3975
14433,,1671.2037500000000000,3342.4075
14432,,21.9800000000000000,21.9800
14431,,21.9800000000000000,21.9800
14430,,30.9700000000000000,30.9700
14429,,2798.0966666666666667,8394.2900
14428,,2773.7700000000000000,8321.3100
14427,,2817.0866666666666667,8451.2600
14426,,2773.1000000000000000,8319.3000
14425,,2777.4333333333333333,8332.3000
14424,,2332.9541666666666667,6998.8625
14423,,70.9550000000000000,141.9100
14422,,38.8800000000000000,38.8800
14421,,1684.7037500000000000,3369.4075
14420,,1660.2137500000000000,3320.4275
14419,,1685.6987500000000000,3371.3975
14418,,964.4637500000000000,1928.9275
14417,,924.4537500000000000,1848.9075
14416,,769.4900000000000000,769.4900
14415,,884.9637500000000000,1769.9275
14414,,896.9487500000000000,1793.8975
14413,,944.9537500000000000,1889.9075
14412,,1660.2137500000000000,3320.4275
14411,,1680.2087500000000000,3360.4175
14410,,56.9700000000000000,56.9700
14409,,85.4800000000000000,85.4800
14408,,65.9600000000000000,65.9600
14407,,64.4700000000000000,64.4700
14406,,925.6937500000000000,1851.3875
14405,,64.4700000000000000,64.4700
14404,,4.9900000000000000,4.9900
14403,,7.2800000000000000,7.2800
14402,,39.9800000000000000,39.9800
14401,,15.2300000000000000,15.2300
14400,,1678.6987500000000000,3357.3975
14399,,4.9900000000000000,4.9900
14398,,902.4587500000000000,1804.9175
14397,,39.9800000000000000,39.9800
14396,,76.9600000000000000,76.9600
14395,,96.4600000000000000,96.4600
14394,,1672.3487500000000000,3344.6975
14393,,31.9700000000000000,31.9700
14392,,1647.7137500000000000,3295.4275
14391,,21.9800000000000000,21.9800
14390,,39.9800000000000000,39.9800
14389,,7.2800000000000000,7.2800
14388,,81.4600000000000000,81.4600
14387,,898.4600000000000000,898.4600
14386,,959.1987500000000000,1918.3975
14385,,888.9387500000000000,1777.8775
14384,,93.9700000000000000,93.9700
14383,,56.9700000000000000,56.9700
14382,,1686.9537500000000000,3373.9075
14381,,1665.2087500000000000,3330.4175
14380,,1665.2137500000000000,3330.4275
14379,,927.4537500000000000,1854.9075
14378,,904.6987500000000000,1809.3975
14377,,1660.2137500000000000,3320.4275
14376,,71.9700000000000000,71.9700
14375,,39.9800000000000000,39.9800
14374,,1681.3537500000000000,3362.7075
14373,,75.9700000000000000,75.9700
14372,,24.2700000000000000,24.2700
14371,,39.9533333333333333,119.8600
14370,,40.8533333333333333,122.5600
14369,,46.4700000000000000,46.4700
14368,,85.4800000000000000,85.4800
14367,,919.9587500000000000,1839.9175
14366,,948.9387500000000000,1897.8775
14365,,902.4587500000000000,1804.9175
14364,,946.9537500000000000,1893.9075
14363,,64.1133333333333333,192.3400
14362,,922.9487500000000000,1845.8975
14361,,106.9600000000000000,106.9600
14360,,85.4800000000000000,85.4800
14359,,85.4133333333333333,256.2400
14358,,45.9500000000000000,45.9500
14357,,1668.8537500000000000,3337.7075
14356,,1676.1987500000000000,3352.3975
14355,,902.4587500000000000,1804.9175
14354,,1377.7087500000000000,2755.4175
14353,,42.9466666666666667,128.8400
14352,,85.4800000000000000,85.4800
14351,,56.9700000000000000,56.9700
14350,,71.9500000000000000,71.9500
14349,,56.9700000000000000,56.9700
14348,,1494.6898000000000000,2989.3796
14347,,1450.1948000000000000,2900.3896
14346,,1194.4198666666666667,3583.2596
14345,,1213.3060666666666667,3639.9182
14344,,63.4750000000000000,126.9500
14343,,919.9587500000000000,1839.9175
14342,,902.4587500000000000,1804.9175
14341,,61.0300000000000000,244.1200
14340,,21.9800000000000000,21.9800
14339,,71.9500000000000000,71.9500
14338,,828.7400000000000000,828.7400
14337,,907.5737500000000000,1815.1475
14336,,946.9537500000000000,1893.9075
14335,,902.4587500000000000,1804.9175
14334,,924.4537500000000000,1848.9075
14333,,81.4600000000000000,81.4600
14332,,25.5625000000000000,102.2500
14331,,56.9700000000000000,56.9700
14330,,806.7600000000000000,806.7600
14329,,91.9500000000000000,91.9500
14328,,61.7320000000000000,308.6600
14327,,32.2200000000000000,32.2200
14326,,1735.8998666666666667,5207.6996
14325,,1717.5660666666666667,5152.6982
14324,,1707.1427333333333333,5121.4282
14323,,1740.6732000000000000,5222.0196
14322,,1703.8127333333333333,5111.4382
14321,,38.6350000000000000,77.2700
14320,,130.9750000000000000,261.9500
14319,,69.2250000000000000,138.4500
14318,,69.2250000000000000,138.4500
14317,,40.6300000000000000,81.2600
14316,,1265.7894000000000000,3797.3682
14315,,54.8550000000000000,109.7100
14314,,61.4750000000000000,122.9500
14313,,74.1466666666666667,222.4400
14312,,63.7566666666666667,191.2700
14311,,69.2250000000000000,138.4500
14310,,1733.5532000000000000,5200.6596
14309,,49.7350000000000000,99.4700
14308,,1713.4660666666666667,5140.3982
14307,,65.4200000000000000,196.2600
14306,,1217.7432000000000000,3653.2296
14305,,1217.3994000000000000,3652.1982
14304,,1198.6427333333333333,3595.9282
14303,,1212.3027333333333333,3636.9082
14302,,1713.5765333333333333,5140.7296
14301,,1714.2498666666666667,5142.7496
14300,,1774.2432000000000000,5322.7296
14299,,1702.9198666666666667,5108.7596
14298,,1682.8337500000000000,3365.6675
14297,,1667.7087500000000000,3335.4175
14296,,45.9500000000000000,45.9500
14295,,56.9700000000000000,56.9700
14294,,81.4600000000000000,81.4600
14293,,46.4700000000000000,46.4700
14292,,1659.8487500000000000,3319.6975
14291,,86.1466666666666667,258.4400
14290,,1688.6987500000000000,3377.3975
14289,,1688.4437500000000000,3376.8875
14288,,1675.6987500000000000,3351.3975
14287,,1713.8094000000000000,5141.4282
14286,,1744.7994000000000000,5234.3982
14285,,902.4587500000000000,1804.9175
14284,,884.9637500000000000,1769.9275
14283,,899.9587500000000000,1799.9175
14282,,39.0440000000000000,195.2200
14281,,2373.1500000000000000,4746.3000
14280,,56.9700000000000000,56.9700
14279,,1712.5694000000000000,5137.7082
14278,,88.7300000000000000,177.4600
14277,,1732.2465333333333333,5196.7396
14276,,1753.1194000000000000,5259.3582
14275,,1719.4560666666666667,5158.3682
14274,,40.5200000000000000,121.5600
14273,,71.9700000000000000,71.9700
14272,,1382.6987500000000000,2765.3975
14271,,21.9800000000000000,21.9800
14270,,897.0987500000000000,1794.1975
14269,,85.4800000000000000,85.4800
14268,,1368.2087500000000000,2736.4175
14267,,1393.2037500000000000,2786.4075
14266,,56.9700000000000000,56.9700
14265,,43.0440000000000000,215.2200
14264,,1739.2432000000000000,5217.7296
14263,,1882.6427333333333333,5647.9282
14262,,1884.1798666666666667,5652.5396
14261,,1884.6394000000000000,5653.9182
14260,,1238.7432000000000000,3716.2296
14259,,1210.3094000000000000,3630.9282
14258,,80.9600000000000000,80.9600
14257,,85.4800000000000000,85.4800
14256,,1671.2037500000000000,3342.4075
14255,,1689.9537500000000000,3379.9075
14254,,81.4600000000000000,81.4600
14253,,1697.4487500000000000,3394.8975
14252,,96.4600000000000000,96.4600
14251,,71.9700000000000000,71.9700
14250,,30.9700000000000000,30.9700
14249,,96.4600000000000000,96.4600
14248,,56.9700000000000000,56.9700
14247,,81.4600000000000000,81.4600
14246,,71.9700000000000000,71.9700
14245,,56.9700000000000000,56.9700
14244,,51.6533333333333333,154.9600
14243,,71.9700000000000000,71.9700
14242,,1675.6987500000000000,3351.3975
14241,,84.9200000000000000,84.9200
14240,,1695.6937500000000000,3391.3875
14239,,1647.7137500000000000,3295.4275
14238,,1880.9660666666666667,5642.8982
14237,,45.1250000000000000,90.2500
14236,,1903.4098666666666667,5710.2296
14235,,1894.0665333333333333,5682.1996
14234,,1895.9065333333333333,5687.7196
14233,,39.4850000000000000,78.9700
14232,,38.6350000000000000,77.2700
14231,,41.9850000000000000,83.9700
14230,,1887.2994000000000000,5661.8982
14229,,37.4900000000000000,74.9800
14228,,37.4900000000000000,74.9800
14227,,57.4800000000000000,114.9600
14226,,1885.4132000000000000,5656.2396
14225,,1867.9727333333333333,5603.9182
14224,,1873.7394000000000000,5621.2182
14223,,77.9700000000000000,155.9400
14222,,41.1300000000000000,82.2600
14221,,41.1300000000000000,82.2600
14220,,1898.7298666666666667,5696.1896
14219,,1914.7398666666666667,5744.2196
14218,,1883.9594000000000000,5651.8782
14217,,69.7250000000000000,139.4500
14216,,1884.6394000000000000,5653.9182
14215,,1888.6294000000000000,5665.8882
14214,,1919.9560666666666667,5759.8682
14213,,43.1300000000000000,86.2600
14212,,41.1300000000000000,82.2600
14211,,1887.6327333333333333,5662.8982
14210,,1873.7465333333333333,5621.2396
14209,,64.6566666666666667,193.9700
14208,,58.7150000000000000,117.4300
14207,,2787.1000000000000000,8361.3000
14206,,156.5900000000000000,156.5900
14205,,32.6000000000000000,32.6000
14204,,71.5800000000000000,71.5800
14203,,2360.4875000000000000,7081.4625
14202,,32.6000000000000000,32.6000
14201,,32.6000000000000000,32.6000
14200,,2355.4781250000000000,9421.9125
14199,,59.4700000000000000,118.9400
14198,,2769.5300000000000000,8308.5900
14197,,107.0800000000000000,107.0800
14196,,68.9700000000000000,137.9400
14195,,2772.0966666666666667,8316.2900
14194,,84.4650000000000000,168.9300
14193,,36.5900000000000000,36.5900
14192,,2362.9781250000000000,9451.9125
14191,,2767.1033333333333333,8301.3100
14190,,36.5900000000000000,36.5900
14189,,2772.4400000000000000,8317.3200
14188,,32.6000000000000000,32.6000
14187,,36.5900000000000000,36.5900
14186,,2449.0800000000000000,9796.3200
14185,,2380.7506250000000000,9523.0025
14184,,52.6200000000000000,105.2400
14183,,2773.7700000000000000,8321.3100
14182,,32.6000000000000000,32.6000
14181,,2775.4366666666666667,8326.3100
14180,,32.6000000000000000,32.6000
14179,,71.5800000000000000,71.5800
14178,,86.5800000000000000,86.5800
14177,,46.8300000000000000,46.8300
14176,,121.5700000000000000,121.5700
14175,,72.6150000000000000,145.2300
14174,,38.8800000000000000,38.8800
14173,,38.8800000000000000,38.8800
14172,,37.8700000000000000,75.7400
14171,,2205.2333333333333333,6615.7000
14170,,1645.9100000000000000,3291.8200
14169,,1631.4150000000000000,3262.8300
14168,,71.9500000000000000,71.9500
14167,,2203.3700000000000000,4406.7400
14166,,71.9700000000000000,71.9700
14165,,2955.2750000000000000,5910.5500
14164,,2161.5700000000000000,6484.7100
14163,,2189.0066666666666667,6567.0200
14162,,2157.9000000000000000,6473.7000
14161,,2165.7366666666666667,6497.2100
14160,,2226.5666666666666667,6679.7000
14159,,2965.1150000000000000,5930.2300
14158,,2988.3700000000000000,5976.7400
14157,,2216.8666666666666667,6650.6000
14156,,114.7850000000000000,229.5700
14155,,2996.6300000000000000,5993.2600
14154,,1509.0012500000000000,3018.0025
14153,,48.9700000000000000,48.9700
14152,,71.9700000000000000,71.9700
14151,,85.4800000000000000,85.4800
14150,,2235.1966666666666667,6705.5900
14149,,2208.8750000000000000,4417.7500
14148,,2203.3700000000000000,4406.7400
14147,,2198.8750000000000000,4397.7500
14146,,2250.1866666666666667,6750.5600
14145,,24.2700000000000000,24.2700
14144,,56.9700000000000000,56.9700
14143,,66.7750000000000000,133.5500
14142,,29.4800000000000000,29.4800
14141,,1641.4050000000000000,3282.8100
14140,,2198.8750000000000000,4397.7500
14139,,2198.8750000000000000,4397.7500
14138,,2222.1100000000000000,4444.2200
14137,,2198.8750000000000000,4397.7500
14136,,71.9500000000000000,71.9500
14135,,86.9600000000000000,86.9600
14134,,1917.5341000000000000,3835.0682
14133,,1882.0341000000000000,3764.0682
14132,,1902.0391000000000000,3804.0782
14131,,1903.6998000000000000,3807.3996
14130,,1907.0291000000000000,3814.0582
14129,,1875.0441000000000000,3750.0882
14128,,1918.1898000000000000,3836.3796
14127,,1904.7841000000000000,3809.5682
14126,,67.7750000000000000,135.5500
14125,,1886.2048000000000000,3772.4096
14124,,28.7950000000000000,57.5900
14123,,30.7900000000000000,61.5800
14122,,30.9700000000000000,30.9700
14121,,1659.8487500000000000,3319.6975
14120,,1688.4437500000000000,3376.8875
14119,,49.6466666666666667,148.9400
14118,,2370.6700000000000000,4741.3400
14117,,1676.1987500000000000,3352.3975
14116,,1658.7037500000000000,3317.4075
14115,,1648.8587500000000000,3297.7175
14114,,85.4800000000000000,85.4800
14113,,21.9800000000000000,21.9800
14112,,1680.6937500000000000,3361.3875
14111,,76.9700000000000000,76.9700
14110,,819.4600000000000000,819.4600
14109,,1350.7137500000000000,2701.4275
14108,,839.4800000000000000,839.4800
14107,,819.4600000000000000,819.4600
14106,,919.9487500000000000,1839.8975
14105,,892.4537500000000000,1784.9075
14104,,944.9537500000000000,1889.9075
14103,,1204.0732000000000000,3612.2196
14102,,1222.4098666666666667,3667.2296
14101,,1226.6327333333333333,3679.8982
14100,,75.4200000000000000,226.2600
14099,,66.7533333333333333,200.2600
14098,,922.9487500000000000,1845.8975
14097,,56.9700000000000000,56.9700
14096,,46.7380000000000000,233.6900
14095,,901.1037500000000000,1802.2075
14094,,21.9800000000000000,21.9800
14093,,30.9700000000000000,30.9700
14092,,56.9700000000000000,56.9700
14091,,50.2400000000000000,251.2000
14090,,85.4800000000000000,85.4800
14089,,946.9537500000000000,1893.9075
14088,,1377.7087500000000000,2755.4175
14087,,113.9900000000000000,341.9700
14086,,35.0750000000000000,70.1500
14085,,36.9600000000000000,36.9600
14084,,34.6700000000000000,138.6800
14083,,1375.7087500000000000,2751.4175
14082,,21.9800000000000000,21.9800
14081,,1725.8687500000000000,3451.7375
14080,,924.4537500000000000,1848.9075
14079,,55.9050000000000000,223.6200
14078,,839.4800000000000000,839.4800
14077,,45.1825000000000000,180.7300
14076,,71.9700000000000000,71.9700
14075,,56.9700000000000000,56.9700
14074,,29.9400000000000000,59.8800
14073,,78.4200000000000000,156.8400
14072,,37.4900000000000000,74.9800
14071,,1872.6394000000000000,5617.9182
14070,,1872.9760666666666667,5618.9282
14069,,86.9700000000000000,173.9400
14068,,38.6350000000000000,77.2700
14067,,57.4800000000000000,114.9600
14066,,1204.0627333333333333,3612.1882
14065,,1869.5165333333333333,5608.5496
14064,,1898.0698666666666667,5694.2096
14063,,1892.0832000000000000,5676.2496
14062,,1882.6394000000000000,5647.9182
14061,,41.1300000000000000,82.2600
14060,,49.7350000000000000,99.4700
14059,,53.3750000000000000,106.7500
14058,,1884.1732000000000000,5652.5196
14057,,57.4800000000000000,114.9600
14056,,42.8200000000000000,128.4600
14055,,1725.7994000000000000,5177.3982
14054,,93.5866666666666667,280.7600
14053,,43.1300000000000000,86.2600
14052,,43.1300000000000000,86.2600
14051,,1868.9694000000000000,5606.9082
14050,,1883.4132000000000000,5650.2396
14049,,1763.5598666666666667,5290.6796
14048,,1707.9132000000000000,5123.7396
14047,,1881.1798666666666667,5643.5396
14046,,1881.7465333333333333,5645.2396
14045,,2268.0427333333333333,6804.1282
14044,,1678.8587500000000000,3357.7175
14043,,56.9700000000000000,56.9700
14042,,21.9800000000000000,21.9800
14041,,2382.5100000000000000,4765.0200
14040,,31.9700000000000000,31.9700
14039,,2269.3760666666666667,6808.1282
14038,,2273.0394000000000000,6819.1182
14037,,949.4487500000000000,1898.8975
14036,,919.9587500000000000,1839.9175
14035,,65.9600000000000000,65.9600
14034,,52.1200000000000000,104.2400
14033,,2269.9865333333333333,6809.9596
14032,,2286.4765333333333333,6859.4296
14031,,2321.4727333333333333,6964.4182
14030,,2301.8232000000000000,6905.4696
14029,,56.9700000000000000,56.9700
14028,,91.9500000000000000,91.9500
14027,,21.9800000000000000,21.9800
14026,,794.8487500000000000,1589.6975
14025,,793.1887500000000000,1586.3775
14024,,951.4487500000000000,1902.8975
14023,,787.7087500000000000,1575.4175
14022,,834.4487500000000000,1668.8975
14021,,21.9800000000000000,21.9800
14020,,2277.2532000000000000,6831.7596
14019,,30.7900000000000000,61.5800
14018,,31.9350000000000000,63.8700
14017,,924.4537500000000000,1848.9075
14016,,60.5300000000000000,121.0600
14015,,29.9900000000000000,59.9800
14014,,31.1350000000000000,62.2700
14013,,69.2250000000000000,138.4500
14012,,1749.9727333333333333,5249.9182
14011,,1915.9448000000000000,3831.8896
14010,,1930.6948000000000000,3861.3896
14009,,31.9850000000000000,63.9700
14008,,31.9850000000000000,63.9700
14007,,1886.2048000000000000,3772.4096
14006,,1647.7137500000000000,3295.4275
14005,,1659.6987500000000000,3319.3975
14004,,56.9700000000000000,56.9700
14003,,789.6987500000000000,1579.3975
14002,,85.4800000000000000,85.4800
14001,,106.9600000000000000,106.9600
14000,,84.9200000000000000,84.9200
13999,,1647.7137500000000000,3295.4275
13998,,122.6250000000000000,245.2500
13997,,2293.1748000000000000,4586.3496
13996,,33.1300000000000000,66.2600
13995,,32.4850000000000000,64.9700
13994,,2264.3748000000000000,4528.7496
13993,,902.4587500000000000,1804.9175
13992,,901.1037500000000000,1802.2075
13991,,85.4800000000000000,85.4800
13990,,946.9537500000000000,1893.9075
13989,,46.4700000000000000,46.4700
13988,,48.8800000000000000,195.5200
13987,,2329.9900000000000000,2329.9900
13986,,946.9537500000000000,1893.9075
13985,,30.9700000000000000,30.9700
13984,,1641.4150000000000000,3282.8300
13983,,90.2050000000000000,180.4100
13982,,29.9900000000000000,59.9800
13981,,62.1050000000000000,124.2100
13980,,56.9700000000000000,56.9700
13979,,1641.4150000000000000,3282.8300
13978,,2387.6500000000000000,4775.3000
13977,,2394.2850000000000000,4788.5700
13976,,2255.7712500000000000,4511.5425
13975,,1712.9060666666666667,5138.7182
13974,,1745.9098666666666667,5237.7296
13973,,1728.5598666666666667,5185.6796
13972,,38.6350000000000000,77.2700
13971,,2257.3760666666666667,6772.1282
13970,,2281.0460666666666667,6843.1382
13969,,38.6350000000000000,77.2700
13968,,1727.2332000000000000,5181.6996
13967,,1907.3027333333333333,5721.9082
13966,,2280.7060666666666667,6842.1182
13965,,2290.7965333333333333,6872.3896
13964,,2268.8165333333333333,6806.4496
13963,,69.7250000000000000,139.4500
13962,,45.1050000000000000,90.2100
13961,,68.4700000000000000,136.9400
13960,,2290.5798666666666667,6871.7396
13959,,2286.1394000000000000,6858.4182
13958,,2279.5460666666666667,6838.6382
13957,,1881.7465333333333333,5645.2396
13956,,41.1300000000000000,82.2600
13955,,2296.1465333333333333,6888.4396
13954,,42.8200000000000000,128.4600
13953,,2280.2498666666666667,6840.7496
13952,,41.1300000000000000,82.2600
13951,,56.9700000000000000,56.9700
13950,,24.2700000000000000,24.2700
13949,,2274.2612500000000000,4548.5225
13948,,2281.0162500000000000,4562.0325
13947,,2302.5212500000000000,4605.0425
13946,,21.9800000000000000,21.9800
13945,,56.9700000000000000,56.9700
13944,,40.0300000000000000,160.1200
13943,,36.9600000000000000,36.9600
13942,,56.9700000000000000,56.9700
13941,,71.7050000000000000,286.8200
13940,,85.4800000000000000,85.4800
13939,,1542.0112500000000000,3084.0225
13938,,1535.5062500000000000,3071.0125
13937,,85.4800000000000000,85.4800
13936,,72.9766666666666667,218.9300
13935,,56.9700000000000000,56.9700
13934,,30.9700000000000000,30.9700
13933,,56.9700000000000000,56.9700
13932,,21.9800000000000000,21.9800
13931,,21.9800000000000000,21.9800
13930,,140.4700000000000000,140.4700
13929,,76.9700000000000000,76.9700
13928,,85.4800000000000000,85.4800
13927,,1510.5212500000000000,3021.0425
13926,,56.9700000000000000,56.9700
13925,,1610.3950000000000000,3220.7900
13924,,29.9300000000000000,29.9300
13923,,56.9700000000000000,56.9700
13922,,56.9700000000000000,56.9700
13921,,56.9700000000000000,56.9700
13920,,66.7425000000000000,266.9700
13919,,85.4800000000000000,85.4800
13918,,2397.9500000000000000,2397.9500
13917,,1641.4050000000000000,3282.8100
13916,,2354.9800000000000000,2354.9800
13915,,1522.7662500000000000,3045.5325
13914,,71.9700000000000000,71.9700
13913,,106.9600000000000000,106.9600
13912,,2274.0112500000000000,4548.0225
13911,,2274.2612500000000000,4548.5225
13910,,2263.2612500000000000,4526.5225
13909,,2382.0100000000000000,4764.0200
13908,,2357.6650000000000000,4715.3300
13907,,2298.2762500000000000,4596.5525
13906,,1510.5212500000000000,3021.0425
13905,,2274.2612500000000000,4548.5225
13904,,2250.7762500000000000,4501.5525
13903,,2255.7712500000000000,4511.5425
13902,,21.9800000000000000,21.9800
13901,,66.9600000000000000,66.9600
13900,,21.9800000000000000,21.9800
13899,,21.9800000000000000,21.9800
13898,,2417.6450000000000000,4835.2900
13897,,2249.2662500000000000,4498.5325
13896,,2387.8150000000000000,4775.6300
13895,,2279.2612500000000000,4558.5225
13894,,2405.1450000000000000,4810.2900
13893,,21.9800000000000000,21.9800
13892,,1510.5212500000000000,3021.0425
13891,,85.4800000000000000,85.4800
13890,,1491.0112500000000000,2982.0225
13889,,1542.0112500000000000,3084.0225
13888,,21.9800000000000000,21.9800
13887,,2381.6700000000000000,4763.3400
13886,,2268.2712500000000000,4536.5425
13885,,2422.4000000000000000,4844.8000
13884,,1521.5012500000000000,3043.0025
13883,,1510.5212500000000000,3021.0425
13882,,1641.4050000000000000,3282.8100
13881,,71.9700000000000000,71.9700
13880,,71.9700000000000000,71.9700
13879,,21.9800000000000000,21.9800
13878,,2366.9600000000000000,2366.9600
13877,,1515.0162500000000000,3030.0325
13876,,21.9800000000000000,21.9800
13875,,24.2700000000000000,24.2700
13874,,76.9700000000000000,76.9700
13873,,2382.8150000000000000,4765.6300
13872,,180.9800000000000000,180.9800
13871,,1530.2612500000000000,3060.5225
13870,,1641.4150000000000000,3282.8300
13869,,21.9800000000000000,21.9800
13868,,30.9700000000000000,30.9700
13867,,56.9700000000000000,56.9700
13866,,2319.7562500000000000,4639.5125
13865,,2266.7612500000000000,4533.5225
13864,,21.9800000000000000,21.9800
13863,,71.9700000000000000,71.9700
13862,,1493.0212500000000000,2986.0425
13861,,21.9800000000000000,21.9800
13860,,30.7100000000000000,122.8400
13859,,21.9800000000000000,21.9800
13858,,71.9500000000000000,71.9500
13857,,45.9500000000000000,45.9500
13856,,1491.0112500000000000,2982.0225
13855,,1547.7612500000000000,3095.5225
13854,,1623.9100000000000000,3247.8200
13853,,2329.9800000000000000,2329.9800
13852,,2294.9900000000000000,2294.9900
13851,,2331.9500000000000000,2331.9500
13850,,56.9700000000000000,56.9700
13849,,1542.2712500000000000,3084.5425
13848,,61.4500000000000000,61.4500
13847,,2944.1200000000000000,5888.2400
13846,,2966.6250000000000000,5933.2500
13845,,2958.6200000000000000,5917.2400
13844,,2177.8550000000000000,4355.7100
13843,,30.9700000000000000,30.9700
13842,,2202.3650000000000000,4404.7300
13841,,2208.2000000000000000,6624.6000
13840,,1505.0162500000000000,3010.0325
13839,,1621.4150000000000000,3242.8300
13838,,70.2750000000000000,140.5500
13837,,89.9700000000000000,89.9700
13836,,2190.0200000000000000,4380.0400
13835,,36.9600000000000000,36.9600
13834,,21.9800000000000000,21.9800
13833,,106.9600000000000000,106.9600
13832,,24.2700000000000000,24.2700
13831,,35.0000000000000000,35.0000
13830,,142.2800000000000000,284.5600
13829,,2190.0200000000000000,4380.0400
13828,,166.2800000000000000,166.2800
13827,,29.4800000000000000,29.4800
13826,,48.9700000000000000,48.9700
13825,,37.2900000000000000,37.2900
13824,,4.9900000000000000,4.9900
13823,,1797.7700000000000000,5393.3100
13822,,2174.4033333333333333,6523.2100
13821,,2970.2700000000000000,5940.5400
13820,,2954.1300000000000000,5908.2600
13819,,35.0000000000000000,35.0000
13818,,39.9900000000000000,39.9900
13817,,35.0000000000000000,35.0000
13816,,130.4150000000000000,260.8300
13815,,57.2750000000000000,114.5500
13814,,115.0200000000000000,230.0400
13813,,74.9800000000000000,74.9800
13812,,1631.4150000000000000,3262.8300
13811,,1500.5212500000000000,3001.0425
13810,,53.4700000000000000,53.4700
13809,,113.9600000000000000,113.9600
13808,,2203.3700000000000000,4406.7400
13807,,2253.3800000000000000,4506.7600
13806,,1537.7512500000000000,3075.5025
13805,,28.9800000000000000,28.9800
13804,,27.2800000000000000,27.2800
13803,,186.2800000000000000,186.2800
13802,,79.4600000000000000,79.4600
13801,,1631.4150000000000000,3262.8300
13800,,1631.4150000000000000,3262.8300
13799,,1505.0162500000000000,3010.0325
13798,,68.1800000000000000,136.3600
13797,,7.2800000000000000,7.2800
13796,,39.9800000000000000,39.9800
13795,,2178.8750000000000000,4357.7500
13794,,2404.0200000000000000,7212.0600
13793,,1510.5212500000000000,3021.0425
13792,,2405.3600000000000000,7216.0800
13791,,53.9250000000000000,107.8500
13790,,2198.8750000000000000,4397.7500
13789,,2198.8750000000000000,4397.7500
13788,,100.4050000000000000,200.8100
13787,,59.9800000000000000,59.9800
13786,,4.9900000000000000,4.9900
13785,,60.9150000000000000,121.8300
13784,,2379.3666666666666667,7138.1000
13783,,2977.6150000000000000,5955.2300
13782,,2170.7300000000000000,6512.1900
13781,,54.9800000000000000,109.9600
13780,,59.4900000000000000,59.4900
13779,,1531.5012500000000000,3063.0025
13778,,2198.8750000000000000,4397.7500
13777,,2382.3566666666666667,7147.0700
13776,,35.2850000000000000,70.5700
13775,,68.9700000000000000,68.9700
13774,,2196.3700000000000000,4392.7400
13773,,42.2800000000000000,42.2800
13772,,2964.1250000000000000,5928.2500
13771,,2178.5633333333333333,6535.6900
13770,,2142.7433333333333333,6428.2300
13769,,1695.1775000000000000,5085.5325
13768,,1687.8408333333333333,5063.5225
13767,,2955.1100000000000000,5910.2200
13766,,1500.5212500000000000,3001.0425
13765,,2384.0300000000000000,7152.0900
13764,,74.9800000000000000,74.9800
13763,,30.9700000000000000,30.9700
13762,,57.2500000000000000,229.0000
13761,,46.4700000000000000,46.4700
13760,,49.4525000000000000,197.8100
13759,,100.4600000000000000,100.4600
13758,,71.0325000000000000,284.1300
13757,,86.9600000000000000,86.9600
13756,,74.6225000000000000,298.4900
13755,,45.9500000000000000,45.9500
13754,,56.9700000000000000,56.9700
13753,,84.9200000000000000,84.9200
13752,,24.2700000000000000,24.2700
13751,,74.9700000000000000,224.9100
13750,,71.9700000000000000,71.9700
13749,,21.9800000000000000,21.9800
13748,,71.9700000000000000,71.9700
13747,,1522.7662500000000000,3045.5325
13746,,1625.0550000000000000,3250.1100
13745,,1641.4050000000000000,3282.8100
13744,,1479.5012500000000000,2959.0025
13743,,2349.9800000000000000,2349.9800
13742,,1494.1612500000000000,2988.3225
13741,,1475.5262500000000000,2951.0525
13740,,56.9700000000000000,56.9700
13739,,71.9700000000000000,71.9700
13738,,21.9800000000000000,21.9800
13737,,39.2500000000000000,39.2500
13736,,2239.4212500000000000,4478.8425
13735,,2258.2662500000000000,4516.5325
13734,,2261.2512500000000000,4522.5025
13733,,2276.7612500000000000,4553.5225
13732,,36.3200000000000000,108.9600
13731,,21.9800000000000000,21.9800
13730,,2285.5112500000000000,4571.0225
13729,,2441.9100000000000000,4883.8200
13728,,2439.9000000000000000,4879.8000
13727,,80.9600000000000000,80.9600
13726,,2250.4112500000000000,4500.8225
13725,,2266.2612500000000000,4532.5225
13724,,2238.2762500000000000,4476.5525
13723,,74.9800000000000000,74.9800
13722,,1551.4000000000000000,3102.8000
13721,,1393.2612500000000000,2786.5225
13720,,1155.4800000000000000,1155.4800
13719,,1129.4800000000000000,1129.4800
13718,,1531.1650000000000000,3062.3300
13717,,74.9800000000000000,74.9800
13716,,1539.1550000000000000,3078.3100
13715,,1389.2612500000000000,2778.5225
13714,,1516.6550000000000000,3033.3100
13713,,2414.1550000000000000,4828.3100
13712,,2251.9212500000000000,4503.8425
13711,,2380.4700000000000000,2380.4700
13710,,2341.4600000000000000,2341.4600
13709,,2332.2800000000000000,2332.2800
13708,,40.1325000000000000,160.5300
13707,,47.2600000000000000,189.0400
13706,,2337.2700000000000000,2337.2700
13705,,1509.1650000000000000,3018.3300
13704,,1368.2662500000000000,2736.5325
13703,,74.9800000000000000,74.9800
13702,,2239.4212500000000000,4478.8425
13701,,42.3800000000000000,169.5200
13700,,2262.9112500000000000,4525.8225
13699,,75.9700000000000000,75.9700
13698,,32.2700000000000000,32.2700
13697,,2161.8900000000000000,6485.6700
13696,,48.9700000000000000,48.9700
13695,,35.0000000000000000,35.0000
13694,,52.7800000000000000,105.5600
13693,,2390.5266666666666667,7171.5800
13692,,24.9900000000000000,24.9900
13691,,2988.3700000000000000,5976.7400
13690,,2387.3600000000000000,7162.0800
13689,,2949.1300000000000000,5898.2600
13688,,27.2800000000000000,27.2800
13687,,2936.6300000000000000,5873.2600
13686,,2164.4133333333333333,6493.2400
13685,,2169.8966666666666667,6509.6900
13684,,39.9800000000000000,39.9800
13683,,89.9700000000000000,89.9700
13682,,15.2300000000000000,15.2300
13681,,74.9800000000000000,74.9800
13680,,2974.1200000000000000,5948.2400
13679,,2966.6300000000000000,5933.2600
13678,,2966.6250000000000000,5933.2500
13677,,39.9800000000000000,39.9800
13676,,34.4350000000000000,68.8700
13675,,107.6150000000000000,215.2300
13674,,148.4700000000000000,148.4700
13673,,94.4800000000000000,94.4800
13672,,119.9800000000000000,119.9800
13671,,135.2300000000000000,135.2300
13670,,59.4833333333333333,178.4500
13669,,43.2366666666666667,129.7100
13668,,38.0700000000000000,114.2100
13667,,1500.5212500000000000,3001.0425
13666,,2950.2750000000000000,5900.5500
13665,,41.9750000000000000,83.9500
13664,,105.1250000000000000,210.2500
13663,,15.2300000000000000,15.2300
13662,,1510.5212500000000000,3021.0425
13661,,2956.6200000000000000,5913.2400
13660,,2375.0050000000000000,4750.0100
13659,,65.9600000000000000,65.9600
13658,,2393.8050000000000000,4787.6100
13657,,2409.6500000000000000,4819.3000
13656,,56.9700000000000000,56.9700
13655,,21.9800000000000000,21.9800
13654,,56.9700000000000000,56.9700
13653,,2273.3962500000000000,4546.7925
13652,,30.9700000000000000,30.9700
13651,,2270.7060666666666667,6812.1182
13650,,2256.0460666666666667,6768.1382
13649,,2270.7094000000000000,6812.1282
13648,,2255.1460666666666667,6765.4382
13647,,2264.3827333333333333,6793.1482
13646,,2281.1994000000000000,6843.5982
13645,,2272.3727333333333333,6817.1182
13644,,2288.1532000000000000,6864.4596
13643,,2266.4832000000000000,6799.4496
13642,,39.9850000000000000,79.9700
13641,,72.3700000000000000,144.7400
13640,,35.6250000000000000,71.2500
13639,,62.9866666666666667,188.9600
13638,,2277.3727333333333333,6832.1182
13637,,2259.0427333333333333,6777.1282
13636,,2277.2532000000000000,6831.7596
13635,,71.9133333333333333,215.7400
13634,,78.3100000000000000,234.9300
13633,,2267.7127333333333333,6803.1382
13632,,2279.4865333333333333,6838.4596
13631,,2272.3727333333333333,6817.1182
13630,,2274.9098666666666667,6824.7296
13629,,2296.3694000000000000,6889.1082
13628,,63.7500000000000000,191.2500
13627,,71.4166666666666667,214.2500
13626,,2303.0294000000000000,6909.0882
13625,,2320.7127333333333333,6962.1382
13624,,39.6533333333333333,118.9600
13623,,33.0666666666666667,99.2000
13622,,2280.4765333333333333,6841.4296
13621,,55.8000000000000000,167.4000
13620,,2282.6894000000000000,6848.0682
13619,,2269.3660666666666667,6808.0982
13618,,2254.3827333333333333,6763.1482
13617,,47.3033333333333333,141.9100
13616,,2290.6860666666666667,6872.0582
13615,,48.9700000000000000,146.9100
13614,,38.0700000000000000,114.2100
13613,,35.0733333333333333,105.2200
13612,,41.9750000000000000,83.9500
13611,,38.8800000000000000,38.8800
13610,,44.9800000000000000,44.9800
13609,,49.4800000000000000,98.9600
13608,,71.5800000000000000,71.5800
13607,,2155.0100000000000000,6465.0300
13606,,1798.8950000000000000,7195.5800
13605,,2403.6825000000000000,9614.7300
13604,,88.9600000000000000,177.9200
13603,,66.9700000000000000,133.9400
13602,,2792.0933333333333333,8376.2800
13601,,44.9800000000000000,44.9800
13600,,2820.0833333333333333,8460.2500
13599,,25.6250000000000000,51.2500
13598,,49.9700000000000000,49.9700
13597,,58.9600000000000000,58.9600
13596,,9.9900000000000000,9.9900
13595,,2347.6331250000000000,9390.5325
13594,,44.9800000000000000,44.9800
13593,,49.9700000000000000,49.9700
13592,,2423.9325000000000000,9695.7300
13591,,2785.0900000000000000,8355.2700
13590,,2768.7666666666666667,8306.3000
13589,,78.4800000000000000,78.4800
13588,,14.9800000000000000,14.9800
13587,,78.4800000000000000,78.4800
13586,,48.9800000000000000,97.9600
13585,,2789.4300000000000000,8368.2900
13584,,2787.0966666666666667,8361.2900
13583,,2791.7633333333333333,8375.2900
13582,,38.9800000000000000,77.9600
13581,,2791.5966666666666667,8374.7900
13580,,1821.3925000000000000,7285.5700
13579,,1823.7600000000000000,7295.0400
13578,,44.9800000000000000,44.9800
13577,,2362.5806250000000000,9450.3225
13576,,2776.9300000000000000,8330.7900
13575,,2364.5456250000000000,9458.1825
13574,,39.9800000000000000,39.9800
13573,,119.9800000000000000,119.9800
13572,,2972.6150000000000000,5945.2300
13571,,144.4700000000000000,144.4700
13570,,2974.1150000000000000,5948.2300
13569,,48.9700000000000000,48.9700
13568,,119.9800000000000000,119.9800
13567,,2967.7750000000000000,5935.5500
13566,,13.9800000000000000,13.9800
13565,,2387.8150000000000000,4775.6300
13564,,2966.1100000000000000,5932.2200
13563,,2974.1150000000000000,5948.2300
13562,,2184.5441000000000000,4369.0882
13561,,2196.6791000000000000,4393.3582
13560,,2151.0766666666666667,6453.2300
13559,,2169.5700000000000000,6508.7100
13558,,2166.7400000000000000,6500.2200
13557,,2221.6898000000000000,4443.3796
13556,,2165.7366666666666667,6497.2100
13555,,2161.4833333333333333,6484.4500
13554,,1880.4165333333333333,5641.2496
13553,,1867.7465333333333333,5603.2396
13552,,2961.2650000000000000,5922.5300
13551,,1874.3060666666666667,5622.9182
13550,,69.9900000000000000,69.9900
13549,,94.4800000000000000,94.4800
13548,,2954.1250000000000000,5908.2500
13547,,41.9750000000000000,83.9500
13546,,2959.1200000000000000,5918.2400
13545,,2954.1250000000000000,5908.2500
13544,,54.2200000000000000,108.4400
13543,,2961.6150000000000000,5923.2300
13542,,2971.6200000000000000,5943.2400
13541,,2178.8966666666666667,6536.6900
13540,,2176.0600000000000000,6528.1800
13539,,39.4800000000000000,78.9600
13538,,2954.1250000000000000,5908.2500
13537,,2955.1100000000000000,5910.2200
13536,,2986.6200000000000000,5973.2400
13535,,29.6000000000000000,59.2000
13534,,43.1200000000000000,86.2400
13533,,68.9700000000000000,137.9400
13532,,7.2800000000000000,7.2800
13531,,69.9900000000000000,69.9900
13530,,186.2800000000000000,186.2800
13529,,2307.4298000000000000,4614.8596
13528,,2265.5198000000000000,4531.0396
13527,,2264.5191000000000000,4529.0382
13526,,2274.8798000000000000,4549.7596
13525,,2303.6148000000000000,4607.2296
13524,,2264.3748000000000000,4528.7496
13523,,33.6300000000000000,67.2600
13522,,29.9900000000000000,59.9800
13521,,2257.3848000000000000,4514.7696
13520,,2275.6798000000000000,4551.3596
13519,,2246.2241000000000000,4492.4482
13518,,1319.1791000000000000,2638.3582
13517,,1888.7927333333333333,5666.3782
13516,,21.9850000000000000,43.9700
13515,,2974.1200000000000000,5948.2400
13514,,2986.6200000000000000,5973.2400
13513,,2959.1200000000000000,5918.2400
13512,,69.9900000000000000,69.9900
13511,,3006.1150000000000000,6012.2300
13510,,94.4800000000000000,94.4800
13509,,24.4800000000000000,48.9600
13508,,128.9700000000000000,128.9700
13507,,21.9850000000000000,43.9700
13506,,123.9800000000000000,123.9800
13505,,63.9650000000000000,127.9300
13504,,2961.6150000000000000,5923.2300
13503,,50.6250000000000000,101.2500
13502,,54.9800000000000000,54.9800
13501,,39.9800000000000000,39.9800
13500,,39.9800000000000000,39.9800
13499,,133.4900000000000000,133.4900
13498,,100.0900000000000000,100.0900
13497,,39.9800000000000000,39.9800
13496,,36.5900000000000000,36.5900
13495,,28.9750000000000000,57.9500
13494,,39.9800000000000000,39.9800
13493,,24.4800000000000000,48.9600
13492,,2250.2612500000000000,4500.5225
13491,,58.8033333333333333,176.4100
13490,,56.9700000000000000,56.9700
13489,,2370.3150000000000000,4740.6300
13488,,141.9800000000000000,141.9800
13487,,2266.7612500000000000,4533.5225
13486,,75.1466666666666667,225.4400
13485,,36.9600000000000000,36.9600
13484,,2406.6600000000000000,4813.3200
13483,,56.9700000000000000,56.9700
13482,,2250.4112500000000000,4500.8225
13481,,30.9700000000000000,30.9700
13480,,81.4600000000000000,81.4600
13479,,75.9700000000000000,75.9700
13478,,2449.1600000000000000,4898.3200
13477,,2255.7712500000000000,4511.5425
13476,,75.9700000000000000,75.9700
13475,,56.9700000000000000,56.9700
13474,,84.8700000000000000,339.4800
13473,,2318.9600000000000000,2318.9600
13472,,2518.9800000000000000,2518.9800
13471,,30.9700000000000000,30.9700
13470,,56.9700000000000000,56.9700
13469,,71.9700000000000000,71.9700
13468,,2313.2612500000000000,4626.5225
13467,,21.9800000000000000,21.9800
13466,,44.4833333333333333,133.4500
13465,,75.9700000000000000,75.9700
13464,,2250.7762500000000000,4501.5525
13463,,106.9600000000000000,106.9600
13462,,2279.0062500000000000,4558.0125
13461,,2238.2762500000000000,4476.5525
13460,,2346.5200000000000000,4693.0400
13459,,56.9700000000000000,56.9700
13458,,44.9100000000000000,44.9100
13457,,56.9700000000000000,56.9700
13456,,2291.2562500000000000,4582.5125
13455,,2349.9200000000000000,2349.9200
13454,,2344.2600000000000000,2344.2600
13453,,2288.2662500000000000,4576.5325
13452,,2400.1500000000000000,4800.3000
13451,,21.9800000000000000,21.9800
13450,,2386.6650000000000000,4773.3300
13449,,2263.2612500000000000,4526.5225
13448,,21.9800000000000000,21.9800
13447,,2266.7612500000000000,4533.5225
13446,,2268.2762500000000000,4536.5525
13445,,75.9700000000000000,75.9700
13444,,56.9700000000000000,56.9700
13443,,2268.2712500000000000,4536.5425
13442,,2250.4112500000000000,4500.8225
13441,,46.4700000000000000,46.4700
13440,,2409.2650000000000000,4818.5300
13439,,56.9700000000000000,56.9700
13438,,2250.7762500000000000,4501.5525
13437,,80.9600000000000000,80.9600
13436,,2249.2662500000000000,4498.5325
13435,,2419.1600000000000000,4838.3200
13434,,2354.9900000000000000,2354.9900
13433,,2266.7612500000000000,4533.5225
13432,,56.9700000000000000,56.9700
13431,,2296.2512500000000000,4592.5025
13430,,30.9700000000000000,30.9700
13429,,2293.5162500000000000,4587.0325
13428,,2316.9700000000000000,2316.9700
13427,,2294.9900000000000000,2294.9900
13426,,2249.2662500000000000,4498.5325
13425,,2405.1550000000000000,4810.3100
13424,,2403.6550000000000000,4807.3100
13423,,57.6300000000000000,172.8900
13422,,81.4600000000000000,81.4600
13421,,24.2700000000000000,24.2700
13420,,2399.1650000000000000,4798.3300
13419,,2238.2762500000000000,4476.5525
13418,,2384.0250000000000000,4768.0500
13417,,2369.9700000000000000,2369.9700
13416,,106.9600000000000000,106.9600
13415,,2325.9600000000000000,2325.9600
13414,,2319.9900000000000000,2319.9900
13413,,56.9700000000000000,56.9700
13412,,22.6300000000000000,45.2600
13411,,2273.1532000000000000,6819.4596
13410,,14.9800000000000000,14.9800
13409,,108.9500000000000000,108.9500
13408,,2264.0394000000000000,6792.1182
13407,,2301.3660666666666667,6904.0982
13406,,1825.1375000000000000,7300.5500
13405,,2694.6525000000000000,10778.6100
13404,,2270.7060666666666667,6812.1182
13403,,2289.2612500000000000,4578.5225
13402,,2396.6650000000000000,4793.3300
13401,,2399.1700000000000000,4798.3400
13400,,2284.2512500000000000,4568.5025
13399,,2294.9900000000000000,2294.9900
13398,,2322.2800000000000000,2322.2800
13397,,2396.9400000000000000,2396.9400
13396,,2362.2700000000000000,2362.2700
13395,,21.9800000000000000,21.9800
13394,,2318.9600000000000000,2318.9600
13393,,2351.9600000000000000,2351.9600
13392,,56.9700000000000000,56.9700
13391,,2405.4700000000000000,2405.4700
13390,,99.9400000000000000,99.9400
13389,,115.9500000000000000,115.9500
13388,,106.9600000000000000,106.9600
13387,,2337.2700000000000000,2337.2700
13386,,84.9600000000000000,84.9600
13385,,2274.2512500000000000,4548.5025
13384,,2286.7612500000000000,4573.5225
13383,,2255.7712500000000000,4511.5425
13382,,2262.9112500000000000,4525.8225
13381,,71.9700000000000000,71.9700
13380,,2410.1550000000000000,4820.3100
13379,,24.2700000000000000,24.2700
13378,,2261.2512500000000000,4522.5025
13377,,2319.9900000000000000,2319.9900
13376,,30.9700000000000000,30.9700
13375,,71.9700000000000000,71.9700
13374,,56.9700000000000000,56.9700
13373,,71.9500000000000000,71.9500
13372,,76.9700000000000000,76.9700
13371,,71.9700000000000000,71.9700
13370,,2329.9900000000000000,2329.9900
13369,,2389.1650000000000000,4778.3300
13368,,71.9700000000000000,71.9700
13367,,2258.2662500000000000,4516.5325
13366,,2374.5200000000000000,4749.0400
13365,,24.2700000000000000,24.2700
13364,,56.9700000000000000,56.9700
13363,,71.9700000000000000,71.9700
13362,,2238.2762500000000000,4476.5525
13361,,2382.8150000000000000,4765.6300
13360,,56.9700000000000000,56.9700
13359,,2318.9212500000000000,4637.8425
13358,,2386.9400000000000000,2386.9400
13357,,2271.9162500000000000,4543.8325
13356,,30.9700000000000000,30.9700
13355,,2279.2662500000000000,4558.5325
13354,,2249.2662500000000000,4498.5325
13353,,2273.7512500000000000,4547.5025
13352,,56.9700000000000000,56.9700
13351,,2238.2762500000000000,4476.5525
13350,,44.1500000000000000,132.4500
13349,,21.9800000000000000,21.9800
13348,,2307.5162500000000000,4615.0325
13347,,71.9700000000000000,71.9700
13346,,2249.2662500000000000,4498.5325
13345,,2379.7550000000000000,4759.5100
13344,,80.9600000000000000,80.9600
13343,,2360.1350000000000000,4720.2700
13342,,32.2200000000000000,32.2200
13341,,141.9800000000000000,141.9800
13340,,2273.2612500000000000,4546.5225
13339,,30.9700000000000000,30.9700
13338,,121.9400000000000000,121.9400
13337,,180.9800000000000000,180.9800
13336,,106.9600000000000000,106.9600
13335,,71.9700000000000000,71.9700
13334,,71.9500000000000000,71.9500
13333,,21.9800000000000000,21.9800
13332,,56.9700000000000000,56.9700
13331,,65.9600000000000000,65.9600
13330,,31.6500000000000000,94.9500
13329,,2403.6550000000000000,4807.3100
13328,,2354.0100000000000000,4708.0200
13327,,30.9700000000000000,30.9700
13326,,2255.7762500000000000,4511.5525
13325,,2279.2612500000000000,4558.5225
13324,,2263.3912500000000000,4526.7825
13323,,141.9800000000000000,141.9800
13322,,85.4800000000000000,85.4800
13321,,71.9500000000000000,71.9500
13320,,21.9800000000000000,21.9800
13319,,2323.7562500000000000,4647.5125
13318,,53.5650000000000000,214.2600
13317,,56.9700000000000000,56.9700
13316,,2288.2662500000000000,4576.5325
13315,,2270.7662500000000000,4541.5325
13314,,2427.1450000000000000,4854.2900
13313,,76.9700000000000000,76.9700
13312,,80.9600000000000000,80.9600
13311,,29.9300000000000000,29.9300
13310,,29.9300000000000000,29.9300
13309,,21.9800000000000000,21.9800
13308,,29.9300000000000000,29.9300
13307,,81.4600000000000000,81.4600
13306,,71.9700000000000000,71.9700
13305,,71.9700000000000000,71.9700
13304,,2306.2562500000000000,4612.5125
13303,,22.0833333333333333,66.2500
13302,,56.9700000000000000,56.9700
13301,,66.9600000000000000,66.9600
13300,,45.9500000000000000,45.9500
13299,,2417.6500000000000000,4835.3000
13298,,2255.7712500000000000,4511.5425
13297,,21.9800000000000000,21.9800
13296,,21.9800000000000000,21.9800
13295,,71.9700000000000000,71.9700
13294,,86.9500000000000000,86.9500
13293,,21.9800000000000000,21.9800
13292,,2239.4212500000000000,4478.8425
13291,,81.4600000000000000,81.4600
13290,,37.2966666666666667,111.8900
13289,,22.0833333333333333,66.2500
13288,,2286.7512500000000000,4573.5025
13287,,2381.6700000000000000,4763.3400
13286,,2258.2662500000000000,4516.5325
13285,,71.4500000000000000,214.3500
13284,,2383.7650000000000000,4767.5300
13283,,2249.2662500000000000,4498.5325
13282,,56.9700000000000000,56.9700
13281,,21.9800000000000000,21.9800
13280,,2279.2612500000000000,4558.5225
13279,,2266.7612500000000000,4533.5225
13278,,2289.2612500000000000,4578.5225
13277,,2249.2662500000000000,4498.5325
13276,,21.9800000000000000,21.9800
13275,,21.9800000000000000,21.9800
13274,,2418.9050000000000000,4837.8100
13273,,2328.7662500000000000,4657.5325
13272,,81.4600000000000000,81.4600
13271,,2319.9900000000000000,2319.9900
13270,,2394.9500000000000000,2394.9500
13269,,2253.7612500000000000,4507.5225
13268,,72.4250000000000000,289.7000
13267,,31.2325000000000000,124.9300
13266,,29.9300000000000000,29.9300
13265,,1814.8900000000000000,7259.5600
13264,,1816.3900000000000000,7265.5600
13263,,2718.0150000000000000,10872.0600
13262,,43.4750000000000000,86.9500
13261,,1800.1450000000000000,7200.5800
13260,,1809.8900000000000000,7239.5600
13259,,1963.3725000000000000,7853.4900
13258,,2221.6325000000000000,8886.5300
13257,,2235.3200000000000000,8941.2800
13256,,1873.7199000000000000,7494.8796
13255,,1848.2645500000000000,7393.0582
13254,,2267.0427333333333333,6801.1282
13253,,2258.1498666666666667,6774.4496
13252,,2273.4865333333333333,6820.4596
13251,,2281.4727333333333333,6844.4182
13250,,2250.7762500000000000,4501.5525
13249,,2397.6700000000000000,4795.3400
13248,,2245.7662500000000000,4491.5325
13247,,2274.2612500000000000,4548.5225
13246,,2406.6550000000000000,4813.3100
13245,,46.4700000000000000,46.4700
13244,,81.4600000000000000,81.4600
13243,,2255.7712500000000000,4511.5425
13242,,56.9700000000000000,56.9700
13241,,2325.9600000000000000,2325.9600
13240,,21.9800000000000000,21.9800
13239,,46.4250000000000000,185.7000
13238,,2255.7712500000000000,4511.5425
13237,,2258.2662500000000000,4516.5325
13236,,21.9800000000000000,21.9800
13235,,56.9700000000000000,56.9700
13234,,36.9600000000000000,36.9600
13233,,2293.7562500000000000,4587.5125
13232,,21.9800000000000000,21.9800
13231,,61.9750000000000000,247.9000
13230,,2452.6600000000000000,4905.3200
13229,,21.9800000000000000,21.9800
13228,,56.9700000000000000,56.9700
13227,,71.9700000000000000,71.9700
13226,,2282.2462500000000000,4564.4925
13225,,2251.9212500000000000,4503.8425
13224,,2268.0162500000000000,4536.0325
13223,,56.9700000000000000,56.9700
13222,,50.1366666666666667,150.4100
13221,,2397.6550000000000000,4795.3100
13220,,2341.2662500000000000,4682.5325
13219,,21.9800000000000000,21.9800
13218,,85.4800000000000000,85.4800
13217,,2351.9600000000000000,2351.9600
13216,,96.4600000000000000,96.4600
13215,,71.9500000000000000,71.9500
13214,,2250.7762500000000000,4501.5525
13213,,21.9800000000000000,21.9800
13212,,2282.2462500000000000,4564.4925
13211,,30.9700000000000000,30.9700
13210,,2250.7762500000000000,4501.5525
13209,,2319.9900000000000000,2319.9900
13208,,2406.6600000000000000,4813.3200
13207,,85.4800000000000000,85.4800
13206,,54.3966666666666667,163.1900
13205,,2401.6600000000000000,4803.3200
13204,,141.9800000000000000,141.9800
13203,,2245.7662500000000000,4491.5325
13202,,2279.2612500000000000,4558.5225
13201,,24.3866666666666667,73.1600
13200,,24.2700000000000000,24.2700
13199,,35.0633333333333333,105.1900
13198,,38.3166666666666667,114.9500
13197,,35.0633333333333333,105.1900
13196,,56.9700000000000000,56.9700
13195,,71.9700000000000000,71.9700
13194,,56.9700000000000000,56.9700
13193,,71.9700000000000000,71.9700
13192,,56.9700000000000000,56.9700
13191,,46.4700000000000000,46.4700
13190,,2250.7762500000000000,4501.5525
13189,,2382.8150000000000000,4765.6300
13188,,56.9700000000000000,56.9700
13187,,29.9300000000000000,29.9300
13186,,21.9800000000000000,21.9800
13185,,37.4600000000000000,149.8400
13184,,110.2300000000000000,220.4600
13183,,97.9850000000000000,195.9700
13182,,82.9750000000000000,165.9500
13181,,92.9800000000000000,185.9600
13180,,100.7300000000000000,201.4600
13179,,47.5425000000000000,190.1700
13178,,2249.2662500000000000,4498.5325
13177,,2249.2662500000000000,4498.5325
13176,,2376.6600000000000000,4753.3200
13175,,71.7200000000000000,286.8800
13174,,2279.2612500000000000,4558.5225
13173,,2299.0062500000000000,4598.0125
13172,,72.1350000000000000,144.2700
13171,,95.9850000000000000,191.9700
13170,,115.4800000000000000,230.9600
13169,,95.9850000000000000,191.9700
13168,,74.9800000000000000,74.9800
13167,,42.2800000000000000,42.2800
13166,,71.9700000000000000,71.9700
13165,,2250.7762500000000000,4501.5525
13164,,100.4600000000000000,100.4600
13163,,30.9700000000000000,30.9700
13162,,85.4800000000000000,85.4800
13161,,2261.7662500000000000,4523.5325
13160,,2279.8198666666666667,6839.4596
13159,,69.3933333333333333,208.1800
13158,,73.9700000000000000,221.9100
13157,,29.9900000000000000,59.9800
13156,,1331.8448000000000000,2663.6896
13155,,75.6500000000000000,226.9500
13154,,2309.9700000000000000,2309.9700
13153,,106.9600000000000000,106.9600
13152,,2291.2562500000000000,4582.5125
13151,,91.9500000000000000,91.9500
13150,,44.6200000000000000,89.2400
13149,,32.4850000000000000,64.9700
13148,,1137.4300000000000000,1137.4300
13147,,74.9800000000000000,74.9800
13146,,30.9700000000000000,30.9700
13145,,2337.2700000000000000,2337.2700
13144,,70.3675000000000000,281.4700
13143,,2404.9700000000000000,2404.9700
13142,,2399.1700000000000000,4798.3400
13141,,80.0800000000000000,240.2400
13140,,108.4033333333333333,325.2100
13139,,2284.8165333333333333,6854.4496
13138,,27.9900000000000000,83.9700
13137,,59.3133333333333333,177.9400
13136,,31.1350000000000000,62.2700
13135,,2257.7127333333333333,6773.1382
13134,,1882.9727333333333333,5648.9182
13133,,2271.0394000000000000,6813.1182
13132,,2293.5394000000000000,6880.6182
13131,,2245.7160666666666667,6737.1482
13130,,2265.7160666666666667,6797.1482
13129,,2274.3827333333333333,6823.1482
13128,,2272.3794000000000000,6817.1382
13127,,28.7533333333333333,86.2600
13126,,2271.6927333333333333,6815.0782
13125,,46.1800000000000000,138.5400
13124,,30.6400000000000000,91.9200
13123,,2255.1460666666666667,6765.4382
13122,,2290.4765333333333333,6871.4296
13121,,40.4166666666666667,121.2500
13120,,68.4633333333333333,205.3900
13119,,2276.4832000000000000,6829.4496
13118,,1889.9660666666666667,5669.8982
13117,,2277.1394000000000000,6831.4182
13116,,76.7500000000000000,230.2500
13115,,2259.8060666666666667,6779.4182
13114,,2269.1498666666666667,6807.4496
13113,,2277.4698666666666667,6832.4096
13112,,1905.9627333333333333,5717.8882
13111,,1902.3998666666666667,5707.1996
13110,,1861.3127333333333333,5583.9382
13109,,1894.2994000000000000,5682.8982
13108,,1906.2198666666666667,5718.6596
13107,,1883.6327333333333333,5650.8982
13106,,1899.1732000000000000,5697.5196
13105,,1861.8160666666666667,5585.4482
13104,,2298.1465333333333333,6894.4396
13103,,2280.8660666666666667,6842.5982
13102,,2386.9400000000000000,2386.9400
13101,,2368.0150000000000000,4736.0300
13100,,2376.9600000000000000,2376.9600
13099,,108.4800000000000000,216.9600
13098,,71.9700000000000000,71.9700
13097,,21.9800000000000000,21.9800
13096,,57.6700000000000000,230.6800
13095,,82.2225000000000000,328.8900
13094,,56.9700000000000000,56.9700
13093,,2389.1650000000000000,4778.3300
13092,,115.9800000000000000,231.9600
13091,,2288.3165333333333333,6864.9496
13090,,2270.8060666666666667,6812.4182
13089,,2266.8165333333333333,6800.4496
13088,,2380.1600000000000000,4760.3200
13087,,2401.6650000000000000,4803.3300
13086,,2402.8100000000000000,4805.6200
13085,,1544.9000000000000000,3089.8000
13084,,1798.9600000000000000,1798.9600
13083,,2266.2612500000000000,4532.5225
13082,,2302.1298666666666667,6906.3896
13081,,2257.3827333333333333,6772.1482
13080,,2281.4694000000000000,6844.4082
13079,,2250.7094000000000000,6752.1282
13078,,2283.4865333333333333,6850.4596
13077,,2255.5427333333333333,6766.6282
13076,,2287.3794000000000000,6862.1382
13075,,2281.3132000000000000,6843.9396
13074,,56.9700000000000000,56.9700
13073,,21.9800000000000000,21.9800
13072,,77.5000000000000000,155.0000
13071,,35.9875000000000000,143.9500
13070,,56.9700000000000000,56.9700
13069,,1365.7712500000000000,2731.5425
13068,,1407.7612500000000000,2815.5225
13067,,1529.6550000000000000,3059.3100
13066,,1516.6550000000000000,3033.3100
13065,,1700.9900000000000000,1700.9900
13064,,2289.7362500000000000,4579.4725
13063,,2386.6650000000000000,4773.3300
13062,,2250.2612500000000000,4500.5225
13061,,46.4700000000000000,46.4700
13060,,1404.0012500000000000,2808.0025
13059,,1544.9000000000000000,3089.8000
13058,,1516.1550000000000000,3032.3100
13057,,1670.9050000000000000,3341.8100
13056,,1645.9100000000000000,3291.8200
13055,,1542.0112500000000000,3084.0225
13054,,75.9700000000000000,75.9700
13053,,76.9700000000000000,76.9700
13052,,30.9700000000000000,30.9700
13051,,2277.2465333333333333,6831.7396
13050,,1883.7498666666666667,5651.2496
13049,,1882.4065333333333333,5647.2196
13048,,63.4100000000000000,190.2300
13047,,80.6433333333333333,241.9300
13046,,32.4850000000000000,64.9700
13045,,31.1350000000000000,62.2700
13044,,29.9900000000000000,59.9800
13043,,87.9650000000000000,175.9300
13042,,42.2350000000000000,84.4700
13041,,76.9750000000000000,153.9500
13040,,47.4850000000000000,94.9700
13039,,1641.4150000000000000,3282.8300
13038,,1860.4198666666666667,5581.2596
13037,,29.9900000000000000,59.9800
13036,,1338.5341000000000000,2677.0682
13035,,1319.0291000000000000,2638.0582
13034,,47.3550000000000000,94.7100
13033,,45.9500000000000000,45.9500
13032,,2370.3150000000000000,4740.6300
13031,,21.9800000000000000,21.9800
13030,,76.9700000000000000,76.9700
13029,,1480.5212500000000000,2961.0425
13028,,48.9800000000000000,48.9800
13027,,2319.2600000000000000,2319.2600
13026,,77.9700000000000000,155.9400
13025,,1345.1998000000000000,2690.3996
13024,,1332.5291000000000000,2665.0582
13023,,44.4800000000000000,88.9600
13022,,1322.0091000000000000,2644.0182
13021,,1334.1898000000000000,2668.3796
13020,,1294.5441000000000000,2589.0882
13019,,2417.6450000000000000,4835.2900
13018,,1321.1898000000000000,2642.3796
13017,,42.2800000000000000,42.2800
13016,,2406.6600000000000000,4813.3200
13015,,77.5000000000000000,155.0000
13014,,97.4900000000000000,194.9800
13013,,85.4133333333333333,256.2400
13012,,2339.1465333333333333,7017.4396
13011,,2273.0360666666666667,6819.1082
13010,,1905.5065333333333333,5716.5196
13009,,56.2233333333333333,168.6700
13008,,41.8366666666666667,125.5100
13007,,1890.4132000000000000,5671.2396
13006,,2254.0494000000000000,6762.1482
13005,,128.9866666666666667,386.9600
13004,,63.4233333333333333,190.2700
13003,,76.7500000000000000,230.2500
13002,,98.3133333333333333,294.9400
13001,,2266.4760666666666667,6799.4282
13000,,2266.4832000000000000,6799.4496
12999,,2280.1532000000000000,6840.4596
12998,,1898.2994000000000000,5694.8982
12997,,39.3933333333333333,118.1800
12996,,2269.3827333333333333,6808.1482
12995,,2283.5260666666666667,6850.5782
12994,,2285.1465333333333333,6855.4396
12993,,32.0833333333333333,96.2500
12992,,52.8366666666666667,158.5100
12991,,1880.6327333333333333,5641.8982
12990,,2276.4898666666666667,6829.4696
12989,,2272.3727333333333333,6817.1182
12988,,2305.1460666666666667,6915.4382
12987,,2253.1565333333333333,6759.4696
12986,,2411.5050000000000000,4823.0100
12985,,21.9950000000000000,43.9900
12984,,50.0500000000000000,200.2000
12983,,100.4600000000000000,100.4600
12982,,28.9850000000000000,57.9700
12981,,2404.9050000000000000,4809.8100
12980,,2276.2612500000000000,4552.5225
12979,,180.9800000000000000,180.9800
12978,,50.2300000000000000,50.2300
12977,,71.9700000000000000,71.9700
12976,,21.9800000000000000,21.9800
12975,,2309.2662500000000000,4618.5325
12974,,56.9700000000000000,56.9700
12973,,41.9850000000000000,83.9700
12972,,43.9275000000000000,175.7100
12971,,21.9800000000000000,21.9800
12970,,117.7775000000000000,471.1100
12969,,45.1975000000000000,180.7900
12968,,21.9800000000000000,21.9800
12967,,21.9800000000000000,21.9800
12966,,106.9600000000000000,106.9600
12965,,56.9700000000000000,56.9700
12964,,29.9875000000000000,119.9500
12963,,54.2300000000000000,108.4600
12962,,41.9850000000000000,83.9700
12961,,41.9850000000000000,83.9700
12960,,25.6350000000000000,51.2700
12959,,50.9800000000000000,203.9200
12958,,103.9900000000000000,207.9800
12957,,21.9950000000000000,43.9900
12956,,54.2300000000000000,108.4600
12955,,41.9850000000000000,83.9700
12954,,25.6350000000000000,51.2700
12953,,81.4600000000000000,81.4600
12952,,36.9600000000000000,36.9600
12951,,30.9700000000000000,30.9700
12950,,2380.1600000000000000,4760.3200
12949,,2279.2612500000000000,4558.5225
12948,,76.9700000000000000,76.9700
12947,,2253.7612500000000000,4507.5225
12946,,81.4600000000000000,81.4600
12945,,80.3475000000000000,321.3900
12944,,41.0525000000000000,164.2100
12943,,52.9750000000000000,105.9500
12942,,2250.7762500000000000,4501.5525
12941,,2409.1650000000000000,4818.3300
12940,,54.2300000000000000,108.4600
12939,,59.4775000000000000,237.9100
12938,,81.4600000000000000,81.4600
12937,,75.9700000000000000,75.9700
12936,,66.3050000000000000,265.2200
12935,,2397.1550000000000000,4794.3100
12934,,2275.7662500000000000,4551.5325
12933,,71.4750000000000000,142.9500
12932,,24.4900000000000000,48.9800
12931,,77.9700000000000000,155.9400
12930,,2256.9212500000000000,4513.8425
12929,,2410.1550000000000000,4820.3100
12928,,61.8525000000000000,247.4100
12927,,54.2300000000000000,108.4600
12926,,2397.6550000000000000,4795.3100
12925,,21.9800000000000000,21.9800
12924,,90.9500000000000000,90.9500
12923,,2243.2712500000000000,4486.5425
12922,,2256.7562500000000000,4513.5125
12921,,2401.6650000000000000,4803.3300
12920,,52.9750000000000000,105.9500
12919,,64.4700000000000000,257.8800
12918,,2381.6700000000000000,4763.3400
12917,,2949.1300000000000000,5898.2600
12916,,65.3050000000000000,261.2200
12915,,2948.0950000000000000,5896.1900
12914,,2329.9800000000000000,2329.9800
12913,,2961.2650000000000000,5922.5300
12912,,2949.1300000000000000,5898.2600
12911,,30.9700000000000000,30.9700
12910,,56.9700000000000000,56.9700
12909,,71.9700000000000000,71.9700
12908,,85.4800000000000000,85.4800
12907,,141.9800000000000000,141.9800
12906,,21.9800000000000000,21.9800
12905,,71.9700000000000000,71.9700
12904,,2957.7650000000000000,5915.5300
12903,,2332.2800000000000000,2332.2800
12902,,2329.9800000000000000,2329.9800
12901,,2958.6200000000000000,5917.2400
12900,,21.9800000000000000,21.9800
12899,,96.4600000000000000,96.4600
12898,,2979.3700000000000000,5958.7400
12897,,106.9600000000000000,106.9600
12896,,44.9100000000000000,44.9100
12895,,84.1625000000000000,336.6500
12894,,24.4900000000000000,48.9800
12893,,24.4900000000000000,48.9800
12892,,104.8675000000000000,419.4700
12891,,21.9800000000000000,21.9800
12890,,71.9700000000000000,71.9700
12889,,21.9800000000000000,21.9800
12888,,96.4600000000000000,96.4600
12887,,21.9800000000000000,21.9800
12886,,2982.6100000000000000,5965.2200
12885,,2974.1200000000000000,5948.2400
12884,,2950.2750000000000000,5900.5500
12883,,2937.7750000000000000,5875.5500
12882,,2965.1150000000000000,5930.2300
12881,,2954.1300000000000000,5908.2600
12880,,50.1825000000000000,200.7300
12879,,36.9600000000000000,36.9600
12878,,46.4700000000000000,46.4700
12877,,29.9300000000000000,29.9300
12876,,36.9600000000000000,36.9600
12875,,80.9400000000000000,80.9400
12874,,1879.5132000000000000,5638.5396
12873,,1892.0798666666666667,5676.2396
12872,,48.9700000000000000,48.9700
12871,,24.4800000000000000,48.9600
12870,,48.9700000000000000,48.9700
12869,,32.6000000000000000,32.6000
12868,,32.6000000000000000,32.6000
12867,,2183.2048000000000000,4366.4096
12866,,2941.6250000000000000,5883.2500
12865,,57.1150000000000000,114.2300
12864,,43.1200000000000000,86.2400
12863,,2239.1748000000000000,4478.3496
12862,,117.5800000000000000,117.5800
12861,,2197.0291000000000000,4394.0582
12860,,2232.0441000000000000,4464.0882
12859,,1888.7398666666666667,5666.2196
12858,,2196.8498000000000000,4393.6996
12857,,2192.0391000000000000,4384.0782
12856,,2230.1898000000000000,4460.3796
12855,,2207.1698000000000000,4414.3396
12854,,2183.5091000000000000,4367.0182
12853,,2177.0391000000000000,4354.0782
12852,,2205.6841000000000000,4411.3682
12851,,71.5800000000000000,71.5800
12850,,2203.1948000000000000,4406.3896
12849,,2944.1200000000000000,5888.2400
12848,,73.9600000000000000,73.9600
12847,,24.9900000000000000,24.9900
12846,,2230.1898000000000000,4460.3796
12845,,75.9700000000000000,75.9700
12844,,56.9700000000000000,56.9700
12843,,3009.1300000000000000,6018.2600
12842,,32.6000000000000000,32.6000
12841,,2966.6250000000000000,5933.2500
12840,,39.9800000000000000,39.9800
12839,,2196.0091000000000000,4392.0182
12838,,36.9600000000000000,36.9600
12837,,4.9900000000000000,4.9900
12836,,34.2300000000000000,68.4600
12835,,39.9800000000000000,39.9800
12834,,2949.1300000000000000,5898.2600
12833,,2179.5341000000000000,4359.0682
12832,,39.9800000000000000,39.9800
12831,,39.9800000000000000,39.9800
12830,,2957.7700000000000000,5915.5400
12829,,2203.0291000000000000,4406.0582
12828,,54.9800000000000000,54.9800
12827,,2230.6998000000000000,4461.3996
12826,,2214.1848000000000000,4428.3696
12825,,2209.5291000000000000,4419.0582
12824,,44.5400000000000000,44.5400
12823,,38.8800000000000000,38.8800
12822,,75.9700000000000000,75.9700
12821,,62.4700000000000000,124.9400
12820,,2954.1250000000000000,5908.2500
12819,,2974.1150000000000000,5948.2300
12818,,71.5800000000000000,71.5800
12817,,2961.2650000000000000,5922.5300
12816,,2247.0091000000000000,4494.0182
12815,,7.2800000000000000,7.2800
12814,,29.4800000000000000,29.4800
12813,,2183.5091000000000000,4367.0182
12812,,49.9700000000000000,49.9700
12811,,4.9900000000000000,4.9900
12810,,7.2800000000000000,7.2800
12809,,39.9800000000000000,39.9800
12808,,1703.8127333333333333,5111.4382
12807,,1674.9532000000000000,5024.8596
12806,,1652.0160666666666667,4956.0482
12805,,2174.0733333333333333,6522.2200
12804,,2974.1150000000000000,5948.2300
12803,,72.0900000000000000,144.1800
12802,,39.9800000000000000,39.9800
12801,,29.4800000000000000,29.4800
12800,,39.9800000000000000,39.9800
12799,,39.9800000000000000,39.9800
12798,,14.9800000000000000,14.9800
12797,,56.9700000000000000,56.9700
12796,,71.9700000000000000,71.9700
12795,,57.1300000000000000,228.5200
12794,,21.9800000000000000,21.9800
12793,,120.4700000000000000,120.4700
12792,,76.9700000000000000,76.9700
12791,,29.9300000000000000,29.9300
12790,,24.2700000000000000,24.2700
12789,,2990.1100000000000000,5980.2200
12788,,56.9700000000000000,56.9700
12787,,26.7800000000000000,53.5600
12786,,21.9800000000000000,21.9800
12785,,2294.9900000000000000,2294.9900
12784,,2992.6100000000000000,5985.2200
12783,,2420.4600000000000000,2420.4600
12782,,2400.9500000000000000,2400.9500
12781,,2329.9800000000000000,2329.9800
12780,,2970.2700000000000000,5940.5400
12779,,2990.1150000000000000,5980.2300
12778,,45.9500000000000000,45.9500
12777,,2950.2750000000000000,5900.5500
12776,,43.1300000000000000,86.2600
12775,,21.9800000000000000,21.9800
12774,,2971.6150000000000000,5943.2300
12773,,2954.1250000000000000,5908.2500
12772,,2956.6200000000000000,5913.2400
12771,,2954.1250000000000000,5908.2500
12770,,2971.7500000000000000,5943.5000
12769,,2974.1200000000000000,5948.2400
12768,,2213.3700000000000000,4426.7400
12767,,35.0000000000000000,35.0000
12766,,2208.8650000000000000,4417.7300
12765,,1750.9800000000000000,1750.9800
12764,,2173.8800000000000000,4347.7600
12763,,589.9600000000000000,589.9600
12762,,2966.6300000000000000,5933.2600
12761,,2964.6150000000000000,5929.2300
12760,,68.2950000000000000,273.1800
12759,,21.9800000000000000,21.9800
12758,,74.9800000000000000,74.9800
12757,,106.9600000000000000,106.9600
12756,,2954.1250000000000000,5908.2500
12755,,2999.3600000000000000,5998.7200
12754,,2167.7333333333333333,6503.2000
12753,,85.3800000000000000,170.7600
12752,,52.0833333333333333,156.2500
12751,,83.9700000000000000,83.9700
12750,,2163.9100000000000000,6491.7300
12749,,2957.7700000000000000,5915.5400
12748,,49.9700000000000000,49.9700
12747,,2192.0341000000000000,4384.0682
12746,,52.6200000000000000,105.2400
12745,,1733.2398666666666667,5199.7196
12744,,71.9700000000000000,71.9700
12743,,69.9900000000000000,69.9900
12742,,1716.1032000000000000,5148.3096
12741,,39.9800000000000000,39.9800
12740,,56.9750000000000000,113.9500
12739,,35.0000000000000000,35.0000
12738,,1652.0094000000000000,4956.0282
12737,,44.9800000000000000,44.9800
12736,,2230.1898000000000000,4460.3796
12735,,2202.0391000000000000,4404.0782
12734,,49.9700000000000000,49.9700
12733,,21.4850000000000000,42.9700
12732,,14.9800000000000000,14.9800
12731,,59.9800000000000000,59.9800
12730,,32.4500000000000000,64.9000
12729,,22.6300000000000000,45.2600
12728,,59.9800000000000000,59.9800
12727,,14.9800000000000000,14.9800
12726,,98.9600000000000000,98.9600
12725,,127.2800000000000000,127.2800
12724,,14.9800000000000000,14.9800
12723,,68.9700000000000000,68.9700
12722,,39.4700000000000000,39.4700
12721,,14.9800000000000000,14.9800
12720,,49.9700000000000000,49.9700
12719,,14.9800000000000000,14.9800
12718,,103.9600000000000000,103.9600
12717,,2941.6250000000000000,5883.2500
12716,,78.4800000000000000,78.4800
12715,,24.8466666666666667,74.5400
12714,,49.9700000000000000,49.9700
12713,,2220.6898000000000000,4441.3796
12712,,2220.5291000000000000,4441.0582
12711,,2981.6200000000000000,5963.2400
12710,,2387.0200000000000000,4774.0400
12709,,2966.6250000000000000,5933.2500
12708,,41.9850000000000000,83.9700
12707,,2974.1150000000000000,5948.2300
12706,,2283.8032000000000000,6851.4096
12705,,2284.7027333333333333,6854.1082
12704,,72.4866666666666667,217.4600
12703,,2297.0394000000000000,6891.1182
12702,,2303.6994000000000000,6911.0982
12701,,2289.4798666666666667,6868.4396
12700,,2286.8132000000000000,6860.4396
12699,,2266.0427333333333333,6798.1282
12698,,2262.2498666666666667,6786.7496
12697,,98.7300000000000000,296.1900
12696,,77.3200000000000000,231.9600
12695,,64.3233333333333333,192.9700
12694,,2261.7094000000000000,6785.1282
12693,,2273.4898666666666667,6820.4696
12692,,105.0866666666666667,315.2600
12691,,82.4866666666666667,247.4600
12690,,65.8500000000000000,197.5500
12689,,2282.3065333333333333,6846.9196
12688,,2289.1465333333333333,6867.4396
12687,,2268.4898666666666667,6805.4696
12686,,2288.1532000000000000,6864.4596
12685,,2301.3694000000000000,6904.1082
12684,,2297.6927333333333333,6893.0782
12683,,2267.1498666666666667,6801.4496
12682,,75.9866666666666667,227.9600
12681,,2261.3760666666666667,6784.1282
12680,,2293.3660666666666667,6880.0982
12679,,62.6600000000000000,187.9800
12678,,113.8100000000000000,341.4300
12677,,2261.8232000000000000,6785.4696
12676,,2286.4865333333333333,6859.4596
12675,,2270.9232000000000000,6812.7696
12674,,2276.4898666666666667,6829.4696
12673,,2256.0460666666666667,6768.1382
12672,,127.3233333333333333,381.9700
12671,,2267.3760666666666667,6802.1282
12670,,2261.7094000000000000,6785.1282
12669,,2263.6994000000000000,6791.0982
12668,,2279.8198666666666667,6839.4596
12667,,2271.0394000000000000,6813.1182
12666,,11.5200000000000000,34.5600
12665,,24.8466666666666667,74.5400
12664,,38.9800000000000000,77.9600
12663,,68.9700000000000000,68.9700
12662,,14.9800000000000000,14.9800
12661,,49.9700000000000000,49.9700
12660,,44.9800000000000000,44.9800
12659,,73.9700000000000000,73.9700
12658,,2287.8132000000000000,6863.4396
12657,,1846.0245500000000000,7384.0982
12656,,8.9900000000000000,8.9900
12655,,2724.9050000000000000,10899.6200
12654,,22.6300000000000000,45.2600
12653,,2286.6960666666666667,6860.0882
12652,,91.4700000000000000,182.9400
12651,,8.9900000000000000,8.9900
12650,,2703.4075000000000000,10813.6300
12649,,8.9900000000000000,8.9900
12648,,2272.5327333333333333,6817.5982
12647,,2295.5327333333333333,6886.5982
12646,,6.9900000000000000,13.9800
12645,,2282.5865333333333333,6847.7596
12644,,2279.3727333333333333,6838.1182
12643,,51.4800000000000000,102.9600
12642,,8.9900000000000000,8.9900
12641,,8.9900000000000000,8.9900
12640,,2250.7094000000000000,6752.1282
12639,,49.9900000000000000,49.9900
12638,,19.2350000000000000,38.4700
12637,,2281.7060666666666667,6845.1182
12636,,24.4850000000000000,48.9700
12635,,49.9900000000000000,49.9900
12634,,2262.5865333333333333,6787.7596
12633,,43.1300000000000000,86.2600
12632,,2698.3175000000000000,10793.2700
12631,,2699.8800000000000000,10799.5200
12630,,2275.1532000000000000,6825.4596
12629,,53.9700000000000000,53.9700
12628,,14.9800000000000000,14.9800
12627,,55.4700000000000000,110.9400
12626,,38.9800000000000000,77.9600
12625,,99.9600000000000000,99.9600
12624,,2189.5391000000000000,4379.0782
12623,,1876.7360666666666667,5630.2082
12622,,1711.8027333333333333,5135.4082
12621,,2157.0700000000000000,6471.2100
12620,,2160.3400000000000000,6481.0200
12619,,1733.4694000000000000,5200.4082
12618,,2961.6150000000000000,5923.2300
12617,,39.4700000000000000,39.4700
12616,,14.9800000000000000,14.9800
12615,,1887.7432000000000000,5663.2296
12614,,2959.1200000000000000,5918.2400
12613,,2991.8700000000000000,5983.7400
12612,,1885.9694000000000000,5657.9082
12611,,33.7300000000000000,67.4600
12610,,50.9750000000000000,101.9500
12609,,1878.9660666666666667,5636.8982
12608,,1896.6260666666666667,5689.8782
12607,,2163.1700000000000000,6489.5100
12606,,111.1000000000000000,333.3000
12605,,9.9900000000000000,9.9900
12604,,23.9700000000000000,23.9700
12603,,58.7250000000000000,117.4500
12602,,22.6300000000000000,45.2600
12601,,32.4500000000000000,64.9000
12600,,49.9700000000000000,49.9700
12599,,1883.0698666666666667,5649.2096
12598,,21.4850000000000000,42.9700
12597,,26.6050000000000000,53.2100
12596,,38.9800000000000000,77.9600
12595,,20.1350000000000000,40.2700
12594,,18.9900000000000000,37.9800
12593,,21.4850000000000000,42.9700
12592,,25.9800000000000000,51.9600
12591,,49.9700000000000000,49.9700
12590,,33.7300000000000000,67.4600
12589,,1332.5291000000000000,2665.0582
12588,,1319.5391000000000000,2639.0782
12587,,38.6350000000000000,77.2700
12586,,1318.2048000000000000,2636.4096
12585,,1314.5341000000000000,2629.0682
12584,,1316.6948000000000000,2633.3896
12583,,1323.1998000000000000,2646.3996
12582,,41.9850000000000000,83.9700
12581,,1323.1998000000000000,2646.3996
12580,,1294.5441000000000000,2589.0882
12579,,1294.5441000000000000,2589.0882
12578,,1334.0391000000000000,2668.0782
12577,,1307.0391000000000000,2614.0782
12576,,1326.5341000000000000,2653.0682
12575,,1334.0391000000000000,2668.0782
12574,,1313.1948000000000000,2626.3896
12573,,1334.0391000000000000,2668.0782
12572,,1305.7048000000000000,2611.4096
12571,,1320.6948000000000000,2641.3896
12570,,1327.0291000000000000,2654.0582
12569,,74.9800000000000000,74.9800
12568,,33.7300000000000000,67.4600
12567,,21.4850000000000000,42.9700
12566,,73.9750000000000000,147.9500
12565,,93.4600000000000000,93.4600
12564,,55.3750000000000000,110.7500
12563,,59.4800000000000000,118.9600
12562,,58.9600000000000000,58.9600
12561,,2944.1200000000000000,5888.2400
12560,,1878.9660666666666667,5636.8982
12559,,1877.9694000000000000,5633.9082
12558,,14.9800000000000000,14.9800
12557,,49.9700000000000000,49.9700
12556,,8.9900000000000000,8.9900
12555,,68.9700000000000000,68.9700
12554,,43.9850000000000000,87.9700
12553,,9.9900000000000000,9.9900
12552,,8.9900000000000000,8.9900
12551,,37.7350000000000000,75.4700
12550,,43.3750000000000000,86.7500
12549,,2954.1250000000000000,5908.2500
12548,,2184.0291000000000000,4368.0582
12547,,2949.1300000000000000,5898.2600
12546,,2208.1898000000000000,4416.3796
12545,,59.7250000000000000,119.4500
12544,,8.9900000000000000,8.9900
12543,,8.9900000000000000,8.9900
12542,,8.9900000000000000,8.9900
12541,,8.9900000000000000,8.9900
12540,,37.7350000000000000,75.4700
12539,,8.9900000000000000,8.9900
12538,,8.9900000000000000,8.9900
12537,,8.9900000000000000,8.9900
12536,,8.9900000000000000,8.9900
12535,,8.9900000000000000,8.9900
12534,,8.9900000000000000,8.9900
12533,,135.9750000000000000,271.9500
12532,,58.9300000000000000,235.7200
12531,,21.9800000000000000,21.9800
12530,,84.4750000000000000,337.9000
12529,,85.4800000000000000,85.4800
12528,,71.9700000000000000,71.9700
12527,,86.9600000000000000,86.9600
12526,,1743.1260666666666667,5229.3782
12525,,119.9800000000000000,119.9800
12524,,8.9900000000000000,8.9900
12523,,2966.6250000000000000,5933.2500
12522,,2944.1200000000000000,5888.2400
12521,,2219.1898000000000000,4438.3796
12520,,2959.8650000000000000,5919.7300
12519,,35.7400000000000000,71.4800
12518,,8.9900000000000000,8.9900
12517,,8.9900000000000000,8.9900
12516,,8.9900000000000000,8.9900
12515,,8.9900000000000000,8.9900
12514,,8.9900000000000000,8.9900
12513,,120.8800000000000000,241.7600
12512,,8.9900000000000000,8.9900
12511,,8.9900000000000000,8.9900
12510,,2147.0066666666666667,6441.0200
12509,,27.6166666666666667,82.8500
12508,,132.9700000000000000,132.9700
12507,,8.9900000000000000,8.9900
12506,,119.9800000000000000,119.9800
12505,,36.5900000000000000,36.5900
12504,,61.0800000000000000,61.0800
12503,,42.2300000000000000,84.4600
12502,,55.2300000000000000,110.4600
12501,,2208.1898000000000000,4416.3796
12500,,2237.6898000000000000,4475.3796
12499,,2189.5391000000000000,4379.0782
12498,,39.9900000000000000,39.9900
12497,,42.2800000000000000,42.2800
12496,,204.5800000000000000,204.5800
12495,,2208.1898000000000000,4416.3796
12494,,2974.1150000000000000,5948.2300
12493,,69.9900000000000000,69.9900
12492,,1722.1360666666666667,5166.4082
12491,,86.5800000000000000,86.5800
12490,,55.9433333333333333,167.8300
12489,,39.4800000000000000,157.9200
12488,,8.9900000000000000,8.9900
12487,,2200.6998000000000000,4401.3996
12486,,1884.1327333333333333,5652.3982
12485,,2961.7450000000000000,5923.4900
12484,,2220.5191000000000000,4441.0382
12483,,2949.1300000000000000,5898.2600
12482,,49.9900000000000000,49.9900
12481,,8.9900000000000000,8.9900
12480,,2954.1250000000000000,5908.2500
12479,,2200.7048000000000000,4401.4096
12478,,8.9900000000000000,8.9900
12477,,49.9900000000000000,49.9900
12476,,36.8850000000000000,73.7700
12475,,2219.1898000000000000,4438.3796
12474,,2964.1250000000000000,5928.2500
12473,,1888.4065333333333333,5665.2196
12472,,49.9900000000000000,49.9900
12471,,83.9700000000000000,83.9700
12470,,49.9900000000000000,49.9900
12469,,49.9900000000000000,49.9900
12468,,2937.7750000000000000,5875.5500
12467,,58.9800000000000000,58.9800
12466,,58.9800000000000000,58.9800
12465,,41.7100000000000000,83.4200
12464,,2949.1300000000000000,5898.2600
12463,,1734.0732000000000000,5202.2196
12462,,1682.5127333333333333,5047.5382
12461,,1676.7798666666666667,5030.3396
12460,,1892.9694000000000000,5678.9082
12459,,1872.8465333333333333,5618.5396
12458,,49.9900000000000000,49.9900
12457,,24.2700000000000000,24.2700
12456,,21.9800000000000000,21.9800
12455,,21.9800000000000000,21.9800
12454,,71.9500000000000000,71.9500
12453,,21.9800000000000000,21.9800
12452,,2967.7750000000000000,5935.5500
12451,,2367.9200000000000000,2367.9200
12450,,2977.6150000000000000,5955.2300
12449,,2351.9600000000000000,2351.9600
12448,,2957.7700000000000000,5915.5400
12447,,2331.9500000000000000,2331.9500
12446,,2972.3650000000000000,5944.7300
12445,,21.9800000000000000,21.9800
12444,,73.3500000000000000,293.4000
12443,,29.9300000000000000,29.9300
12442,,2950.2750000000000000,5900.5500
12441,,2937.7750000000000000,5875.5500
12440,,2956.6250000000000000,5913.2500
12439,,124.9700000000000000,124.9700
12438,,2949.1300000000000000,5898.2600
12437,,2991.6100000000000000,5983.2200
12436,,42.2800000000000000,42.2800
12435,,2960.1200000000000000,5920.2400
12434,,74.9800000000000000,74.9800
12433,,74.9800000000000000,74.9800
12432,,91.9700000000000000,91.9700
12431,,56.1325000000000000,224.5300
12430,,72.2250000000000000,288.9000
12429,,35.0000000000000000,35.0000
12428,,74.9800000000000000,74.9800
12427,,39.9900000000000000,39.9900
12426,,99.4700000000000000,99.4700
12425,,89.9800000000000000,89.9800
12424,,99.4700000000000000,99.4700
12423,,2954.1250000000000000,5908.2500
12422,,35.0000000000000000,35.0000
12421,,74.9800000000000000,74.9800
12420,,42.2800000000000000,42.2800
12419,,35.0000000000000000,35.0000
12418,,2984.8600000000000000,5969.7200
12417,,59.2700000000000000,59.2700
12416,,39.9900000000000000,39.9900
12415,,74.9800000000000000,74.9800
12414,,78.6450000000000000,157.2900
12413,,81.1400000000000000,162.2800
12412,,129.2400000000000000,258.4800
12411,,79.9950000000000000,159.9900
12410,,79.9950000000000000,159.9900
12409,,77.5000000000000000,155.0000
12408,,42.2800000000000000,42.2800
12407,,74.9800000000000000,74.9800
12406,,35.0000000000000000,35.0000
12405,,36.5900000000000000,36.5900
12404,,1750.5698666666666667,5251.7096
12403,,67.2700000000000000,67.2700
12402,,1739.4660666666666667,5218.3982
12401,,36.5900000000000000,36.5900
12400,,68.9700000000000000,68.9700
12399,,58.9600000000000000,58.9600
12398,,2166.2400000000000000,6498.7200
12397,,1656.0127333333333333,4968.0382
12396,,49.9900000000000000,49.9900
12395,,2984.1250000000000000,5968.2500
12394,,1878.6360666666666667,5635.9082
12393,,74.4800000000000000,74.4800
12392,,37.7350000000000000,75.4700
12391,,1707.1427333333333333,5121.4282
12390,,1659.2865333333333333,4977.8596
12389,,49.9900000000000000,49.9900
12388,,2189.5391000000000000,4379.0782
12387,,34.9900000000000000,34.9900
12386,,2223.6848000000000000,4447.3696
12385,,1706.2498666666666667,5118.7496
12384,,1685.5094000000000000,5056.5282
12383,,2949.1300000000000000,5898.2600
12382,,1868.7532000000000000,5606.2596
12381,,1720.5765333333333333,5161.7296
12380,,1856.7394000000000000,5570.2182
12379,,49.9900000000000000,49.9900
12378,,2183.2048000000000000,4366.4096
12377,,49.9900000000000000,49.9900
12376,,37.7350000000000000,75.4700
12375,,43.9800000000000000,43.9800
12374,,34.9900000000000000,34.9900
12373,,2968.8650000000000000,5937.7300
12372,,33.0100000000000000,99.0300
12371,,71.3466666666666667,214.0400
12370,,20.5100000000000000,61.5300
12369,,31.4100000000000000,94.2300
12368,,34.9900000000000000,34.9900
12367,,80.2250000000000000,160.4500
12366,,44.4800000000000000,88.9600
12365,,26.9850000000000000,53.9700
12364,,2949.1300000000000000,5898.2600
12363,,68.4750000000000000,273.9000
12362,,2952.1150000000000000,5904.2300
12361,,72.4866666666666667,217.4600
12360,,2250.1598666666666667,6750.4796
12359,,31.9133333333333333,95.7400
12358,,2262.5865333333333333,6787.7596
12357,,39.3133333333333333,117.9400
12356,,2270.0427333333333333,6810.1282
12355,,2272.7027333333333333,6818.1082
12354,,2265.7094000000000000,6797.1282
12353,,2255.1532000000000000,6765.4596
12352,,91.4133333333333333,274.2400
12351,,61.9800000000000000,185.9400
12350,,2263.9165333333333333,6791.7496
12349,,2257.3794000000000000,6772.1382
12348,,2302.0294000000000000,6906.0882
12347,,2279.7060666666666667,6839.1182
12346,,2288.1532000000000000,6864.4596
12345,,22.9000000000000000,68.7000
12344,,22.9000000000000000,68.7000
12343,,1855.9760666666666667,5567.9282
12342,,2279.3727333333333333,6838.1182
12341,,2280.2060666666666667,6840.6182
12340,,2250.7094000000000000,6752.1282
12339,,2288.4865333333333333,6865.4596
12338,,2755.0000000000000000,8265.0000
12337,,2712.3366666666666667,8137.0100
12336,,39.4900000000000000,78.9800
12335,,2304.1994000000000000,6912.5982
12334,,47.1050000000000000,94.2100
12333,,2707.3050000000000000,10829.2200
12332,,2697.3825000000000000,10789.5300
12331,,49.9900000000000000,49.9900
12330,,1983.3524000000000000,7933.4096
12329,,59.4800000000000000,118.9600
12328,,2264.0360666666666667,6792.1082
12327,,6.9900000000000000,13.9800
12326,,31.9900000000000000,63.9800
12325,,66.4750000000000000,132.9500
12324,,33.1300000000000000,66.2600
12323,,2709.2250000000000000,10836.9000
12322,,49.9900000000000000,49.9900
12321,,2643.1300000000000000,13215.6500
12320,,38.9800000000000000,77.9600
12319,,39.7350000000000000,79.4700
12318,,2269.3827333333333333,6808.1482
12317,,2274.4732000000000000,6823.4196
12316,,2266.4832000000000000,6799.4496
12315,,2267.7094000000000000,6803.1282
12314,,1999.4799000000000000,7997.9196
12313,,43.9800000000000000,43.9800
12312,,34.9900000000000000,34.9900
12311,,58.2150000000000000,116.4300
12310,,51.9800000000000000,103.9600
12309,,51.1300000000000000,102.2600
12308,,2653.8540000000000000,13269.2700
12307,,2634.6380000000000000,13173.1900
12306,,37.4850000000000000,74.9700
12305,,1646.7965333333333333,4940.3896
12304,,61.7250000000000000,123.4500
12303,,42.2350000000000000,84.4700
12302,,2022.9724000000000000,8091.8896
12301,,2659.0760000000000000,13295.3800
12300,,2648.5400000000000000,13242.7000
12299,,1659.1198666666666667,4977.3596
12298,,2013.3524000000000000,8053.4096
12297,,2005.6445500000000000,8022.5782
12296,,2632.9280000000000000,13164.6400
12295,,43.5425000000000000,174.1700
12294,,37.7400000000000000,75.4800
12293,,43.3800000000000000,86.7600
12292,,1675.9527333333333333,5027.8582
12291,,2016.9749000000000000,8067.8996
12290,,2936.6300000000000000,5873.2600
12289,,1881.9527333333333333,5645.8582
12288,,73.9800000000000000,147.9600
12287,,1906.7894000000000000,5720.3682
12286,,1751.6260666666666667,5254.8782
12285,,2984.1250000000000000,5968.2500
12284,,1875.0832000000000000,5625.2496
12283,,1860.9694000000000000,5582.9082
12282,,1703.8127333333333333,5111.4382
12281,,1723.1194000000000000,5169.3582
12280,,2961.6150000000000000,5923.2300
12279,,2987.1150000000000000,5974.2300
12278,,49.9900000000000000,49.9900
12277,,1888.8398666666666667,5666.5196
12276,,2208.1898000000000000,4416.3796
12275,,2217.6898000000000000,4435.3796
12274,,34.9900000000000000,34.9900
12273,,49.9900000000000000,49.9900
12272,,1713.2432000000000000,5139.7296
12271,,1894.3932000000000000,5683.1796
12270,,2227.2841000000000000,4454.5682
12269,,43.9800000000000000,43.9800
12268,,49.9900000000000000,49.9900
12267,,2936.6300000000000000,5873.2600
12266,,2200.6998000000000000,4401.3996
12265,,2982.1100000000000000,5964.2200
12264,,1887.6327333333333333,5662.8982
12263,,2276.4598666666666667,6829.3796
12262,,59.7250000000000000,119.4500
12261,,2986.6200000000000000,5973.2400
12260,,120.8800000000000000,241.7600
12259,,43.3750000000000000,86.7500
12258,,49.9900000000000000,49.9900
12257,,49.9900000000000000,49.9900
12256,,2976.6250000000000000,5953.2500
12255,,2941.6250000000000000,5883.2500
12254,,2984.1150000000000000,5968.2300
12253,,2033.4650000000000000,4066.9300
12252,,1969.4750000000000000,3938.9500
12251,,1962.4850000000000000,3924.9700
12250,,1982.4900000000000000,3964.9800
12249,,57.4800000000000000,114.9600
12248,,1969.9900000000000000,3939.9800
12247,,38.6350000000000000,77.2700
12246,,1973.6250000000000000,3947.2500
12245,,1983.6300000000000000,3967.2600
12244,,57.4800000000000000,114.9600
12243,,1957.4900000000000000,3914.9800
12242,,1974.4850000000000000,3948.9700
12241,,1994.7300000000000000,3989.4600
12240,,1982.4900000000000000,3964.9800
12239,,2300.4732000000000000,6901.4196
12238,,34.9900000000000000,34.9900
12237,,2235.1948000000000000,4470.3896
12236,,34.9900000000000000,34.9900
12235,,31.3800000000000000,62.7600
12234,,34.9900000000000000,34.9900
12233,,34.9900000000000000,34.9900
12232,,2188.1998000000000000,4376.3996
12231,,2177.0391000000000000,4354.0782
12230,,2200.5291000000000000,4401.0582
12229,,2207.8398000000000000,4415.6796
12228,,2200.6998000000000000,4401.3996
12227,,43.9800000000000000,43.9800
12226,,2184.0291000000000000,4368.0582
12225,,2190.6948000000000000,4381.3896
12224,,84.9800000000000000,84.9800
12223,,34.9900000000000000,34.9900
12222,,2303.0327333333333333,6909.0982
12221,,2984.1250000000000000,5968.2500
12220,,2975.1150000000000000,5950.2300
12219,,2983.6150000000000000,5967.2300
12218,,2236.1848000000000000,4472.3696
12217,,2936.6300000000000000,5873.2600
12216,,2318.4698666666666667,6955.4096
12215,,2296.9098666666666667,6890.7296
12214,,2267.9727333333333333,6803.9182
12213,,2209.5291000000000000,4419.0582
12212,,2949.1300000000000000,5898.2600
12211,,2954.1250000000000000,5908.2500
12210,,2275.1498666666666667,6825.4496
12209,,2954.1250000000000000,5908.2500
12208,,2977.1100000000000000,5954.2200
12207,,2937.7750000000000000,5875.5500
12206,,2954.1250000000000000,5908.2500
12205,,25.6350000000000000,51.2700
12204,,59.9650000000000000,119.9300
12203,,50.0475000000000000,200.1900
12202,,42.8675000000000000,171.4700
12201,,29.0900000000000000,58.1800
12200,,2967.7750000000000000,5935.5500
12199,,97.4900000000000000,194.9800
12198,,2984.8500000000000000,5969.7000
12197,,23.9700000000000000,47.9400
12196,,39.9825000000000000,159.9300
12195,,62.2050000000000000,124.4100
12194,,41.4650000000000000,82.9300
12193,,2416.5150000000000000,4833.0300
12192,,79.9950000000000000,159.9900
12191,,122.7350000000000000,245.4700
12190,,2945.2650000000000000,5890.5300
12189,,2975.1150000000000000,5950.2300
12188,,2966.6250000000000000,5933.2500
12187,,2954.1250000000000000,5908.2500
12186,,2956.6200000000000000,5913.2400
12185,,25.1150000000000000,50.2300
12184,,2937.7750000000000000,5875.5500
12183,,57.1050000000000000,228.4200
12182,,21.8125000000000000,87.2500
12181,,2979.3700000000000000,5958.7400
12180,,2965.1150000000000000,5930.2300
12179,,2956.6200000000000000,5913.2400
12178,,2966.6250000000000000,5933.2500
12177,,2405.7500000000000000,4811.5000
12176,,81.1400000000000000,162.2800
12175,,77.5000000000000000,155.0000
12174,,2936.6300000000000000,5873.2600
12173,,2964.6150000000000000,5929.2300
12172,,2965.1150000000000000,5930.2300
12171,,2991.8700000000000000,5983.7400
12170,,2954.1300000000000000,5908.2600
12169,,2974.1200000000000000,5948.2400
12168,,36.4400000000000000,72.8800
12167,,2987.6150000000000000,5975.2300
12166,,40.5550000000000000,162.2200
12165,,70.1600000000000000,280.6400
12164,,2954.1300000000000000,5908.2600
12163,,2972.3650000000000000,5944.7300
12162,,2956.6200000000000000,5913.2400
12161,,103.4700000000000000,206.9400
12160,,2972.6150000000000000,5945.2300
12159,,64.7225000000000000,258.8900
12158,,50.5500000000000000,202.2000
12157,,21.4750000000000000,42.9500
12156,,2960.1200000000000000,5920.2400
12155,,2965.1150000000000000,5930.2300
12154,,2399.2650000000000000,4798.5300
12153,,2969.1150000000000000,5938.2300
12152,,2968.8650000000000000,5937.7300
12151,,2947.6200000000000000,5895.2400
12150,,21.4750000000000000,42.9500
12149,,41.4650000000000000,82.9300
12148,,41.4650000000000000,82.9300
12147,,67.8625000000000000,271.4500
12146,,113.7100000000000000,227.4200
12145,,66.4600000000000000,132.9200
12144,,25.1150000000000000,50.2300
12143,,2996.6300000000000000,5993.2600
12142,,2972.6050000000000000,5945.2100
12141,,2989.6100000000000000,5979.2200
12140,,29.5425000000000000,118.1700
12139,,51.4650000000000000,102.9300
12138,,59.9550000000000000,119.9100
12137,,46.1350000000000000,92.2700
12136,,45.4275000000000000,181.7100
12135,,42.4950000000000000,84.9900
12134,,48.7250000000000000,97.4500
12133,,1457.6699000000000000,5830.6796
12132,,2658.8540000000000000,13294.2700
12131,,2653.1980000000000000,13265.9900
12130,,1996.9774000000000000,7987.9096
12129,,2139.3524000000000000,8557.4096
12128,,2170.2770500000000000,8681.1082
12127,,34.9900000000000000,34.9900
12126,,40.8800000000000000,81.7600
12125,,2148.8524000000000000,8595.4096
12124,,2639.1280000000000000,13195.6400
12123,,1459.4595500000000000,5837.8382
12122,,2407.0200000000000000,4814.0400
12121,,2973.1000000000000000,5946.2000
12120,,2954.1300000000000000,5908.2600
12119,,81.1400000000000000,162.2800
12118,,3002.1000000000000000,6004.2000
12117,,79.9950000000000000,159.9900
12116,,2966.6250000000000000,5933.2500
12115,,44.9900000000000000,89.9800
12114,,2359.5100000000000000,4719.0200
12113,,2368.7650000000000000,4737.5300
12112,,2965.1150000000000000,5930.2300
12111,,97.4900000000000000,194.9800
12110,,2944.1200000000000000,5888.2400
12109,,2965.1150000000000000,5930.2300
12108,,2973.1000000000000000,5946.2000
12107,,55.5575000000000000,222.2300
12106,,42.3850000000000000,169.5400
12105,,2996.6300000000000000,5993.2600
12104,,2954.1250000000000000,5908.2500
12103,,2998.8650000000000000,5997.7300
12102,,2951.5950000000000000,5903.1900
12101,,46.1350000000000000,92.2700
12100,,64.7350000000000000,129.4700
12099,,21.9950000000000000,43.9900
12098,,41.9850000000000000,83.9700
12097,,59.5500000000000000,238.2000
12096,,2950.2750000000000000,5900.5500
12095,,28.4650000000000000,56.9300
12094,,2981.2600000000000000,5962.5200
12093,,23.1400000000000000,46.2800
12092,,25.6350000000000000,51.2700
12091,,41.9850000000000000,83.9700
12090,,2350.9600000000000000,2350.9600
12089,,2355.0150000000000000,4710.0300
12088,,85.4700000000000000,170.9400
12087,,46.1350000000000000,92.2700
12086,,2294.9900000000000000,2294.9900
12085,,54.2300000000000000,108.4600
12084,,2992.6050000000000000,5985.2100
12083,,2996.6300000000000000,5993.2600
12082,,2956.6200000000000000,5913.2400
12081,,2366.9600000000000000,2366.9600
12080,,2354.9900000000000000,2354.9900
12079,,3004.1000000000000000,6008.2000
12078,,2987.6150000000000000,5975.2300
12077,,43.6700000000000000,174.6800
12076,,2936.6300000000000000,5873.2600
12075,,2966.6300000000000000,5933.2600
12074,,65.3450000000000000,261.3800
12073,,66.9800000000000000,133.9600
12072,,2975.5900000000000000,5951.1800
12071,,2986.6200000000000000,5973.2400
12070,,42.4950000000000000,84.9900
12069,,2948.7650000000000000,5897.5300
12068,,46.9900000000000000,93.9800
12067,,66.9800000000000000,133.9600
12066,,42.4950000000000000,84.9900
12065,,46.1350000000000000,92.2700
12064,,61.2100000000000000,122.4200
12063,,42.4950000000000000,84.9900
12062,,43.6400000000000000,87.2800
12061,,35.0425000000000000,140.1700
12060,,2405.7700000000000000,4811.5400
12059,,2965.1150000000000000,5930.2300
12058,,2968.1000000000000000,5936.2000
12057,,43.6400000000000000,87.2800
12056,,63.4750000000000000,253.9000
12055,,26.0475000000000000,104.1900
12054,,80.5060000000000000,402.5300
12053,,2986.6200000000000000,5973.2400
12052,,2967.7750000000000000,5935.5500
12051,,44.9900000000000000,89.9800
12050,,3011.8650000000000000,6023.7300
12049,,85.7200000000000000,171.4400
12048,,66.9800000000000000,133.9600
12047,,21.9950000000000000,43.9900
12046,,21.9950000000000000,43.9900
12045,,32.9850000000000000,65.9700
12044,,52.9750000000000000,105.9500
12043,,51.9850000000000000,103.9700
12042,,2987.6150000000000000,5975.2300
12041,,2999.1150000000000000,5998.2300
12040,,25.6350000000000000,51.2700
12039,,2737.6666666666666667,8213.0000
12038,,30.5833333333333333,91.7500
12037,,2369.0333333333333333,7107.1000
12036,,23.1833333333333333,69.5500
12035,,27.0800000000000000,81.2400
12034,,24.8466666666666667,74.5400
12033,,2974.6150000000000000,5949.2300
12032,,614.9600000000000000,614.9600
12031,,769.4900000000000000,769.4900
12030,,2985.1150000000000000,5970.2300
12029,,54.9700000000000000,54.9700
12028,,39.9900000000000000,39.9900
12027,,2956.6200000000000000,5913.2400
12026,,2988.3700000000000000,5976.7400
12025,,2955.2750000000000000,5910.5500
12024,,41.9850000000000000,83.9700
12023,,2966.6300000000000000,5933.2600
12022,,68.1250000000000000,136.2500
12021,,2021.7300000000000000,4043.4600
12020,,804.4700000000000000,804.4700
12019,,74.9800000000000000,74.9800
12018,,3005.8700000000000000,6011.7400
12017,,2339.9700000000000000,2339.9700
12016,,2956.6200000000000000,5913.2400
12015,,61.9700000000000000,61.9700
12014,,1974.9850000000000000,3949.9700
12013,,1974.9850000000000000,3949.9700
12012,,24.6533333333333333,73.9600
12011,,1578.6033333333333333,4735.8100
12010,,2734.5000000000000000,8203.5000
12009,,2731.8333333333333333,8195.5000
12008,,26.7500000000000000,80.2500
12007,,2341.2600000000000000,7023.7800
12006,,48.2466666666666667,144.7400
12005,,2328.2700000000000000,6984.8100
12004,,2704.6800000000000000,8114.0400
12003,,2752.1666666666666667,8256.5000
12002,,2715.1100000000000000,8145.3300
12001,,2704.3366666666666667,8113.0100
12000,,2727.6666666666666667,8183.0000
11999,,2347.7566666666666667,7043.2700
11998,,2320.7000000000000000,6962.1000
11997,,2343.2600000000000000,7029.7800
11996,,2352.9000000000000000,7058.7000
11995,,2749.6700000000000000,8249.0100
11994,,2723.0100000000000000,8169.0300
11993,,2710.4400000000000000,8131.3200
11992,,2707.6766666666666667,8123.0300
11991,,2709.3400000000000000,8128.0200
11990,,2721.3366666666666667,8164.0100
11989,,2713.1766666666666667,8139.5300
11988,,2692.6733333333333333,8078.0200
11987,,93.0766666666666667,279.2300
11986,,2748.4100000000000000,8245.2300
11985,,44.9900000000000000,89.9800
11984,,2365.1600000000000000,4730.3200
11983,,2936.6300000000000000,5873.2600
11982,,52.6300000000000000,105.2600
11981,,59.8800000000000000,119.7600
11980,,54.2300000000000000,108.4600
11979,,2406.8800000000000000,4813.7600
11978,,37.4900000000000000,74.9800
11977,,2737.5000000000000000,8212.5000
11976,,2695.7700000000000000,8087.3100
11975,,104.4800000000000000,208.9600
11974,,56.7250000000000000,113.4500
11973,,44.4800000000000000,88.9600
11972,,32.6250000000000000,65.2500
11971,,67.2300000000000000,134.4600
11970,,54.9850000000000000,109.9700
11969,,2724.3400000000000000,8173.0200
11968,,2693.0166666666666667,8079.0500
11967,,2717.6733333333333333,8153.0200
11966,,18.5866666666666667,55.7600
11965,,39.5800000000000000,118.7400
11964,,2724.5100000000000000,8173.5300
11963,,2689.3433333333333333,8068.0300
11962,,51.4850000000000000,102.9700
11961,,36.1400000000000000,72.2800
11960,,37.4900000000000000,74.9800
11959,,69.2400000000000000,138.4800
11958,,79.9800000000000000,159.9600
11957,,45.6250000000000000,91.2500
11956,,2936.6300000000000000,5873.2600
11955,,2976.6250000000000000,5953.2500
11954,,2955.2750000000000000,5910.5500
11953,,32.6250000000000000,65.2500
11952,,2723.0000000000000000,8169.0000
11951,,21.1733333333333333,63.5200
11950,,54.9850000000000000,109.9700
11949,,34.9950000000000000,69.9900
11948,,41.1300000000000000,82.2600
11947,,1582.4333333333333333,4747.3000
11946,,1565.7700000000000000,4697.3100
11945,,2955.2750000000000000,5910.5500
11944,,1592.0900000000000000,4776.2700
11943,,1578.0966666666666667,4734.2900
11942,,1597.4300000000000000,4792.2900
11941,,54.4800000000000000,108.9600
11940,,34.9950000000000000,69.9900
11939,,2988.3700000000000000,5976.7400
11938,,21.4750000000000000,42.9500
11937,,2944.1200000000000000,5888.2400
11936,,42.2800000000000000,42.2800
11935,,35.0000000000000000,35.0000
11934,,2997.3600000000000000,5994.7200
11933,,2966.6300000000000000,5933.2600
11932,,68.1250000000000000,136.2500
11931,,117.2200000000000000,234.4400
11930,,1678.6033333333333333,5035.8100
11929,,1655.2600000000000000,4965.7800
11928,,23.9700000000000000,47.9400
11927,,25.9700000000000000,51.9400
11926,,23.9700000000000000,47.9400
11925,,2984.1150000000000000,5968.2300
11924,,2948.6150000000000000,5897.2300
11923,,21.4750000000000000,42.9500
11922,,55.1000000000000000,275.5000
11921,,21.0800000000000000,63.2400
11920,,2718.7733333333333333,8156.3200
11919,,2723.8400000000000000,8171.5200
11918,,2734.9966666666666667,8204.9900
11917,,2707.1100000000000000,8121.3300
11916,,2726.1700000000000000,8178.5100
11915,,2714.3333333333333333,8143.0000
11914,,2721.9866666666666667,8165.9600
11913,,13.7533333333333333,41.2600
11912,,2698.4400000000000000,8095.3200
11911,,20.8200000000000000,62.4600
11910,,2704.3433333333333333,8113.0300
11909,,2701.7700000000000000,8105.3100
11908,,2693.0166666666666667,8079.0500
11907,,2711.7766666666666667,8135.3300
11906,,2717.0000000000000000,8151.0000
11905,,2718.6600000000000000,8155.9800
11904,,2738.1666666666666667,8214.5000
11903,,2702.6800000000000000,8108.0400
11902,,21.0133333333333333,63.0400
11901,,2749.3366666666666667,8248.0100
11900,,2752.3366666666666667,8257.0100
11899,,2729.8333333333333333,8189.5000
11898,,2726.3433333333333333,8179.0300
11897,,2734.3400000000000000,8203.0200
11896,,2705.9900000000000000,8117.9700
11895,,2716.3466666666666667,8149.0400
11894,,2741.0000000000000000,8223.0000
11893,,2707.6766666666666667,8123.0300
11892,,2706.3433333333333333,8119.0300
11891,,54.9850000000000000,109.9700
11890,,65.2200000000000000,130.4400
11889,,25.1150000000000000,50.2300
11888,,2376.9600000000000000,2376.9600
11887,,41.4650000000000000,82.9300
11886,,2948.7650000000000000,5897.5300
11885,,2950.2750000000000000,5900.5500
11884,,54.9850000000000000,109.9700
11883,,38.6350000000000000,77.2700
11882,,23.9700000000000000,47.9400
11881,,74.2000000000000000,148.4000
11880,,25.1150000000000000,50.2300
11879,,53.7100000000000000,107.4200
11878,,41.4650000000000000,82.9300
11877,,21.4750000000000000,42.9500
11876,,41.4650000000000000,82.9300
11875,,58.5400000000000000,292.7000
11874,,36.1050000000000000,72.2100
11873,,2961.6150000000000000,5923.2300
11872,,2974.1200000000000000,5948.2400
11871,,34.9950000000000000,69.9900
11870,,121.1350000000000000,242.2700
11869,,53.8160000000000000,269.0800
11868,,49.4020000000000000,247.0100
11867,,41.4650000000000000,82.9300
11866,,21.4750000000000000,42.9500
11865,,57.4600000000000000,114.9200
11864,,23.9700000000000000,47.9400
11863,,23.9700000000000000,47.9400
11862,,104.6150000000000000,209.2300
11861,,57.2600000000000000,286.3000
11860,,34.9950000000000000,69.9900
11859,,36.1400000000000000,72.2800
11858,,42.4950000000000000,84.9900
11857,,62.4850000000000000,124.9700
11856,,66.9800000000000000,133.9600
11855,,44.9900000000000000,89.9800
11854,,2992.6000000000000000,5985.2000
11853,,44.9900000000000000,89.9800
11852,,62.4850000000000000,124.9700
11851,,42.4950000000000000,84.9900
11850,,74.7300000000000000,149.4600
11849,,128.9850000000000000,257.9700
11848,,46.1350000000000000,92.2700
11847,,62.4850000000000000,124.9700
11846,,42.4950000000000000,84.9900
11845,,49.3000000000000000,197.2000
11844,,62.4850000000000000,124.9700
11843,,58.3800000000000000,116.7600
11842,,49.4850000000000000,98.9700
11841,,61.5940000000000000,307.9700
11840,,43.6400000000000000,87.2800
11839,,2977.6150000000000000,5955.2300
11838,,67.6050000000000000,135.2100
11837,,2961.6150000000000000,5923.2300
11836,,34.9950000000000000,69.9900
11835,,2386.1500000000000000,4772.3000
11834,,2954.1250000000000000,5908.2500
11833,,48.0020000000000000,240.0100
11832,,62.4850000000000000,124.9700
11831,,2966.6250000000000000,5933.2500
11830,,2965.1150000000000000,5930.2300
11829,,65.4700000000000000,130.9400
11828,,46.9900000000000000,93.9800
11827,,102.4940000000000000,512.4700
11826,,2949.1300000000000000,5898.2600
11825,,2950.2750000000000000,5900.5500
11824,,48.0020000000000000,240.0100
11823,,52.4840000000000000,262.4200
11822,,43.6400000000000000,87.2800
11821,,75.7150000000000000,151.4300
11820,,46.5420000000000000,232.7100
11819,,48.1350000000000000,96.2700
11818,,2977.1100000000000000,5954.2200
11817,,2949.1300000000000000,5898.2600
11816,,2966.6250000000000000,5933.2500
11815,,2974.1200000000000000,5948.2400
11814,,50.6300000000000000,101.2600
11813,,2976.6250000000000000,5953.2500
11812,,2950.2750000000000000,5900.5500
11811,,2949.1300000000000000,5898.2600
11810,,2986.6200000000000000,5973.2400
11809,,2964.6150000000000000,5929.2300
11808,,122.0380000000000000,610.1900
11807,,76.7300000000000000,153.4600
11806,,48.1350000000000000,96.2700
11805,,64.4850000000000000,128.9700
11804,,66.9800000000000000,133.9600
11803,,114.9750000000000000,229.9500
11802,,43.0580000000000000,215.2900
11801,,43.6400000000000000,87.2800
11800,,38.6350000000000000,77.2700
11799,,2960.5950000000000000,5921.1900
11798,,2976.6250000000000000,5953.2500
11797,,2986.3650000000000000,5972.7300
11796,,2997.6000000000000000,5995.2000
11795,,37.4900000000000000,74.9800
11794,,38.6350000000000000,77.2700
11793,,50.9800000000000000,101.9600
11792,,59.9900000000000000,119.9800
11791,,59.9900000000000000,119.9800
11790,,73.4750000000000000,146.9500
11789,,36.1400000000000000,72.2800
11788,,127.6350000000000000,255.2700
11787,,54.9850000000000000,109.9700
11786,,63.4800000000000000,126.9600
11785,,37.4900000000000000,74.9800
11784,,54.5380000000000000,272.6900
11783,,54.9850000000000000,109.9700
11782,,75.8750000000000000,151.7500
11781,,67.2300000000000000,134.4600
11780,,2986.6200000000000000,5973.2400
11779,,2936.6300000000000000,5873.2600
11778,,2936.6300000000000000,5873.2600
11777,,2957.7650000000000000,5915.5300
11776,,3039.6200000000000000,6079.2400
11775,,2956.6250000000000000,5913.2500
11774,,2950.2750000000000000,5900.5500
11773,,2991.8700000000000000,5983.7400
11772,,2956.6200000000000000,5913.2400
11771,,47.2400000000000000,94.4800
11770,,38.6350000000000000,77.2700
11769,,95.7900000000000000,478.9500
11768,,2713.0133333333333333,8139.0400
11767,,2773.1700000000000000,8319.5100
11766,,2760.1600000000000000,8280.4800
11765,,2714.3433333333333333,8143.0300
11764,,2709.6733333333333333,8129.0200
11763,,25.5500000000000000,76.6500
11762,,2742.6700000000000000,8228.0100
11761,,2716.4966666666666667,8149.4900
11760,,91.6400000000000000,274.9200
11759,,2684.6833333333333333,8054.0500
11758,,19.3500000000000000,58.0500
11757,,19.3500000000000000,58.0500
11756,,2692.6733333333333333,8078.0200
11755,,15.4166666666666667,46.2500
11754,,2721.1766666666666667,8163.5300
11753,,15.9733333333333333,47.9200
11752,,45.9566666666666667,137.8700
11751,,2738.3400000000000000,8215.0200
11750,,2716.0066666666666667,8148.0200
11749,,15.9733333333333333,47.9200
11748,,26.3080000000000000,131.5400
11747,,57.9800000000000000,115.9600
11746,,38.6350000000000000,77.2700
11745,,2974.1150000000000000,5948.2300
11744,,36.1400000000000000,72.2800
11743,,2949.1300000000000000,5898.2600
11742,,2957.7700000000000000,5915.5400
11741,,3039.6200000000000000,6079.2400
11740,,76.8180000000000000,384.0900
11739,,2379.0150000000000000,4758.0300
11738,,66.3360000000000000,331.6800
11737,,38.6350000000000000,77.2700
11736,,83.2250000000000000,166.4500
11735,,54.9850000000000000,109.9700
11734,,67.8900000000000000,135.7800
11733,,97.4900000000000000,194.9800
11732,,86.7350000000000000,173.4700
11731,,60.7250000000000000,121.4500
11730,,67.2300000000000000,134.4600
11729,,79.9800000000000000,159.9600
11728,,54.9850000000000000,109.9700
11727,,2981.1200000000000000,5962.2400
11726,,111.7200000000000000,223.4400
11725,,61.9550000000000000,123.9100
11724,,42.0180000000000000,210.0900
11723,,38.5060000000000000,192.5300
11722,,76.7300000000000000,153.4600
11721,,52.6300000000000000,105.2600
11720,,58.9750000000000000,117.9500
11719,,57.4400000000000000,287.2000
11718,,50.1350000000000000,100.2700
11717,,96.2350000000000000,192.4700
11716,,48.1350000000000000,96.2700
11715,,71.9850000000000000,143.9700
11714,,46.9900000000000000,93.9800
11713,,95.9750000000000000,191.9500
11712,,25.5600000000000000,127.8000
11711,,40.8807407407407407,1103.7800
11710,,48.9900000000000000,97.9800
11709,,65.1780000000000000,325.8900
11708,,2954.2500000000000000,5908.5000
11707,,3012.6100000000000000,6025.2200
11706,,44.4950000000000000,88.9900
11705,,2970.2700000000000000,5940.5400
11704,,46.9900000000000000,93.9800
11703,,50.1350000000000000,100.2700
11702,,48.1350000000000000,96.2700
11701,,64.4850000000000000,128.9700
11700,,68.9800000000000000,137.9600
11699,,61.1250000000000000,122.2500
11698,,51.1880000000000000,255.9400
11697,,76.4800000000000000,152.9600
11696,,2936.6300000000000000,5873.2600
11695,,64.4850000000000000,128.9700
11694,,64.4850000000000000,128.9700
11693,,2294.9900000000000000,2294.9900
11692,,46.9900000000000000,93.9800
11691,,59.9800000000000000,119.9600
11690,,2952.1150000000000000,5904.2300
11689,,44.4950000000000000,88.9900
11688,,2983.6150000000000000,5967.2300
11687,,48.9900000000000000,97.9800
11686,,64.4850000000000000,128.9700
11685,,55.4600000000000000,110.9200
11684,,46.9900000000000000,93.9800
11683,,2948.6150000000000000,5897.2300
11682,,126.4900000000000000,252.9800
11681,,68.9800000000000000,137.9600
11680,,46.9900000000000000,93.9800
11679,,72.9800000000000000,145.9600
11678,,2950.2750000000000000,5900.5500
11677,,59.6420000000000000,298.2100
11676,,45.6400000000000000,91.2800
11675,,2949.1300000000000000,5898.2600
11674,,48.1350000000000000,96.2700
11673,,95.9750000000000000,191.9500
11672,,56.7400000000000000,113.4800
11671,,2985.1150000000000000,5970.2300
11670,,50.1350000000000000,100.2700
11669,,56.6050000000000000,113.2100
11668,,64.4850000000000000,128.9700
11667,,45.6400000000000000,91.2800
11666,,2974.1200000000000000,5948.2400
11665,,2965.1150000000000000,5930.2300
11664,,2974.1200000000000000,5948.2400
11663,,2974.1200000000000000,5948.2400
11662,,50.1350000000000000,100.2700
11661,,57.5400000000000000,287.7000
11660,,64.9440000000000000,324.7200
11659,,47.0020000000000000,235.0100
11658,,55.9800000000000000,111.9600
11657,,89.4800000000000000,178.9600
11656,,38.6350000000000000,77.2700
11655,,25.1150000000000000,50.2300
11654,,2977.6150000000000000,5955.2300
11653,,89.4800000000000000,178.9600
11652,,62.1860000000000000,310.9300
11651,,45.2860000000000000,226.4300
11650,,64.4850000000000000,128.9700
11649,,45.6400000000000000,91.2800
11648,,44.4950000000000000,88.9900
11647,,2365.9400000000000000,2365.9400
11646,,56.7400000000000000,113.4800
11645,,76.7300000000000000,153.4600
11644,,21.1400000000000000,42.2800
11643,,50.1100000000000000,100.2200
11642,,96.3740000000000000,481.8700
11641,,60.6400000000000000,303.2000
11640,,81.8240000000000000,409.1200
11639,,63.6300000000000000,127.2600
11638,,38.6350000000000000,77.2700
11637,,19.7900000000000000,39.5800
11636,,38.6350000000000000,77.2700
11635,,21.1400000000000000,42.2800
11634,,19.7900000000000000,39.5800
11633,,38.6350000000000000,77.2700
11632,,62.6306250000000000,1002.0900
11631,,44.2187500000000000,707.5000
11630,,2966.6300000000000000,5933.2600
11629,,2965.1150000000000000,5930.2300
11628,,2937.7750000000000000,5875.5500
11627,,25.1150000000000000,50.2300
11626,,2979.3700000000000000,5958.7400
11625,,2956.6250000000000000,5913.2500
11624,,2949.1300000000000000,5898.2600
11623,,2974.1200000000000000,5948.2400
11622,,66.8750000000000000,133.7500
11621,,61.6200000000000000,123.2400
11620,,22.2850000000000000,44.5700
11619,,39.6775000000000000,634.8400
11618,,2369.9600000000000000,2369.9600
11617,,2967.7750000000000000,5935.5500
11616,,1751.2165333333333333,5253.6496
11615,,1735.2365333333333333,5205.7096
11614,,2219.0291000000000000,4438.0582
11613,,2190.6948000000000000,4381.3896
11612,,2265.0394000000000000,6795.1182
11611,,2936.6300000000000000,5873.2600
11610,,2262.1465333333333333,6786.4396
11609,,2290.7027333333333333,6872.1082
11608,,34.9900000000000000,34.9900
11607,,2956.6200000000000000,5913.2400
11606,,2961.1150000000000000,5922.2300
11605,,2172.0441000000000000,4344.0882
11604,,2262.0394000000000000,6786.1182
11603,,2255.7127333333333333,6767.1382
11602,,34.9900000000000000,34.9900
11601,,2966.1100000000000000,5932.2200
11600,,34.9900000000000000,34.9900
11599,,2978.6100000000000000,5957.2200
11598,,2274.3498000000000000,4548.6996
11597,,34.9900000000000000,34.9900
11596,,49.9700000000000000,49.9700
11595,,34.9900000000000000,34.9900
11594,,88.9800000000000000,88.9800
11593,,2954.1250000000000000,5908.2500
11592,,2937.7750000000000000,5875.5500
11591,,2947.6200000000000000,5895.2400
11590,,2192.0341000000000000,4384.0682
11589,,14.9800000000000000,14.9800
11588,,2184.5441000000000000,4369.0882
11587,,2270.1891000000000000,4540.3782
11586,,8.9900000000000000,8.9900
11585,,49.9900000000000000,49.9900
11584,,8.9900000000000000,8.9900
11583,,2190.6948000000000000,4381.3896
11582,,2189.5391000000000000,4379.0782
11581,,47.4380000000000000,237.1900
11580,,34.9900000000000000,34.9900
11579,,43.9800000000000000,43.9800
11578,,2203.1948000000000000,4406.3896
11577,,2172.0441000000000000,4344.0882
11576,,2243.2048000000000000,4486.4096
11575,,2268.7060666666666667,6806.1182
11574,,34.9900000000000000,34.9900
11573,,34.9900000000000000,34.9900
11572,,2225.1848000000000000,4450.3696
11571,,2195.3398000000000000,4390.6796
11570,,2195.7048000000000000,4391.4096
11569,,34.9900000000000000,34.9900
11568,,2263.1532000000000000,6789.4596
11567,,53.9900000000000000,53.9900
11566,,40.2732000000000000,1006.8300
11565,,34.9900000000000000,34.9900
11564,,2184.5441000000000000,4369.0882
11563,,53.9900000000000000,53.9900
11562,,84.9800000000000000,84.9800
11561,,2172.0441000000000000,4344.0882
11560,,53.9900000000000000,53.9900
11559,,34.9900000000000000,34.9900
11558,,21.4900000000000000,21.4900
11557,,21.4900000000000000,21.4900
11556,,21.4900000000000000,21.4900
11555,,34.9900000000000000,34.9900
11554,,34.9900000000000000,34.9900
11553,,21.4900000000000000,21.4900
11552,,34.9900000000000000,34.9900
11551,,53.9900000000000000,53.9900
11550,,1747.1427333333333333,5241.4282
11549,,2341.2566666666666667,7023.7700
11548,,2356.0900000000000000,7068.2700
11547,,1658.7932000000000000,4976.3796
11546,,2230.1898000000000000,4460.3796
11545,,53.9900000000000000,53.9900
11544,,88.9800000000000000,88.9800
11543,,53.9900000000000000,53.9900
11542,,34.4700000000000000,34.4700
11541,,2986.6200000000000000,5973.2400
11540,,2979.0900000000000000,5958.1800
11539,,2998.8650000000000000,5997.7300
11538,,2947.6200000000000000,5895.2400
11537,,2936.6300000000000000,5873.2600
11536,,2957.7700000000000000,5915.5400
11535,,2959.6050000000000000,5919.2100
11534,,2959.8650000000000000,5919.7300
11533,,18.6450000000000000,37.2900
11532,,22.2850000000000000,44.5700
11531,,2937.7750000000000000,5875.5500
11530,,35.8625000000000000,573.8000
11529,,2972.1050000000000000,5944.2100
11528,,2979.8550000000000000,5959.7100
11527,,19.7900000000000000,39.5800
11526,,2376.9600000000000000,2376.9600
11525,,2967.7750000000000000,5935.5500
11524,,21.1400000000000000,42.2800
11523,,2376.9600000000000000,2376.9600
11522,,2944.1200000000000000,5888.2400
11521,,22.2850000000000000,44.5700
11520,,51.4356250000000000,822.9700
11519,,47.3293750000000000,757.2700
11518,,41.1000000000000000,82.2000
11517,,50.8800000000000000,101.7600
11516,,2957.7700000000000000,5915.5400
11515,,2965.1150000000000000,5930.2300
11514,,39.9900000000000000,39.9900
11513,,863.9500000000000000,863.9500
11512,,2319.9900000000000000,2319.9900
11511,,35.0000000000000000,35.0000
11510,,51.6300000000000000,258.1500
11509,,196.2900000000000000,196.2900
11508,,38.6350000000000000,77.2700
11507,,40.8162500000000000,653.0600
11506,,46.7875000000000000,748.6000
11505,,52.9231250000000000,846.7700
11504,,22.2850000000000000,44.5700
11503,,30.8900000000000000,61.7800
11502,,64.1431250000000000,1026.2900
11501,,54.5156250000000000,872.2500
11500,,40.8918750000000000,654.2700
11499,,96.1050000000000000,192.2100
11498,,35.0956250000000000,561.5300
11497,,34.9900000000000000,34.9900
11496,,2337.9300000000000000,7013.7900
11495,,13.9800000000000000,13.9800
11494,,2324.6033333333333333,6973.8100
11493,,2319.6000000000000000,6958.8000
11492,,2202.0391000000000000,4404.0782
11491,,2719.3366666666666667,8158.0100
11490,,53.9900000000000000,53.9900
11489,,2709.1700000000000000,8127.5100
11488,,2696.7766666666666667,8090.3300
11487,,53.9900000000000000,53.9900
11486,,34.9900000000000000,34.9900
11485,,2349.4333333333333333,7048.3000
11484,,1661.7932000000000000,4985.3796
11483,,1655.4632000000000000,4966.3896
11482,,2714.3433333333333333,8143.0300
11481,,1659.3494000000000000,4978.0482
11480,,1645.1198666666666667,4935.3596
11479,,1656.8698666666666667,4970.6096
11478,,53.9900000000000000,53.9900
11477,,34.9900000000000000,34.9900
11476,,53.9900000000000000,53.9900
11475,,69.4600000000000000,69.4600
11474,,49.9700000000000000,49.9700
11473,,62.9800000000000000,62.9800
11472,,2721.9400000000000000,8165.8200
11471,,53.9900000000000000,53.9900
11470,,2172.0441000000000000,4344.0882
11469,,25.4800000000000000,25.4800
11468,,2319.9400000000000000,6959.8200
11467,,18.6233333333333333,55.8700
11466,,30.0633333333333333,90.1900
11465,,2719.3466666666666667,8158.0400
11464,,2709.5033333333333333,8128.5100
11463,,15.9733333333333333,47.9200
11462,,2705.4433333333333333,8116.3300
11461,,2696.3466666666666667,8089.0400
11460,,2712.5066666666666667,8137.5200
11459,,2713.7766666666666667,8141.3300
11458,,32.2966666666666667,96.8900
11457,,2737.1600000000000000,8211.4800
11456,,2741.4866666666666667,8224.4600
11455,,2714.0100000000000000,8142.0300
11454,,2696.3466666666666667,8089.0400
11453,,2725.6600000000000000,8176.9800
11452,,2727.6800000000000000,8183.0400
11451,,2749.8300000000000000,8249.4900
11450,,2724.4200000000000000,8173.2600
11449,,2710.1066666666666667,8130.3200
11448,,2710.6700000000000000,8132.0100
11447,,2692.6733333333333333,8078.0200
11446,,2745.6700000000000000,8237.0100
11445,,2699.3433333333333333,8098.0300
11444,,2712.0066666666666667,8136.0200
11443,,2745.0000000000000000,8235.0000
11442,,34.9900000000000000,34.9900
11441,,43.9800000000000000,43.9800
11440,,78.4800000000000000,78.4800
11439,,2081.5282666666666667,12489.1696
11438,,34.9900000000000000,34.9900
11437,,53.9900000000000000,53.9900
11436,,40.8800000000000000,81.7600
11435,,34.9900000000000000,34.9900
11434,,35.2300000000000000,70.4600
11433,,2151.6113666666666667,12909.6682
11432,,1555.0332666666666667,9330.1996
11431,,2478.2450000000000000,9912.9800
11430,,84.9800000000000000,84.9800
11429,,1744.7299333333333333,10468.3796
11428,,2488.5650000000000000,9954.2600
11427,,2479.4975000000000000,9917.9900
11426,,34.9900000000000000,34.9900
11425,,1754.7713666666666667,10528.6282
11424,,43.9800000000000000,43.9800
11423,,2476.2425000000000000,9904.9700
11422,,1768.8175000000000000,7075.2700
11421,,2445.0100000000000000,9780.0400
11420,,1600.1099428571428571,11200.7696
11419,,115.8750000000000000,231.7500
11418,,39.9800000000000000,39.9800
11417,,1606.9226000000000000,11248.4582
11416,,1642.6860666666666667,4928.0582
11415,,13.9800000000000000,13.9800
11414,,1797.9425000000000000,7191.7700
11413,,1797.4375000000000000,7189.7500
11412,,2469.9900000000000000,9879.9600
11411,,38.4700000000000000,38.4700
11410,,2232.0341000000000000,4464.0682
11409,,2222.0341000000000000,4444.0682
11408,,34.4700000000000000,34.4700
11407,,53.9900000000000000,53.9900
11406,,2207.5191000000000000,4415.0382
11405,,53.9900000000000000,53.9900
11404,,33.9800000000000000,33.9800
11403,,1677.7132000000000000,5033.1396
11402,,1686.4432000000000000,5059.3296
11401,,1673.6232000000000000,5020.8696
11400,,2322.5933333333333333,6967.7800
11399,,13.9800000000000000,13.9800
11398,,2704.6800000000000000,8114.0400
11397,,38.4700000000000000,38.4700
11396,,28.9900000000000000,28.9900
11395,,2864.9850000000000000,5729.9700
11394,,2720.6566666666666667,8161.9700
11393,,13.9800000000000000,13.9800
11392,,28.9900000000000000,28.9900
11391,,33.9800000000000000,33.9800
11390,,48.9700000000000000,48.9700
11389,,68.9700000000000000,68.9700
11388,,2328.9166666666666667,6986.7500
11387,,2319.6000000000000000,6958.8000
11386,,68.9700000000000000,68.9700
11385,,13.9800000000000000,13.9800
11384,,48.9700000000000000,48.9700
11383,,48.9700000000000000,48.9700
11382,,2172.0441000000000000,4344.0882
11381,,2720.3400000000000000,8161.0200
11380,,2918.9550000000000000,5837.9100
11379,,2213.0291000000000000,4426.0582
11378,,2218.1948000000000000,4436.3896
11377,,83.9700000000000000,83.9700
11376,,78.4800000000000000,78.4800
11375,,13.9800000000000000,13.9800
11374,,68.9700000000000000,68.9700
11373,,38.4700000000000000,38.4700
11372,,1655.2700000000000000,4965.8100
11371,,37.4900000000000000,74.9800
11370,,39.9850000000000000,79.9700
11369,,59.4800000000000000,118.9600
11368,,1702.0800000000000000,5106.2400
11367,,43.1300000000000000,86.2600
11366,,38.6350000000000000,77.2700
11365,,1674.9300000000000000,5024.7900
11364,,1640.6066666666666667,4921.8200
11363,,1678.6033333333333333,5035.8100
11362,,38.6350000000000000,77.2700
11361,,57.4800000000000000,114.9600
11360,,1675.2666666666666667,5025.8000
11359,,1653.3566666666666667,4960.0700
11358,,1678.2600000000000000,5034.7800
11357,,1647.9333333333333333,4943.8000
11356,,1689.7633333333333333,5069.2900
11355,,13.9800000000000000,13.9800
11354,,22.9700000000000000,22.9700
11353,,2692.6733333333333333,8078.0200
11352,,13.9800000000000000,13.9800
11351,,2689.3433333333333333,8068.0300
11350,,38.4700000000000000,38.4700
11349,,67.9700000000000000,67.9700
11348,,67.9700000000000000,67.9700
11347,,13.9800000000000000,13.9800
11346,,2251.5241000000000000,4503.0482
11345,,2202.0441000000000000,4404.0882
11344,,2706.6033333333333333,8119.8100
11343,,2740.6633333333333333,8221.9900
11342,,48.9700000000000000,48.9700
11341,,2730.6666666666666667,8192.0000
11340,,2206.5291000000000000,4413.0582
11339,,2189.5391000000000000,4379.0782
11338,,2872.4750000000000000,5744.9500
11337,,2720.6666666666666667,8162.0000
11336,,2220.6898000000000000,4441.3796
11335,,2872.1250000000000000,5744.2500
11334,,2718.0066666666666667,8154.0200
11333,,2721.1033333333333333,8163.3100
11332,,2877.4850000000000000,5754.9700
11331,,49.2337037037037037,1329.3100
11330,,42.0870370370370370,1136.3500
11329,,2949.1300000000000000,5898.2600
11328,,2359.0200000000000000,4718.0400
11327,,2957.7700000000000000,5915.5400
11326,,2974.1200000000000000,5948.2400
11325,,3022.1000000000000000,6044.2000
11324,,2972.6150000000000000,5945.2300
11323,,3037.2700000000000000,6074.5400
11322,,22.2850000000000000,44.5700
11321,,18.6450000000000000,37.2900
11320,,36.1050000000000000,72.2100
11319,,2965.1150000000000000,5930.2300
11318,,22.2850000000000000,44.5700
11317,,2936.6300000000000000,5873.2600
11316,,2349.9800000000000000,2349.9800
11315,,21.1400000000000000,42.2800
11314,,23.7650000000000000,47.5300
11313,,22.2850000000000000,44.5700
11312,,21.1400000000000000,42.2800
11311,,38.6350000000000000,77.2700
11310,,38.6350000000000000,77.2700
11309,,21.1400000000000000,42.2800
11308,,47.1300000000000000,94.2600
11307,,2982.1100000000000000,5964.2200
11306,,21.1400000000000000,42.2800
11305,,38.6350000000000000,77.2700
11304,,61.1050000000000000,122.2100
11303,,2937.7750000000000000,5875.5500
11302,,2969.0950000000000000,5938.1900
11301,,65.6300000000000000,131.2600
11300,,55.5748148148148148,1500.5200
11299,,3007.6200000000000000,6015.2400
11298,,2961.1150000000000000,5922.2300
11297,,2974.1200000000000000,5948.2400
11296,,2948.7650000000000000,5897.5300
11295,,3029.1250000000000000,6058.2500
11294,,21.1400000000000000,42.2800
11293,,42.6100000000000000,85.2200
11292,,2955.1100000000000000,5910.2200
11291,,2936.6300000000000000,5873.2600
11290,,2966.6250000000000000,5933.2500
11289,,2952.7400000000000000,5905.4800
11288,,38.6350000000000000,77.2700
11287,,43.2248148148148148,1167.0700
11286,,2977.1100000000000000,5954.2200
11285,,63.8800000000000000,127.7600
11284,,27.7400000000000000,55.4800
11283,,22.2850000000000000,44.5700
11282,,2999.3650000000000000,5998.7300
11281,,2960.5950000000000000,5921.1900
11280,,38.6350000000000000,77.2700
11279,,22.2850000000000000,44.5700
11278,,2954.1250000000000000,5908.2500
11277,,53.1477777777777778,1434.9900
11276,,36.6044444444444444,988.3200
11275,,2977.6150000000000000,5955.2300
11274,,2944.1200000000000000,5888.2400
11273,,136.6150000000000000,273.2300
11272,,2987.6150000000000000,5975.2300
11271,,2986.6200000000000000,5973.2400
11270,,2992.1100000000000000,5984.2200
11269,,21.1400000000000000,42.2800
11268,,49.1250000000000000,98.2500
11267,,2971.6150000000000000,5943.2300
11266,,2961.1150000000000000,5922.2300
11265,,2351.9600000000000000,2351.9600
11264,,1591.1350000000000000,3182.2700
11263,,2251.3533333333333333,6754.0600
11262,,41.7340740740740741,1126.8200
11261,,2216.8666666666666667,6650.6000
11260,,40.6300000000000000,81.2600
11259,,2256.8666666666666667,6770.6000
11258,,24.6150000000000000,49.2300
11257,,2225.7933333333333333,6677.3800
11256,,40.6300000000000000,81.2600
11255,,56.9800000000000000,113.9600
11254,,101.9600000000000000,203.9200
11253,,43.5381250000000000,696.6100
11252,,2228.5200000000000000,6685.5600
11251,,2318.9600000000000000,2318.9600
11250,,1779.0625000000000000,7116.2500
11249,,2472.5675000000000000,9890.2700
11248,,38.4700000000000000,38.4700
11247,,1782.8775000000000000,7131.5100
11246,,2643.8325000000000000,10575.3300
11245,,2645.0875000000000000,10580.3500
11244,,1793.9375000000000000,7175.7500
11243,,1791.0625000000000000,7164.2500
11242,,1581.1440285714285714,11068.0082
11241,,1638.4554571428571429,11469.1882
11240,,1896.5575000000000000,7586.2300
11239,,1877.8875000000000000,7511.5500
11238,,1885.6925000000000000,7542.7700
11237,,2641.5950000000000000,10566.3800
11236,,56.9800000000000000,113.9600
11235,,69.2250000000000000,138.4500
11234,,38.1350000000000000,76.2700
11233,,89.7150000000000000,179.4300
11232,,19.7900000000000000,39.5800
11231,,32.1300000000000000,64.2600
11230,,27.1100000000000000,54.2200
11229,,40.6300000000000000,81.2600
11228,,38.6350000000000000,77.2700
11227,,2955.1100000000000000,5910.2200
11226,,18.6450000000000000,37.2900
11225,,36.6250000000000000,73.2500
11224,,2228.5300000000000000,6685.5900
11223,,44.6437037037037037,1205.3800
11222,,103.9800000000000000,207.9600
11221,,23.1350000000000000,46.2700
11220,,25.1150000000000000,50.2300
11219,,19.7900000000000000,39.5800
11218,,19.7900000000000000,39.5800
11217,,2976.6250000000000000,5953.2500
11216,,2974.1200000000000000,5948.2400
11215,,67.9717647058823529,1155.5200
11214,,81.1400000000000000,162.2800
11213,,38.6350000000000000,77.2700
11212,,48.6582352941176471,827.1900
11211,,46.6794117647058824,793.5500
11210,,35.3800000000000000,70.7600
11209,,18.6450000000000000,37.2900
11208,,67.1150000000000000,134.2300
11207,,38.6350000000000000,77.2700
11206,,38.6350000000000000,77.2700
11205,,18.6450000000000000,37.2900
11204,,38.6350000000000000,77.2700
11203,,47.1629411764705882,801.7700
11202,,36.9900000000000000,73.9800
11201,,90.4700000000000000,180.9400
11200,,54.1992592592592593,1463.3800
11199,,65.8750000000000000,131.7500
11198,,49.2350000000000000,98.4700
11197,,103.7800000000000000,207.5600
11196,,81.1400000000000000,162.2800
11195,,52.8750000000000000,105.7500
11194,,52.8750000000000000,105.7500
11193,,20.6400000000000000,41.2800
11192,,56.9800000000000000,113.9600
11191,,2247.8600000000000000,6743.5800
11190,,23.1350000000000000,46.2700
11189,,2972.1100000000000000,5944.2200
11188,,40.6300000000000000,81.2600
11187,,53.7400000000000000,107.4800
11186,,20.6400000000000000,41.2800
11185,,59.8633333333333333,1616.3100
11184,,34.1250000000000000,68.2500
11183,,23.1350000000000000,46.2700
11182,,40.6300000000000000,81.2600
11181,,20.6400000000000000,41.2800
11180,,69.2250000000000000,138.4500
11179,,62.7200000000000000,125.4400
11178,,72.3800000000000000,144.7600
11177,,67.6250000000000000,135.2500
11176,,47.1432142857142857,1320.0100
11175,,2236.8500000000000000,6710.5500
11174,,24.2800000000000000,48.5600
11173,,51.2450000000000000,102.4900
11172,,64.4700000000000000,128.9400
11171,,2238.8500000000000000,6716.5500
11170,,78.6150000000000000,157.2300
11169,,40.6300000000000000,81.2600
11168,,1568.2950000000000000,3136.5900
11167,,1563.1650000000000000,3126.3300
11166,,43.9800000000000000,87.9600
11165,,51.2450000000000000,102.4900
11164,,72.3800000000000000,144.7600
11163,,23.1350000000000000,46.2700
11162,,2329.9800000000000000,2329.9800
11161,,46.9750000000000000,93.9500
11160,,2322.2800000000000000,2322.2800
11159,,24.2800000000000000,48.5600
11158,,2395.9600000000000000,2395.9600
11157,,20.6400000000000000,41.2800
11156,,2389.9700000000000000,2389.9700
11155,,2319.9900000000000000,2319.9900
11154,,2319.9900000000000000,2319.9900
11153,,54.8850000000000000,109.7700
11152,,2294.9900000000000000,2294.9900
11151,,2695.7700000000000000,8087.3100
11150,,64.1400000000000000,192.4200
11149,,13.7533333333333333,41.2600
11148,,42.0800000000000000,126.2400
11147,,2731.8333333333333333,8195.5000
11146,,37.6433333333333333,112.9300
11145,,2309.9700000000000000,2309.9700
11144,,2399.9700000000000000,2399.9700
11143,,24.2800000000000000,48.5600
11142,,57.6923529411764706,980.7700
11141,,56.9800000000000000,113.9600
11140,,39.9900000000000000,39.9900
11139,,41.9850000000000000,83.9700
11138,,39.4850000000000000,78.9700
11137,,101.2850000000000000,202.5700
11136,,2380.4700000000000000,2380.4700
11135,,2334.9700000000000000,2334.9700
11134,,1637.2766666666666667,4911.8300
11133,,71.9600000000000000,71.9600
11132,,2371.9400000000000000,2371.9400
11131,,33.1820000000000000,165.9100
11130,,37.2900000000000000,37.2900
11129,,2936.6300000000000000,5873.2600
11128,,71.9700000000000000,143.9400
11127,,21.9900000000000000,43.9800
11126,,1657.4566666666666667,4972.3700
11125,,26.5633333333333333,79.6900
11124,,2709.6733333333333333,8129.0200
11123,,49.9466666666666667,149.8400
11122,,14.3100000000000000,42.9300
11121,,19.3866666666666667,58.1600
11120,,2747.4966666666666667,8242.4900
11119,,42.6100000000000000,85.2200
11118,,41.2666666666666667,123.8000
11117,,2728.3300000000000000,8184.9900
11116,,49.5666666666666667,148.7000
11115,,37.9033333333333333,113.7100
11114,,40.9633333333333333,122.8900
11113,,36.6266666666666667,109.8800
11112,,2765.0066666666666667,8295.0200
11111,,2712.3333333333333333,8137.0000
11110,,2697.6766666666666667,8093.0300
11109,,2748.3366666666666667,8245.0100
11108,,2708.0133333333333333,8124.0400
11107,,2723.6700000000000000,8171.0100
11106,,2693.0166666666666667,8079.0500
11105,,2698.6633333333333333,8095.9900
11104,,2724.3433333333333333,8173.0300
11103,,2727.5000000000000000,8182.5000
11102,,34.3033333333333333,102.9100
11101,,2754.1733333333333333,8262.5200
11100,,2724.1700000000000000,8172.5100
11099,,2738.6633333333333333,8215.9900
11098,,29.6533333333333333,88.9600
11097,,2699.6766666666666667,8099.0300
11096,,2687.6800000000000000,8063.0400
11095,,2719.3366666666666667,8158.0100
11094,,78.6300000000000000,235.8900
11093,,2726.6666666666666667,8180.0000
11092,,2703.3400000000000000,8110.0200
11091,,42.4760714285714286,1189.3300
11090,,2234.6933333333333333,6704.0800
11089,,1594.1400000000000000,3188.2800
11088,,1588.3900000000000000,3176.7800
11087,,100.1400000000000000,200.2800
11086,,76.7250000000000000,153.4500
11085,,64.4800000000000000,128.9600
11084,,1539.3050000000000000,3078.6100
11083,,1568.6600000000000000,3137.3200
11082,,1555.4050000000000000,3110.8100
11081,,52.1300000000000000,104.2600
11080,,2734.6733333333333333,8204.0200
11079,,19.3166666666666667,57.9500
11078,,53.7217647058823529,913.2700
11077,,2723.0100000000000000,8169.0300
11076,,2719.6800000000000000,8159.0400
11075,,2689.3433333333333333,8068.0300
11074,,31.3966666666666667,94.1900
11073,,63.9666666666666667,191.9000
11072,,2731.3333333333333333,8194.0000
11071,,36.7433333333333333,110.2300
11070,,2721.8500000000000000,8165.5500
11069,,2701.3500000000000000,8104.0500
11068,,37.7866666666666667,113.3600
11067,,52.8750000000000000,105.7500
11066,,40.6300000000000000,81.2600
11065,,101.2850000000000000,202.5700
11064,,2304.9800000000000000,2304.9800
11063,,2372.9500000000000000,2372.9500
11062,,2351.9600000000000000,2351.9600
11061,,2709.6733333333333333,8129.0200
11060,,2717.6733333333333333,8153.0200
11059,,38.9766666666666667,116.9300
11058,,2749.3400000000000000,8248.0200
11057,,2696.0133333333333333,8088.0400
11056,,2735.8333333333333333,8207.5000
11055,,2722.6700000000000000,8168.0100
11054,,2741.0066666666666667,8223.0200
11053,,2329.9800000000000000,2329.9800
11052,,2710.4400000000000000,8131.3200
11051,,61.9750000000000000,123.9500
11050,,1669.1000000000000000,5007.3000
11049,,40.6300000000000000,81.2600
11048,,2166.0800000000000000,6498.2400
11047,,2194.1100000000000000,6582.3300
11046,,2205.6033333333333333,6616.8100
11045,,57.4800000000000000,114.9600
11044,,2171.7666666666666667,6515.3000
11043,,23.9900000000000000,47.9800
11042,,1556.1650000000000000,3112.3300
11041,,2380.4700000000000000,2380.4700
11040,,2350.9600000000000000,2350.9600
11039,,2212.1933333333333333,6636.5800
11038,,2145.7766666666666667,6437.3300
11037,,2374.2300000000000000,2374.2300
11036,,2354.9800000000000000,2354.9800
11035,,2150.4366666666666667,6451.3100
11034,,2163.7733333333333333,6491.3200
11033,,2165.0966666666666667,6495.2900
11032,,2175.1866666666666667,6525.5600
11031,,2159.5333333333333333,6478.6000
11030,,2157.1066666666666667,6471.3200
11029,,2188.4300000000000000,6565.2900
11028,,2158.2066666666666667,6474.6200
11027,,2197.1900000000000000,6591.5700
11026,,2191.9300000000000000,6575.7900
11025,,2192.2666666666666667,6576.8000
11024,,28.2550000000000000,56.5100
11023,,61.1200000000000000,122.2400
11022,,2322.2800000000000000,2322.2800
11021,,2371.9600000000000000,2371.9600
11020,,2316.9700000000000000,2316.9700
11019,,51.9235294117647059,882.7000
11018,,2177.7600000000000000,6533.2800
11017,,2144.7700000000000000,6434.3100
11016,,2332.2800000000000000,2332.2800
11015,,2500.9700000000000000,2500.9700
11014,,69.2250000000000000,138.4500
11013,,56.9800000000000000,113.9600
11012,,40.6300000000000000,81.2600
11011,,2711.0133333333333333,8133.0400
11010,,2696.0133333333333333,8088.0400
11009,,2697.1100000000000000,8091.3300
11008,,2702.1033333333333333,8106.3100
11007,,2737.0000000000000000,8211.0000
11006,,2706.3433333333333333,8119.0300
11005,,2707.1100000000000000,8121.3300
11004,,2732.0033333333333333,8196.0100
11003,,2713.0966666666666667,8139.2900
11002,,2704.6800000000000000,8114.0400
11001,,2127.9600000000000000,6383.8800
11000,,2749.6633333333333333,8248.9900
